listing_id,address,city,state,zip_code,latitude,longitude,property_type,beds,baths,sqft,year_built,list_price_usd,list_status,listed_at
LIST-000001,8938 Forest Dr,Chicago,IL,83563,41.872521,-87.582552,single-family,2,2,1971,1911,325000,sold,2024-05-21
LIST-000002,6234 Cedar Way,Seattle,WA,54118,47.687137,-122.461067,condo,1,1,1058,1943,315000,active,2025-12-15
LIST-000003,1149 Oak Dr,Miami,FL,85674,25.823175,-80.373728,condo,0,1,825,2006,325000,sold,2025-02-05
LIST-000004,4384 Spring Ave,Miami,FL,56566,25.899071,-80.387633,townhouse,3,2,2050,1958,685000,pending,2025-02-12
LIST-000005,535 Autumn Way,Chicago,IL,17331,41.865915,-87.753863,single-family,5,4,2955,1971,620000,pending,2025-12-18
LIST-000006,4050 Summer Ln,Seattle,WA,28726,47.655726,-122.376711,condo,2,3,1071,1963,365000,withdrawn,2025-04-22
LIST-000007,6314 River Pl,Austin,TX,65333,30.139622,-97.828629,single-family,3,2,2256,1914,400000,active,2025-10-11
LIST-000008,4325 Madison Blvd,Denver,CO,30730,39.881509,-105.211788,single-family,2,1,2200,1998,720000,active,2025-04-03
LIST-000009,8015 Maple Ave,Denver,CO,10074,39.687347,-105.057987,townhouse,4,4,2088,1969,700000,withdrawn,2026-04-14
LIST-000010,8737 Winter Blvd,New York,NY,73699,40.816441,-74.248665,single-family,2,2,2933,2012,1635000,active,2025-11-20
LIST-000011,6128 Sunset Pl,San Francisco,CA,62296,37.627169,-122.479873,single-family,6,5,3445,1996,2225000,active,2024-12-29
LIST-000012,5423 Pine Dr,San Francisco,CA,18834,37.718783,-122.304495,condo,1,1,946,1900,300000,sold,2024-10-25
LIST-000013,897 Market Ave,Los Angeles,CA,63883,33.900026,-118.289917,condo,3,4,797,1912,200000,sold,2025-03-26
LIST-000014,1245 Sunset Ave,San Francisco,CA,70637,37.834972,-122.650375,single-family,3,3,2203,1968,1140000,sold,2024-12-03
LIST-000015,4355 Autumn Pl,San Francisco,CA,10282,37.890757,-122.663633,multi-family,5,5,2437,2010,1420000,active,2025-02-19
LIST-000016,5148 Oak St,Los Angeles,CA,81066,34.029232,-118.468882,condo,3,4,1290,1937,385000,active,2025-11-23
LIST-000017,9750 Oak Ave,Chicago,IL,84668,41.97417,-87.801156,single-family,6,6,2234,1908,450000,active,2024-08-02
LIST-000018,1198 Maple Pl,Seattle,WA,49321,47.435891,-122.368508,townhouse,2,1,1578,1930,440000,active,2025-09-14
LIST-000019,4966 Washington St,Chicago,IL,67433,42.01483,-87.496413,single-family,6,5,2474,1908,545000,pending,2024-08-31
LIST-000020,3460 Spring Way,Austin,TX,45697,30.419744,-97.823843,single-family,3,2,2511,1914,630000,sold,2024-08-29
LIST-000021,7249 Jefferson Ct,Los Angeles,CA,44335,34.03646,-118.028046,single-family,2,2,1350,1905,310000,sold,2025-09-07
LIST-000022,5984 Autumn St,Chicago,IL,26704,41.948987,-87.664042,condo,1,1,678,2006,170000,sold,2025-03-30
LIST-000023,416 Elm Way,New York,NY,33206,40.713105,-73.869811,single-family,6,5,3084,2018,2035000,sold,2026-01-12
LIST-000024,7551 Lake Ln,Miami,FL,71694,25.692005,-80.332371,condo,1,2,1018,2000,405000,pending,2024-05-31
LIST-000025,462 Cedar Ln,Miami,FL,80282,25.797294,-79.961733,condo,3,4,1615,1935,430000,sold,2025-10-10
LIST-000026,9456 Walnut Ln,San Francisco,CA,25157,37.753461,-122.141165,single-family,5,4,920,1993,600000,sold,2025-06-02
LIST-000027,6701 Park Ct,San Francisco,CA,49363,37.627337,-122.442889,condo,1,2,1501,1942,760000,sold,2024-08-05
LIST-000028,4988 Valley Dr,Austin,TX,81819,30.327128,-97.561752,condo,3,3,1288,2015,335000,sold,2025-03-12
LIST-000029,5501 Pine Dr,Seattle,WA,47196,47.509527,-122.542247,single-family,5,5,1036,2022,515000,active,2024-07-05
LIST-000030,6301 Sunrise Ct,Austin,TX,92544,30.300742,-97.625763,single-family,3,2,2025,1978,645000,active,2025-03-18
LIST-000031,7622 Market Way,Los Angeles,CA,25906,34.234516,-118.236031,condo,0,1,1205,1989,510000,active,2024-11-10
LIST-000032,4060 Mission Ln,New York,NY,72216,40.551234,-74.188401,condo,3,3,1631,1970,745000,active,2026-03-01
LIST-000033,3515 Pine Ct,Miami,FL,60205,25.647984,-80.320871,single-family,2,1,2152,2014,835000,active,2024-10-27
LIST-000034,106 Lake Ln,Seattle,WA,85456,47.462989,-122.207872,single-family,5,4,2640,2015,1270000,withdrawn,2024-05-16
LIST-000035,7667 Birch St,Austin,TX,62994,30.466424,-97.812589,single-family,6,6,1622,1962,325000,pending,2025-10-10
LIST-000036,5365 Park Ct,New York,NY,52906,40.622728,-74.201287,single-family,5,5,2135,2010,1125000,active,2025-02-19
LIST-000037,518 Hill Dr,Los Angeles,CA,95426,33.858678,-118.118267,townhouse,3,3,1699,2021,735000,sold,2025-12-28
LIST-000038,1886 Winter Blvd,Miami,FL,89415,25.774467,-79.995184,single-family,2,2,1903,1959,655000,sold,2024-09-08
LIST-000039,9847 Autumn Ave,New York,NY,49529,40.785889,-73.990306,single-family,5,4,2472,1975,1285000,sold,2024-07-19
LIST-000040,5944 Mission Pl,Miami,FL,74251,25.925524,-80.14379,single-family,4,4,1956,1964,675000,active,2025-03-23
LIST-000041,4032 Pine Ln,Austin,TX,45179,30.252093,-97.914296,multi-family,6,4,3555,1961,900000,sold,2025-08-04
LIST-000042,5586 Ridge Ln,New York,NY,56507,40.604301,-73.973729,condo,3,4,751,1963,400000,active,2024-10-12
LIST-000043,3640 River Dr,Denver,CO,12260,39.797793,-104.79405,single-family,5,4,1681,1960,480000,sold,2026-01-06
LIST-000044,3165 Park Ave,Los Angeles,CA,40217,33.882862,-118.209035,single-family,5,4,1948,1945,760000,active,2024-11-12
LIST-000045,5922 Elm Ln,Austin,TX,35443,30.186561,-97.979626,single-family,5,4,1838,1967,505000,expired,2026-02-06
LIST-000046,210 Lincoln Ln,San Francisco,CA,74340,37.749854,-122.213576,multi-family,8,7,1500,1989,1030000,sold,2025-12-06
LIST-000047,4988 Pine Dr,Seattle,WA,29555,47.666113,-122.128985,single-family,5,5,2365,1909,705000,sold,2024-08-26
LIST-000048,5013 Lincoln St,San Francisco,CA,87139,37.620307,-122.573719,condo,1,1,827,1948,395000,sold,2026-02-28
LIST-000049,7709 Valley St,Chicago,IL,69048,42.061447,-87.713953,single-family,3,2,1912,1922,390000,active,2025-03-14
LIST-000050,8932 Hill Blvd,Los Angeles,CA,35928,33.997072,-118.462364,single-family,3,2,1803,2000,890000,sold,2026-01-15
LIST-000051,1327 Washington St,New York,NY,80776,40.897305,-73.888814,single-family,4,3,1473,1938,665000,withdrawn,2025-05-24
LIST-000052,7255 Ridge Blvd,New York,NY,32962,40.559326,-74.160451,single-family,3,3,2351,1997,1305000,active,2024-06-01
LIST-000053,6571 Winter St,New York,NY,74942,40.771207,-74.186407,multi-family,7,6,2609,1913,1135000,pending,2025-10-21
LIST-000054,3083 Madison Way,Seattle,WA,70552,47.55008,-122.164264,multi-family,7,5,3583,2005,1820000,sold,2025-06-26
LIST-000055,2604 Valley St,Chicago,IL,89806,41.72951,-87.553732,single-family,4,4,2678,1989,685000,active,2025-09-02
LIST-000056,4489 Forest Pl,Denver,CO,48254,39.80788,-104.994649,townhouse,3,3,1511,1982,505000,sold,2025-11-08
LIST-000057,52 Valley Ln,New York,NY,76550,40.607327,-74.052438,single-family,6,6,2416,2001,1470000,pending,2026-01-02
LIST-000058,3100 Spring Dr,Miami,FL,69682,25.669744,-80.352559,townhouse,3,2,1457,1944,400000,sold,2025-02-17
LIST-000059,9679 Park Ave,Chicago,IL,26547,41.895495,-87.77411,single-family,5,4,1431,2005,415000,active,2024-05-29
LIST-000060,6522 Mission Ave,New York,NY,44737,40.565333,-74.038007,single-family,3,2,2681,2011,1550000,active,2025-04-30
LIST-000061,7120 Cedar Ave,Miami,FL,39817,25.893578,-80.370303,single-family,4,3,2212,1908,495000,sold,2024-12-10
LIST-000062,2960 Elm Blvd,Seattle,WA,64008,47.760331,-122.490792,single-family,2,1,1983,1945,625000,active,2025-06-17
LIST-000063,8965 Elm Ave,San Francisco,CA,70981,37.621426,-122.601071,single-family,6,6,2195,1958,990000,active,2026-01-15
LIST-000064,6258 Lincoln Way,Seattle,WA,73335,47.493343,-122.434779,condo,3,3,1524,1958,620000,active,2025-02-23
LIST-000065,4699 Winter Dr,Chicago,IL,75107,41.815182,-87.340505,multi-family,7,6,4799,1999,1420000,active,2025-08-15
LIST-000066,5987 Summer Blvd,Chicago,IL,67779,41.790716,-87.765682,condo,1,1,1130,2015,335000,active,2026-01-03
LIST-000067,5559 Autumn Ave,San Francisco,CA,48684,37.772963,-122.574173,single-family,3,2,800,2006,405000,withdrawn,2025-05-10
LIST-000068,4305 Lincoln Ct,Seattle,WA,26199,47.607812,-122.423735,single-family,5,4,1844,1911,605000,active,2025-06-21
LIST-000069,1921 Birch St,Miami,FL,49608,25.931416,-80.039175,single-family,2,1,2465,1908,670000,sold,2025-10-27
LIST-000070,2541 Forest Ave,New York,NY,80804,40.588678,-73.998406,single-family,6,6,1884,1949,800000,sold,2025-11-29
LIST-000071,5886 Oak Ct,Miami,FL,81364,25.92562,-80.265118,single-family,4,4,800,2009,280000,expired,2025-02-10
LIST-000072,2073 Autumn Dr,Los Angeles,CA,53713,34.26254,-118.327936,condo,0,1,1356,1982,590000,expired,2024-06-09
LIST-000073,2868 Cedar St,San Francisco,CA,27038,37.827295,-122.179128,single-family,3,2,2261,1976,945000,sold,2024-08-21
LIST-000074,5941 Madison Ave,San Francisco,CA,18330,37.807136,-122.584999,condo,0,1,577,1906,195000,sold,2024-07-28
LIST-000075,7277 Pine Ave,Seattle,WA,74260,47.526727,-122.436161,condo,2,2,1203,1961,495000,sold,2024-07-23
LIST-000076,1884 Mission Dr,Los Angeles,CA,66387,34.113076,-118.169117,condo,2,3,1076,1976,435000,sold,2025-08-14
LIST-000077,1408 Pine Ct,Seattle,WA,72163,47.424319,-122.169835,condo,3,3,1361,1985,465000,expired,2025-10-16
LIST-000078,852 Valley Ln,San Francisco,CA,65435,37.848161,-122.646102,condo,2,2,1278,1952,590000,sold,2025-12-04
LIST-000079,9131 Maple Ln,Los Angeles,CA,66244,34.09192,-118.042684,condo,1,1,874,1914,305000,sold,2026-01-17
LIST-000080,512 Pine Dr,San Francisco,CA,19120,37.784071,-122.567902,townhouse,3,3,2112,1923,1095000,sold,2025-03-08
LIST-000081,7967 Washington Pl,Los Angeles,CA,68079,34.135557,-118.090728,single-family,4,4,2359,1996,1070000,sold,2024-11-28
LIST-000082,6485 Washington St,Seattle,WA,50425,47.501944,-122.34412,single-family,2,1,1866,1986,785000,sold,2025-10-01
LIST-000083,5812 Pine Ct,San Francisco,CA,40161,37.804722,-122.26758,single-family,4,3,2064,1995,1160000,active,2025-06-18
LIST-000084,5331 Elm Pl,New York,NY,25096,40.758802,-73.99882,townhouse,3,2,1743,1973,790000,sold,2024-12-11
LIST-000085,1261 Madison Ave,Miami,FL,53655,25.945423,-80.065676,townhouse,2,1,1286,1950,460000,sold,2024-10-20
LIST-000086,1244 Elm Pl,Denver,CO,30036,39.75547,-105.117527,single-family,3,3,1712,1913,315000,active,2025-08-11
LIST-000087,5776 Madison Ave,Seattle,WA,46002,47.457741,-122.452195,condo,2,2,980,1908,275000,sold,2026-01-09
LIST-000088,682 Sunset Dr,Los Angeles,CA,82655,34.194036,-118.179761,townhouse,2,2,1535,1978,645000,pending,2025-07-25
LIST-000089,2610 Lake Way,Los Angeles,CA,67595,34.142819,-118.091435,single-family,2,1,2350,1982,815000,active,2025-04-06
LIST-000090,4138 Summer Blvd,New York,NY,98916,40.734264,-74.188765,condo,0,1,1086,1982,490000,pending,2025-07-08
LIST-000091,8634 Pine Ct,Los Angeles,CA,26750,34.1606,-118.082627,single-family,5,5,929,1939,330000,sold,2025-01-11
LIST-000092,1667 Madison St,Denver,CO,48770,39.728207,-104.953427,multi-family,6,5,2139,1924,435000,active,2024-06-29
LIST-000093,3901 Sunset Ln,Austin,TX,63852,30.111726,-97.908001,condo,1,2,1351,2003,475000,sold,2024-06-03
LIST-000094,6266 Madison Ct,Austin,TX,70513,30.287208,-97.513397,single-family,5,5,1201,1947,315000,sold,2025-04-08
LIST-000095,2636 Ridge Pl,New York,NY,26341,40.777234,-74.260748,single-family,4,4,1328,1970,750000,sold,2025-06-05
LIST-000096,3872 River Ave,New York,NY,61964,40.632932,-73.962334,townhouse,2,1,1068,2013,535000,active,2024-06-11
LIST-000097,7695 Sunset St,Los Angeles,CA,28191,34.086498,-118.262918,townhouse,4,3,1755,1936,720000,sold,2026-02-05
LIST-000098,7499 Pine Ave,New York,NY,16258,40.719448,-73.965989,single-family,6,5,1784,1914,755000,active,2024-08-03
LIST-000099,5918 Pine St,Miami,FL,97584,25.606537,-80.23151,condo,1,1,1095,1945,285000,sold,2025-09-29
LIST-000100,9543 Summer Way,Seattle,WA,96127,47.504564,-122.504548,multi-family,6,4,3243,1902,840000,active,2024-11-04
LIST-000101,727 Autumn Dr,San Francisco,CA,14847,37.704303,-122.27578,condo,3,3,911,1917,310000,sold,2025-04-21
LIST-000102,793 Mission Way,New York,NY,56789,40.666166,-73.850827,single-family,6,5,2151,1932,685000,sold,2024-12-09
LIST-000103,6965 Pine Ct,Los Angeles,CA,44959,33.86643,-118.149919,single-family,5,4,1895,1988,790000,withdrawn,2025-06-08
LIST-000104,7282 Lake Pl,Chicago,IL,65851,41.682139,-87.707114,single-family,2,1,2427,1984,555000,sold,2025-11-09
LIST-000105,520 Birch Pl,San Francisco,CA,99051,37.648701,-122.206917,multi-family,6,4,5129,1909,2305000,sold,2025-06-03
LIST-000106,1269 Lincoln Blvd,San Francisco,CA,58760,37.785307,-122.492101,single-family,5,5,1917,1977,880000,sold,2025-02-13
LIST-000107,3525 Washington Ln,Denver,CO,44116,39.655362,-105.139496,single-family,2,2,2036,1949,625000,active,2025-12-23
LIST-000108,5246 Market Way,Austin,TX,99381,30.336511,-97.49517,single-family,2,1,1397,1922,365000,sold,2024-07-08
LIST-000109,9087 Lincoln Way,Austin,TX,74752,30.225293,-97.555892,single-family,3,3,2293,1915,600000,sold,2024-10-31
LIST-000110,9429 Pine Blvd,Seattle,WA,63843,47.759296,-122.09099,townhouse,2,1,1240,1950,520000,sold,2025-06-13
LIST-000111,917 Cedar Blvd,New York,NY,75911,40.541135,-73.932374,condo,2,3,1280,1975,520000,expired,2025-04-02
LIST-000112,4971 Washington Ave,Los Angeles,CA,45972,34.135328,-118.287314,single-family,6,5,1432,2008,515000,active,2025-07-02
LIST-000113,3463 Winter Ct,Denver,CO,85598,39.825534,-105.033446,single-family,6,5,2524,2005,925000,active,2025-09-11
LIST-000114,991 Elm Pl,Chicago,IL,69446,41.908143,-87.66361,single-family,4,3,1454,1931,340000,sold,2024-12-18
LIST-000115,7376 Hill Blvd,Seattle,WA,71141,47.523799,-122.140031,single-family,4,3,2413,1947,820000,active,2024-11-04
LIST-000116,2620 Sunrise Pl,San Francisco,CA,50988,37.684318,-122.317273,condo,1,1,1075,2015,560000,pending,2025-07-23
LIST-000117,4691 Jefferson St,Denver,CO,95755,39.86298,-104.966692,townhouse,4,3,1972,1945,395000,active,2025-08-08
LIST-000118,6339 Madison Pl,Miami,FL,82512,25.871026,-80.302319,condo,3,4,1056,1951,255000,sold,2025-02-06
LIST-000119,6586 Madison St,Miami,FL,36090,25.880539,-80.200859,condo,0,1,1338,1943,410000,pending,2024-08-21
LIST-000120,6448 Washington Ln,San Francisco,CA,90356,37.733345,-122.327954,single-family,5,5,2431,1977,1570000,active,2026-04-24
LIST-000121,446 Washington Pl,Chicago,IL,50327,41.71798,-87.642942,single-family,6,5,1991,1942,465000,expired,2025-07-28
LIST-000122,6239 Birch Dr,Los Angeles,CA,91230,34.231758,-118.282146,condo,1,1,1108,1974,435000,sold,2025-11-12
LIST-000123,8508 Walnut Way,San Francisco,CA,18163,37.943977,-122.242677,single-family,4,3,2633,1952,1315000,sold,2025-05-02
LIST-000124,4341 Washington Pl,New York,NY,99226,40.601394,-73.862357,multi-family,7,5,4197,1943,1820000,sold,2026-03-05
LIST-000125,9405 Market Ct,Los Angeles,CA,45842,33.94774,-118.291873,single-family,4,3,1843,1962,645000,pending,2026-04-26
LIST-000126,7859 Walnut Dr,New York,NY,67983,40.633184,-73.851726,condo,1,2,659,1936,325000,active,2026-04-18
LIST-000127,7749 Cedar Blvd,Miami,FL,64172,25.653216,-80.241268,single-family,2,2,2142,1967,610000,active,2024-07-17
LIST-000128,1475 Mission Dr,San Francisco,CA,47409,37.925678,-122.510485,single-family,5,4,2992,1983,1435000,expired,2025-01-05
LIST-000129,4752 Oak St,Denver,CO,74930,39.915759,-105.086813,townhouse,2,1,1883,2017,480000,sold,2026-01-03
LIST-000130,1855 Park Blvd,Los Angeles,CA,45761,34.20969,-118.335411,single-family,5,4,1848,2013,1010000,sold,2025-04-29
LIST-000131,1431 River Ave,Austin,TX,66059,30.231652,-97.948991,single-family,4,3,1180,1922,270000,sold,2025-03-11
LIST-000132,9396 Maple Ln,Los Angeles,CA,49576,34.014521,-118.152473,single-family,4,3,1682,1930,550000,active,2025-01-12
LIST-000133,4843 Lake Dr,Chicago,IL,25389,42.05146,-87.534,single-family,4,4,1512,2014,495000,sold,2025-10-19
LIST-000134,4064 Market Ave,Los Angeles,CA,97044,34.09924,-118.162173,condo,2,2,1298,1970,605000,sold,2026-01-13
LIST-000135,3375 Spring Pl,Denver,CO,78202,39.633456,-104.827818,townhouse,2,2,2110,1925,510000,active,2025-01-10
LIST-000136,6497 Ridge St,San Francisco,CA,50392,37.832901,-122.609279,single-family,6,5,959,1958,500000,sold,2025-10-05
LIST-000137,6897 Lake Ct,Austin,TX,27750,30.431588,-97.687427,single-family,2,2,2308,2019,715000,active,2024-09-17
LIST-000138,3658 Maple St,Seattle,WA,61518,47.451311,-122.109466,single-family,6,6,2009,1983,900000,active,2025-06-22
LIST-000139,6878 Washington St,New York,NY,24790,40.683227,-74.204384,single-family,5,5,2108,1935,740000,sold,2025-12-16
LIST-000140,934 Birch Ln,Los Angeles,CA,38477,34.003661,-118.282948,single-family,2,2,2653,1994,895000,sold,2025-06-24
LIST-000141,2879 Mission Ct,Los Angeles,CA,82970,33.860782,-118.363455,condo,2,3,1723,1966,580000,pending,2024-06-17
LIST-000142,8823 Sunrise Dr,Denver,CO,59343,39.711937,-104.937716,condo,3,3,486,1940,130000,sold,2024-12-19
LIST-000143,7379 Lake Ave,Miami,FL,94765,25.729166,-80.3241,condo,0,1,1475,1917,370000,active,2025-01-12
LIST-000144,7864 Walnut Way,Denver,CO,98008,39.933656,-104.905426,single-family,6,6,1946,2011,500000,sold,2025-07-31
LIST-000145,6246 Sunset Way,Los Angeles,CA,52154,34.103236,-117.991953,single-family,2,1,2894,1990,1055000,withdrawn,2025-07-03
LIST-000146,2400 Maple Ln,Los Angeles,CA,83731,34.152279,-118.353179,single-family,5,4,1626,2017,645000,pending,2024-06-05
LIST-000147,8015 Summer Pl,Denver,CO,54245,39.70696,-105.210175,single-family,3,2,2197,1931,525000,sold,2025-10-14
LIST-000148,1227 Market St,Seattle,WA,17698,47.490754,-122.103077,single-family,6,5,2873,1923,1050000,sold,2025-09-11
LIST-000149,267 Maple Ct,Miami,FL,73334,25.841142,-80.326003,single-family,3,3,2229,1907,600000,sold,2025-08-22
LIST-000150,1588 Madison Blvd,San Francisco,CA,33496,37.749528,-122.214573,multi-family,4,2,4065,2004,2655000,sold,2026-04-30
LIST-000151,1330 Mission St,Los Angeles,CA,99658,34.049506,-118.029717,single-family,5,5,1672,1972,580000,sold,2024-12-19
LIST-000152,1572 Madison St,San Francisco,CA,53420,37.643731,-122.476451,single-family,2,2,2538,1910,1060000,sold,2025-12-31
LIST-000153,3404 Lincoln Blvd,Los Angeles,CA,51220,33.976354,-118.484988,condo,2,3,1710,2015,795000,sold,2024-09-17
LIST-000154,2302 Autumn Ave,Austin,TX,80852,30.114579,-97.6118,single-family,3,3,2715,1972,840000,pending,2026-03-28
LIST-000155,7391 Sunrise Dr,Denver,CO,93115,39.948982,-104.894599,single-family,2,1,1446,1976,390000,sold,2024-05-24
LIST-000156,6235 Spring Blvd,Los Angeles,CA,20752,33.853431,-118.134193,condo,3,4,845,1979,310000,active,2024-06-27
LIST-000157,1702 Maple Ave,Austin,TX,82710,30.366585,-97.652032,single-family,4,3,1796,1916,310000,sold,2025-07-07
LIST-000158,3987 Lincoln Blvd,Los Angeles,CA,83339,33.996122,-118.291616,single-family,5,5,2466,1937,820000,sold,2025-11-15
LIST-000159,8133 Washington Dr,Austin,TX,42321,30.256203,-97.636496,single-family,3,3,2339,1938,545000,active,2024-11-12
LIST-000160,2240 Valley Way,Seattle,WA,95332,47.689028,-122.326873,single-family,6,5,2518,2002,1205000,sold,2025-03-31
LIST-000161,6447 Lake Ave,Chicago,IL,59290,41.691929,-87.596631,single-family,5,4,1861,1962,530000,sold,2025-01-09
LIST-000162,1143 Autumn Ct,New York,NY,67469,40.813459,-74.008282,single-family,6,6,2993,2021,1840000,withdrawn,2024-10-10
LIST-000163,5900 Spring Ave,Austin,TX,64827,30.239817,-97.651125,single-family,3,2,2157,1976,580000,sold,2025-05-29
LIST-000164,7062 Cedar St,San Francisco,CA,53463,37.717593,-122.541457,single-family,6,6,1871,1972,1230000,sold,2025-03-07
LIST-000165,6825 Pine Ave,San Francisco,CA,73277,37.772802,-122.55363,condo,1,1,699,1975,410000,active,2024-05-20
LIST-000166,4929 Oak Ave,Miami,FL,69303,25.650221,-80.017611,single-family,3,2,2752,1944,815000,sold,2025-10-24
LIST-000167,7090 River St,San Francisco,CA,92543,37.876883,-122.31353,condo,1,1,845,1954,515000,active,2025-03-11
LIST-000168,8806 Elm Way,Austin,TX,18200,30.066083,-97.666751,single-family,2,2,1927,1926,385000,sold,2026-01-09
LIST-000169,4883 Washington Ave,Los Angeles,CA,90918,34.040387,-118.060376,townhouse,4,3,1249,1975,410000,pending,2025-04-21
LIST-000170,7983 Mission Blvd,Austin,TX,60293,30.276242,-97.59754,single-family,4,4,1627,1965,400000,sold,2025-07-21
LIST-000171,6713 Market Pl,Denver,CO,76248,39.839432,-104.832139,single-family,5,5,3080,1962,695000,sold,2025-07-11
LIST-000172,9277 Summer Pl,Seattle,WA,32047,47.400311,-122.310381,single-family,2,2,994,1937,250000,active,2024-12-11
LIST-000173,4887 Oak Pl,Denver,CO,95678,39.796293,-104.925497,condo,2,2,1121,1956,300000,expired,2024-07-19
LIST-000174,2729 Washington Blvd,Los Angeles,CA,89988,34.230869,-118.112514,townhouse,2,2,1024,1926,385000,sold,2025-01-28
LIST-000175,1570 Birch Ct,Miami,FL,77425,25.831041,-80.403815,condo,2,2,1509,1937,395000,active,2026-02-26
LIST-000176,2339 Lincoln Ln,New York,NY,98635,40.863337,-74.225509,single-family,3,3,3553,1918,1490000,sold,2025-12-13
LIST-000177,1536 Summer Pl,Chicago,IL,86278,,,condo,0,1,1099,2012,285000,expired,2025-01-10
LIST-000178,9478 Birch Pl,Chicago,IL,47171,41.988747,-87.834052,condo,3,4,637,1954,165000,sold,2025-01-06
LIST-000179,2171 Mission Ln,Miami,FL,36518,25.778081,-80.427575,single-family,5,5,2941,1956,900000,expired,2025-03-29
LIST-000180,3846 Forest Ave,San Francisco,CA,91999,37.742197,-122.147337,condo,2,3,1516,1985,1010000,active,2025-03-04
LIST-000181,3761 River Ave,Austin,TX,27324,30.259855,-97.741852,single-family,3,2,3023,2004,745000,sold,2025-10-22
LIST-000182,8701 Lincoln St,Austin,TX,98753,30.23926,-97.666167,townhouse,2,1,1735,1999,585000,sold,2025-09-11
LIST-000183,6301 Lake Ct,Chicago,IL,26142,41.82392,-87.531201,single-family,3,2,1616,1927,265000,active,2025-12-06
LIST-000184,3376 Madison Dr,Los Angeles,CA,96298,34.037998,-118.143505,single-family,6,5,1667,1999,870000,active,2026-02-17
LIST-000185,2172 River Ct,Austin,TX,57329,30.382514,-97.69544,townhouse,2,1,1476,1981,425000,sold,2024-05-10
LIST-000186,6530 Madison Ln,Los Angeles,CA,17925,34.067067,-118.46763,multi-family,4,4,3590,1975,1150000,active,2024-05-31
LIST-000187,6411 Lincoln Ave,Chicago,IL,30365,41.740656,-87.521306,condo,0,1,932,1910,160000,sold,2024-10-05
LIST-000188,2887 Cedar St,Los Angeles,CA,17212,34.194838,-118.295566,single-family,3,3,2019,2018,900000,sold,2025-08-16
LIST-000189,1944 Winter St,Austin,TX,45227,30.364413,-97.555924,multi-family,8,6,3462,1921,715000,sold,2026-03-10
LIST-000190,2587 Ridge Ave,Los Angeles,CA,84302,33.90628,-118.270296,single-family,6,6,1162,1963,435000,pending,2025-05-24
LIST-000191,6880 Hill Way,New York,NY,14635,40.851255,-73.844281,condo,0,1,1246,1960,525000,withdrawn,2024-09-17
LIST-000192,6578 Pine Pl,Los Angeles,CA,77603,33.960507,-118.008264,condo,2,3,929,1986,455000,active,2026-01-15
LIST-000193,8093 Winter Dr,New York,NY,58270,40.639073,-73.763444,single-family,5,5,1761,2000,830000,sold,2025-04-26
LIST-000194,33 Winter Ct,Austin,TX,11257,30.314632,-97.927901,single-family,5,5,2465,1929,570000,sold,2025-10-21
LIST-000195,8525 Forest Way,Miami,FL,40339,25.914235,-80.062206,single-family,3,2,1889,1918,555000,active,2026-04-16
LIST-000196,5171 Autumn Ct,Seattle,WA,41034,47.435972,-122.472499,single-family,5,5,2110,1975,815000,sold,2024-08-10
LIST-000197,8790 Lake Dr,Austin,TX,51160,30.187105,-97.539616,single-family,2,2,2775,1913,495000,active,2025-04-27
LIST-000198,6502 Madison St,Seattle,WA,42534,47.698237,-122.513954,single-family,4,4,2876,1927,1035000,pending,2024-07-10
LIST-000199,3651 Birch Dr,Austin,TX,25919,30.381883,-97.750887,single-family,5,4,1388,1912,285000,sold,2024-08-17
LIST-000200,2120 Pine Way,Miami,FL,94670,25.667822,-80.30322,condo,2,2,969,1909,190000,active,2026-04-01
LIST-000201,2445 Oak Dr,San Francisco,CA,46042,37.982556,-122.332874,townhouse,3,2,1307,1954,555000,active,2024-09-23
LIST-000202,8917 Autumn St,Chicago,IL,78919,41.995949,-87.773317,single-family,2,1,2114,1949,390000,active,2026-03-19
LIST-000203,4612 Oak Pl,New York,NY,38707,40.58671,-73.80262,single-family,5,4,2704,1949,1050000,active,2025-08-07
LIST-000204,3604 Lincoln Ct,Denver,CO,17328,39.936428,-104.990935,multi-family,4,4,2707,1984,695000,sold,2026-01-05
LIST-000205,9235 Walnut Pl,Los Angeles,CA,84403,34.16841,-118.449472,single-family,6,5,2420,2016,1155000,sold,2025-01-29
LIST-000206,2147 Park Blvd,Denver,CO,90495,39.830896,-104.961304,single-family,6,6,1229,1902,260000,active,2026-04-13
LIST-000207,1665 Park Ln,New York,NY,96787,40.620486,-73.761646,single-family,6,6,2277,2010,1145000,active,2025-10-30
LIST-000208,3667 Market Blvd,Los Angeles,CA,90440,34.02758,-118.510588,single-family,5,4,952,1922,340000,sold,2026-03-22
LIST-000209,9275 Cedar Pl,Los Angeles,CA,90134,33.998929,-118.019858,single-family,2,1,2709,1972,840000,sold,2026-04-16
LIST-000210,5510 Sunset St,San Francisco,CA,93768,37.789552,-122.174099,multi-family,5,3,2092,2013,1565000,sold,2025-10-03
LIST-000211,6159 Cedar Pl,Los Angeles,CA,59638,34.154655,-118.18759,single-family,2,2,2715,1953,1220000,sold,2025-05-18
LIST-000212,1225 Park Blvd,Miami,FL,44226,25.770565,-80.381681,single-family,5,5,2291,2002,975000,active,2025-01-03
LIST-000213,7123 Elm St,New York,NY,31626,40.793297,-73.951887,townhouse,2,1,1241,1961,615000,sold,2025-09-20
LIST-000214,2526 Oak Way,San Francisco,CA,82045,37.812499,-122.29929,condo,2,2,869,1938,360000,active,2025-07-19
LIST-000215,7725 Sunrise Ln,San Francisco,CA,50416,37.804756,-122.494819,condo,3,4,1281,1937,735000,sold,2024-07-29
LIST-000216,9254 Oak Blvd,San Francisco,CA,39654,37.840995,-122.226562,townhouse,3,3,1739,1957,695000,sold,2024-11-21
LIST-000217,7789 Lincoln Dr,Austin,TX,64870,30.425164,-97.633836,single-family,6,5,2887,1970,610000,pending,2025-06-10
LIST-000218,2077 Oak Ct,Seattle,WA,37772,47.658041,-122.385939,condo,1,2,1026,1996,400000,withdrawn,2024-09-07
LIST-000219,4535 Madison Pl,San Francisco,CA,62082,37.830285,-122.194556,condo,1,1,1067,2017,760000,active,2025-07-07
LIST-000220,9229 Winter Ave,New York,NY,23133,40.705123,-74.037449,condo,3,4,1758,1919,565000,sold,2025-12-11
LIST-000221,6591 Oak Ct,Miami,FL,91034,25.914739,-80.351101,townhouse,3,2,1406,1960,350000,active,2024-08-20
LIST-000222,1619 Hill Blvd,New York,NY,46745,40.72291,-73.835443,condo,2,2,777,1902,255000,sold,2024-12-28
LIST-000223,8452 Autumn Blvd,Los Angeles,CA,59009,34.081416,-118.475464,single-family,5,5,2257,2005,955000,sold,2025-06-06
LIST-000224,5914 Spring Dr,San Francisco,CA,14334,37.619076,-122.282479,condo,0,1,1291,2012,915000,sold,2024-11-10
LIST-000225,2689 Ridge Ave,Los Angeles,CA,82264,33.84792,-118.251644,condo,0,1,1117,1957,355000,sold,2025-07-30
LIST-000226,155 Sunrise Blvd,Los Angeles,CA,63674,34.125061,-118.099367,condo,1,1,1447,1982,515000,active,2025-09-19
LIST-000227,6516 Lincoln Ave,Chicago,IL,98761,42.052478,-87.617334,single-family,4,3,1582,1944,335000,active,2024-12-21
LIST-000228,4546 Ridge Ln,San Francisco,CA,46239,37.995087,-122.478943,townhouse,4,3,1879,1938,960000,sold,2025-01-17
LIST-000229,6638 River St,Los Angeles,CA,44003,34.062065,-118.048549,single-family,6,5,1616,1992,535000,sold,2024-12-16
LIST-000230,9156 Elm Ln,Chicago,IL,32280,41.968625,-87.905914,single-family,3,2,1332,2016,450000,pending,2024-12-20
LIST-000231,5438 Lake Ln,San Francisco,CA,65112,37.770523,-122.317629,condo,1,1,1453,1928,610000,sold,2024-12-25
LIST-000232,4898 Forest St,Chicago,IL,99220,41.991361,-87.490892,single-family,6,6,1584,1960,435000,sold,2026-03-05
LIST-000233,960 Maple Pl,New York,NY,33176,40.800154,-74.011545,single-family,6,5,2842,1923,1250000,sold,2025-09-03
LIST-000234,7831 River St,Los Angeles,CA,66283,34.14837,-118.036876,condo,3,3,1568,1999,550000,sold,2025-09-05
LIST-000235,6294 Madison Ln,San Francisco,CA,50906,37.704635,-122.328358,single-family,4,4,2154,1993,1100000,sold,2025-01-23
LIST-000236,3097 Elm Ct,San Francisco,CA,74248,37.713928,-122.172541,single-family,6,5,2106,1955,1255000,expired,2025-01-22
LIST-000237,9740 Oak Ave,San Francisco,CA,80088,37.881091,-122.432202,single-family,2,2,2776,2001,1290000,sold,2024-11-15
LIST-000238,4943 Forest Ave,Chicago,IL,99881,41.866404,-87.669292,single-family,5,5,2760,1970,590000,sold,2024-10-07
LIST-000239,5874 Spring Ct,Austin,TX,78569,30.175018,-97.826572,single-family,2,2,1885,1963,420000,active,2024-11-21
LIST-000240,8105 Birch Ave,Los Angeles,CA,24474,34.007503,-118.242464,single-family,5,4,3129,1930,810000,sold,2026-04-05
LIST-000241,5911 Autumn Way,Miami,FL,15170,25.751503,-80.259367,townhouse,4,4,900,1933,250000,active,2024-09-13
LIST-000242,4405 Summer Ave,Seattle,WA,67372,47.651753,-122.42358,townhouse,2,2,1995,1984,825000,pending,2026-03-26
LIST-000243,970 Elm Ave,Los Angeles,CA,31860,34.151741,-118.139337,single-family,5,4,2570,1961,1115000,sold,2026-01-09
LIST-000244,8007 Cedar Ct,Seattle,WA,27125,47.662031,-122.575133,condo,1,1,705,1999,265000,active,2025-10-14
LIST-000245,4082 Sunrise Way,Seattle,WA,22483,47.574332,-122.401625,single-family,6,6,2984,1943,1000000,sold,2025-08-24
LIST-000246,1236 Winter Pl,Austin,TX,74990,30.374453,-97.575183,condo,0,1,1038,2019,270000,sold,2026-02-21
LIST-000247,1954 Sunrise St,Los Angeles,CA,75333,34.029399,-118.08977,single-family,6,5,1739,1958,635000,sold,2024-07-08
LIST-000248,5963 Oak Dr,San Francisco,CA,69796,37.639493,-122.483679,single-family,2,1,2350,2013,1450000,active,2025-10-04
LIST-000249,6135 Spring Ave,Miami,FL,48270,25.775872,-80.335027,condo,2,2,1481,1928,315000,pending,2025-09-05
LIST-000250,3132 Spring Way,San Francisco,CA,61497,37.832868,-122.330239,condo,3,4,1432,1978,675000,active,2026-02-21
LIST-000251,805 Jefferson Ct,San Francisco,CA,10568,37.904761,-122.501007,townhouse,4,4,1760,1984,1025000,sold,2025-05-23
LIST-000252,5283 Madison Ct,Miami,FL,88714,25.605398,-80.200895,townhouse,2,2,1266,1993,515000,active,2025-09-23
LIST-000253,8985 Park Dr,Seattle,WA,77147,47.544089,-122.575968,single-family,5,4,2747,1917,680000,sold,2026-03-20
LIST-000254,9222 Sunrise Ct,Los Angeles,CA,25126,34.007321,-118.035879,single-family,3,3,1978,1964,775000,sold,2025-11-03
LIST-000255,4115 Birch St,Austin,TX,31094,30.059075,-97.795222,townhouse,3,3,1610,1918,275000,active,2024-11-24
LIST-000256,9205 River Dr,Austin,TX,39400,30.269963,-97.884733,single-family,5,5,2080,1978,665000,sold,2026-03-03
LIST-000257,3337 Washington Pl,Denver,CO,11699,39.67244,-105.236919,condo,0,1,528,2024,190000,expired,2024-06-11
LIST-000258,2857 Summer Ave,Miami,FL,19760,25.701228,-80.420921,condo,1,1,1588,2023,535000,sold,2025-10-13
LIST-000259,4944 Sunrise Way,Los Angeles,CA,88234,33.913991,-118.305656,single-family,6,5,2771,2019,1075000,active,2025-01-06
LIST-000260,3634 Walnut Way,San Francisco,CA,62876,37.587839,-122.457486,multi-family,8,8,3231,2000,1915000,sold,2025-06-22
LIST-000261,4004 Oak Way,Los Angeles,CA,94182,34.168333,-118.288943,condo,3,3,1477,1901,355000,pending,2024-11-03
LIST-000262,728 Valley Dr,Seattle,WA,76680,47.758299,-122.137273,single-family,4,4,800,2016,345000,sold,2025-06-04
LIST-000263,3378 Jefferson Ct,Los Angeles,CA,65601,34.105435,-118.199467,multi-family,8,6,3494,1985,1535000,active,2025-10-15
LIST-000264,9430 Hill Ln,Chicago,IL,43018,41.873835,-87.922982,single-family,5,4,2110,1904,310000,active,2026-01-07
LIST-000265,8248 Cedar Ln,Seattle,WA,19514,47.481379,-122.205343,single-family,5,5,1261,1979,380000,sold,2024-06-05
LIST-000266,6416 Autumn Ln,Miami,FL,38818,25.867521,-80.120803,condo,3,4,1006,2005,400000,sold,2025-06-19
LIST-000267,8810 Jefferson Ave,New York,NY,85067,40.675088,-74.107218,townhouse,4,3,1757,2011,970000,active,2024-05-04
LIST-000268,9304 Oak Pl,Los Angeles,CA,35470,34.212332,-118.377645,single-family,5,5,2076,1920,570000,sold,2024-11-13
LIST-000269,5216 Sunrise Pl,Chicago,IL,19149,41.849322,-87.701904,single-family,3,2,2638,1985,715000,active,2025-08-25
LIST-000270,3639 Spring Ct,Los Angeles,CA,51053,33.988583,-118.450661,single-family,6,5,1930,2003,775000,sold,2024-05-04
LIST-000271,2303 Jefferson Dr,Los Angeles,CA,20744,33.994381,-118.390991,single-family,5,4,1124,1962,440000,active,2025-08-15
LIST-000272,9047 Ridge Pl,Los Angeles,CA,37886,34.240236,-118.125423,single-family,2,2,2448,2004,1120000,sold,2025-08-02
LIST-000273,2727 Winter Blvd,Chicago,IL,41310,41.810335,-87.556884,townhouse,4,3,2014,1911,365000,sold,2025-09-27
LIST-000274,4341 Lake Dr,Seattle,WA,73916,47.696621,-122.376879,condo,1,1,1363,1961,585000,active,2025-12-13
LIST-000275,4324 Lincoln Blvd,San Francisco,CA,93042,37.860579,-122.490383,single-family,5,4,2225,1983,1140000,sold,2025-06-09
LIST-000276,5663 Sunrise Pl,Los Angeles,CA,56255,33.934133,-118.331246,townhouse,2,1,1622,1948,715000,active,2025-03-12
LIST-000277,6803 Autumn Way,New York,NY,25509,40.726295,-74.022295,single-family,3,3,1614,1919,530000,pending,2025-11-09
LIST-000278,8409 Oak Blvd,Austin,TX,31119,30.112296,-97.719084,single-family,3,2,2055,1902,365000,active,2025-08-04
LIST-000279,7733 Sunrise Blvd,San Francisco,CA,38389,37.823609,-122.288361,multi-family,8,6,2134,1993,1325000,active,2024-07-06
LIST-000280,1137 Hill Ct,Los Angeles,CA,69437,34.142303,-118.107585,condo,1,1,631,1965,215000,sold,2025-01-22
LIST-000281,1935 Pine Pl,Seattle,WA,79655,47.628089,-122.226927,townhouse,4,3,1952,1922,585000,sold,2024-05-31
LIST-000282,7909 Autumn Ct,Chicago,IL,40079,41.670681,-87.699996,single-family,5,4,1374,1947,355000,sold,2025-03-30
LIST-000283,6705 Ridge Dr,Los Angeles,CA,88419,34.221307,-118.377114,townhouse,4,4,1426,1998,540000,sold,2024-12-07
LIST-000284,2545 Forest Ln,San Francisco,CA,63588,37.968929,-122.40842,single-family,6,6,2307,1948,1215000,sold,2025-01-01
LIST-000285,9474 Lake Ct,Los Angeles,CA,43263,33.900719,-118.322369,condo,3,3,651,1961,210000,sold,2025-05-11
LIST-000286,862 Elm Ct,Austin,TX,54359,30.154819,-97.946106,condo,3,3,1372,2021,365000,active,2025-03-08
LIST-000287,8546 Valley St,New York,NY,62513,40.726572,-73.994295,single-family,6,5,2498,1947,865000,active,2025-02-23
LIST-000288,600 Lake Dr,New York,NY,40365,40.583067,-74.213663,single-family,3,2,2346,1924,720000,sold,2025-06-05
LIST-000289,9170 Lincoln Way,Chicago,IL,21818,42.068262,-87.474738,single-family,5,4,1804,1925,365000,sold,2024-06-23
LIST-000290,8253 Valley Way,Los Angeles,CA,23954,34.082381,-118.000932,multi-family,7,6,2485,1973,760000,active,2025-05-29
LIST-000291,9624 Maple Pl,New York,NY,70142,40.907198,-74.077532,townhouse,4,3,1342,1972,630000,active,2025-01-19
LIST-000292,1533 River Way,San Francisco,CA,44517,37.73582,-122.474539,multi-family,5,4,1500,1952,905000,sold,2024-05-08
LIST-000293,4358 Walnut Dr,San Francisco,CA,40783,37.559892,-122.379038,single-family,6,5,2507,2019,1870000,sold,2024-10-03
LIST-000294,8881 Oak Pl,Los Angeles,CA,90455,33.969483,-118.33581,single-family,2,2,3006,2017,1110000,expired,2025-05-18
LIST-000295,8623 Autumn Ct,Los Angeles,CA,85584,34.153649,-118.334889,townhouse,4,3,900,2017,415000,pending,2025-12-04
LIST-000296,3462 River Ave,Seattle,WA,11103,47.440596,-122.33592,single-family,3,2,2199,2024,795000,sold,2025-01-01
LIST-000297,6573 Ridge Pl,Los Angeles,CA,58799,34.04146,-118.0313,single-family,3,2,1286,1946,395000,sold,2025-03-22
LIST-000298,2460 Sunrise St,San Francisco,CA,35698,37.702437,-122.466761,single-family,2,1,2248,2002,1170000,sold,2025-02-20
LIST-000299,4176 Sunrise Ave,San Francisco,CA,31409,37.934032,-122.425016,townhouse,4,3,1774,1971,1105000,active,2024-07-16
LIST-000300,8831 Elm Ln,Seattle,WA,36077,47.522544,-122.183948,condo,2,3,852,1952,240000,sold,2025-08-14
LIST-000301,9375 River Ave,Los Angeles,CA,54222,33.867977,-118.226192,condo,0,1,1003,1918,375000,sold,2026-04-22
LIST-000302,8545 Sunset Ct,San Francisco,CA,57600,37.723624,-122.26548,condo,2,2,1512,1950,665000,sold,2026-03-02
LIST-000303,6514 Madison Ave,San Francisco,CA,17055,37.922055,-122.233134,single-family,4,4,2247,1912,755000,sold,2025-06-30
LIST-000304,2805 Maple St,San Francisco,CA,26569,37.927701,-122.3062,townhouse,3,2,2090,1929,840000,active,2025-08-30
LIST-000305,9250 Forest Ln,Austin,TX,69840,30.172121,-97.52772,single-family,6,5,1791,2021,615000,active,2025-08-08
LIST-000306,2243 Lake Ln,New York,NY,78592,40.735185,-73.80191,single-family,4,3,2002,1952,780000,pending,2024-05-01
LIST-000307,9194 Forest Ct,Seattle,WA,58974,47.624328,-122.346425,townhouse,3,2,2123,1937,720000,sold,2025-06-30
LIST-000308,4464 Valley Ln,Los Angeles,CA,90375,33.936419,-118.42619,condo,1,2,1118,1954,435000,sold,2026-01-12
LIST-000309,1685 Valley Ln,Seattle,WA,12900,47.691935,-122.050905,single-family,5,4,1983,1924,555000,active,2025-06-20
LIST-000310,7607 Spring St,San Francisco,CA,75325,37.92383,-122.409679,single-family,2,1,2929,1927,1225000,pending,2026-01-11
LIST-000311,4088 River Pl,Los Angeles,CA,11653,34.249583,-118.318395,single-family,5,5,1734,2014,915000,sold,2026-02-03
LIST-000312,701 Summer Ave,Los Angeles,CA,52344,34.122708,-117.986309,condo,0,1,1049,2025,425000,pending,2024-12-29
LIST-000313,3992 Maple St,Los Angeles,CA,86637,34.109185,-118.037658,townhouse,4,4,1989,1955,680000,active,2024-12-01
LIST-000314,5834 Mission Blvd,Chicago,IL,91937,41.807452,-87.862612,single-family,2,2,2026,1920,400000,sold,2025-01-18
LIST-000315,656 Sunrise Pl,Austin,TX,27659,30.408145,-97.578204,single-family,6,5,2320,1924,400000,pending,2025-11-14
LIST-000316,8712 Birch Pl,Denver,CO,82682,39.573597,-104.976876,condo,2,3,797,1959,190000,sold,2026-04-11
LIST-000317,8840 River Dr,Los Angeles,CA,52034,33.974621,-118.140293,single-family,6,5,1972,1979,930000,sold,2024-11-02
LIST-000318,2136 Elm St,Denver,CO,15737,39.588567,-105.055952,condo,2,2,481,1941,95000,sold,2024-06-21
LIST-000319,3429 Mission Pl,Los Angeles,CA,19289,34.179862,-118.133585,condo,3,3,639,1932,170000,active,2025-11-09
LIST-000320,4365 Madison St,New York,NY,17641,40.511477,-73.951969,condo,2,2,1024,2020,670000,sold,2026-01-07
LIST-000321,2941 Jefferson Ct,Austin,TX,84714,30.448762,-97.631058,single-family,6,6,2449,1949,515000,sold,2024-11-10
LIST-000322,8757 Washington Pl,Austin,TX,54238,30.09242,-97.848728,condo,3,3,1229,1921,305000,sold,2025-05-28
LIST-000323,9025 Summer Ln,New York,NY,38039,40.509344,-74.093365,multi-family,6,5,3275,1992,1525000,active,2025-06-28
LIST-000324,3645 Walnut Way,Los Angeles,CA,49562,34.198888,-118.289366,single-family,2,1,1465,1976,455000,active,2026-03-23
LIST-000325,4930 Pine Ct,San Francisco,CA,42749,37.699397,-122.659422,single-family,6,6,2652,1919,960000,pending,2025-07-27
LIST-000326,4931 Oak Ct,Chicago,IL,22499,41.971008,-87.564031,single-family,5,5,2472,1962,665000,sold,2025-07-22
LIST-000327,6276 Oak Ln,San Francisco,CA,11498,37.781875,-122.486203,single-family,5,4,2375,1998,1215000,sold,2025-08-11
LIST-000328,1485 Hill Ct,Denver,CO,88005,39.622369,-105.055949,single-family,3,3,1970,1906,455000,expired,2025-04-12
LIST-000329,3255 Sunrise Ct,Los Angeles,CA,27677,34.147589,-118.117669,single-family,6,6,1652,1951,605000,sold,2024-08-10
LIST-000330,6786 Forest Way,Chicago,IL,85499,41.803701,-87.719012,condo,1,2,1030,1934,240000,pending,2026-04-18
LIST-000331,6134 Birch Ave,Los Angeles,CA,40603,33.9462,-118.329333,single-family,4,4,2927,2002,1250000,active,2024-06-04
LIST-000332,3434 Summer Dr,San Francisco,CA,71759,37.824814,-122.440384,townhouse,3,3,1657,1943,870000,active,2025-04-15
LIST-000333,4454 Oak Pl,Los Angeles,CA,36305,34.043341,-118.047351,single-family,3,3,1168,1967,355000,active,2024-12-07
LIST-000334,8341 Spring Ave,Chicago,IL,40299,41.862369,-87.612017,single-family,4,4,3013,1902,495000,sold,2025-02-25
LIST-000335,2582 Maple Way,New York,NY,74216,40.584294,-74.124526,single-family,3,2,1220,1905,385000,sold,2025-01-15
LIST-000336,4600 Hill Blvd,Austin,TX,13862,30.223848,-97.59597,multi-family,8,7,2729,2003,645000,active,2025-02-25
LIST-000337,2280 Lincoln Dr,Los Angeles,CA,27271,34.144041,-118.114308,condo,1,1,816,1939,335000,pending,2025-06-26
LIST-000338,5211 Pine Ave,New York,NY,84035,40.677974,-74.164652,single-family,3,2,1820,2016,1215000,active,2026-04-25
LIST-000339,3089 Cedar Blvd,Los Angeles,CA,45887,34.178145,-118.046394,single-family,4,3,2595,1995,1335000,sold,2026-04-25
LIST-000340,7818 Birch Pl,Los Angeles,CA,20417,33.902241,-118.397267,single-family,6,6,1976,1976,695000,sold,2025-02-04
LIST-000341,3333 Winter Dr,Austin,TX,39170,30.349639,-97.870847,single-family,3,3,2153,1997,765000,withdrawn,2025-03-17
LIST-000342,6242 Summer Way,San Francisco,CA,15482,37.990877,-122.444142,townhouse,3,2,1795,2010,1070000,active,2025-03-11
LIST-000343,653 Jefferson Ct,Seattle,WA,61853,47.409853,-122.473486,single-family,2,2,1027,1905,340000,active,2025-06-22
LIST-000344,903 Spring Blvd,Denver,CO,48590,39.909548,-104.919403,single-family,5,4,2436,1999,865000,sold,2025-03-25
LIST-000345,1487 Ridge Way,Seattle,WA,36467,47.758785,-122.187597,single-family,3,3,1684,1903,400000,sold,2025-11-05
LIST-000346,8393 Washington Blvd,Austin,TX,60343,30.328969,-97.980954,condo,0,1,1265,1990,350000,pending,2025-06-11
LIST-000347,2970 Cedar Blvd,Los Angeles,CA,68491,34.068107,-118.410303,townhouse,4,4,1817,1998,865000,sold,2024-12-27
LIST-000348,7804 Sunset Ct,New York,NY,41179,40.714093,-74.023579,single-family,5,4,2385,1969,1275000,sold,2025-05-19
LIST-000349,9894 Valley Way,Seattle,WA,97424,47.780687,-122.321406,townhouse,3,3,1915,1983,685000,active,2024-05-26
LIST-000350,4913 Park Way,New York,NY,14697,40.669564,-73.973207,single-family,4,4,2202,2023,1205000,sold,2026-04-24
LIST-000351,963 Cedar Ave,New York,NY,37504,40.723615,-74.274732,townhouse,2,1,1499,2010,720000,sold,2025-06-12
LIST-000352,2135 Washington Pl,Denver,CO,91689,39.910211,-105.088382,multi-family,6,5,3274,1977,1085000,active,2025-07-21
LIST-000353,3406 Autumn Ct,Denver,CO,25456,39.560368,-104.979339,single-family,6,6,1670,1900,285000,sold,2026-01-09
LIST-000354,5317 Winter St,Seattle,WA,49358,47.48534,-122.403615,condo,0,1,450,1988,155000,sold,2024-12-26
LIST-000355,7898 Birch Pl,San Francisco,CA,14660,37.671638,-122.319436,condo,0,1,1295,2018,875000,withdrawn,2026-01-10
LIST-000356,8789 Maple Dr,New York,NY,98892,40.62869,-73.818663,condo,3,3,1633,1907,685000,active,2025-11-15
LIST-000357,3080 Washington Ave,Chicago,IL,84839,41.990243,-87.717365,condo,0,1,1085,2025,295000,sold,2024-09-06
LIST-000358,4968 Walnut Ln,New York,NY,69232,40.65864,-74.253483,single-family,2,1,2248,1952,795000,sold,2025-02-13
LIST-000359,8589 Valley Way,San Francisco,CA,73369,37.908892,-122.37882,single-family,2,1,1025,2015,635000,active,2026-04-18
LIST-000360,5105 Oak Ave,San Francisco,CA,78464,37.866987,-122.658587,townhouse,4,4,1673,1926,830000,sold,2025-11-06
LIST-000361,7237 Market Ave,Los Angeles,CA,79766,34.221553,-118.089017,condo,2,3,1122,1926,340000,active,2024-12-01
LIST-000362,4651 Lincoln Dr,Los Angeles,CA,45527,34.119447,-118.172632,multi-family,8,6,2059,1913,555000,pending,2025-01-03
LIST-000363,9776 Lincoln Pl,San Francisco,CA,61369,37.872856,-122.519015,single-family,2,2,3375,1906,1130000,active,2025-03-28
LIST-000364,5095 Market Pl,Chicago,IL,71377,41.929865,-87.783927,condo,0,1,1217,1996,360000,sold,2024-07-12
LIST-000365,1080 Sunrise Ave,Seattle,WA,69412,47.741953,-122.076785,townhouse,3,2,1216,1985,435000,sold,2025-01-08
LIST-000366,4959 Jefferson Pl,Los Angeles,CA,82895,34.125214,-118.081472,condo,1,1,1391,1951,585000,sold,2025-01-09
LIST-000367,8931 Spring Dr,Seattle,WA,84345,47.501178,-122.479995,single-family,5,4,2475,1988,1010000,sold,2025-04-04
LIST-000368,6658 Pine Ave,San Francisco,CA,68355,37.762596,-122.652047,condo,3,4,1182,1976,630000,sold,2026-01-29
LIST-000369,7431 Jefferson Ln,Austin,TX,29231,30.341125,-97.925393,single-family,2,2,2166,1974,695000,sold,2024-05-01
LIST-000370,5650 Pine St,Seattle,WA,66980,47.663524,-122.092803,condo,2,3,1260,2001,615000,pending,2026-04-28
LIST-000371,520 Hill Ct,Chicago,IL,24378,41.970737,-87.806505,townhouse,2,1,2552,1900,500000,sold,2025-02-04
LIST-000372,5912 Forest Blvd,Austin,TX,34671,30.208496,-97.594132,single-family,5,4,1183,1969,270000,active,2024-08-17
LIST-000373,7481 Autumn Ct,Los Angeles,CA,94180,34.200465,-118.06351,single-family,2,2,1975,1955,895000,active,2024-08-15
LIST-000374,4421 Forest Way,Chicago,IL,41031,41.743207,-87.536231,condo,3,4,759,1923,145000,active,2025-05-22
LIST-000375,1291 Madison Ave,San Francisco,CA,46624,37.731316,-122.413582,single-family,6,5,2338,1993,1495000,expired,2025-12-04
LIST-000376,7697 Lincoln Way,Los Angeles,CA,69511,33.959933,-118.428637,condo,2,2,1070,2015,450000,sold,2025-04-30
LIST-000377,4790 Autumn St,Seattle,WA,16765,47.672065,-122.644588,single-family,2,1,1988,1907,600000,sold,2025-07-19
LIST-000378,9903 Elm Blvd,Los Angeles,CA,11861,33.987545,-118.246445,townhouse,3,2,1190,1916,395000,active,2024-11-16
LIST-000379,6775 Winter Ct,Chicago,IL,30204,41.93997,-87.465699,condo,1,1,1282,1943,340000,expired,2025-08-06
LIST-000380,7812 Valley Pl,Los Angeles,CA,31967,33.955207,-118.380898,single-family,4,4,962,1982,350000,sold,2024-06-10
LIST-000381,8697 Market St,Austin,TX,60070,30.075898,-97.789,single-family,5,4,2041,1955,395000,withdrawn,2025-04-14
LIST-000382,7564 Winter Dr,San Francisco,CA,95766,37.675239,-122.254357,townhouse,4,3,2190,1942,935000,sold,2024-11-15
LIST-000383,5769 Hill Ln,Austin,TX,23619,30.325814,-97.554874,single-family,3,2,1242,2006,295000,sold,2025-06-12
LIST-000384,2138 River Blvd,Los Angeles,CA,21322,34.0218,-118.277895,single-family,6,6,1835,2021,895000,active,2024-08-02
LIST-000385,1222 Ridge St,New York,NY,52389,40.708863,-73.758226,single-family,2,1,2526,1954,1215000,sold,2025-12-20
LIST-000386,8071 Cedar Blvd,Seattle,WA,89993,47.726962,-122.261108,multi-family,6,6,2899,1956,810000,expired,2024-10-03
LIST-000387,24 Oak Ct,Denver,CO,75234,39.627622,-105.11656,single-family,5,4,2286,1973,710000,sold,2024-05-15
LIST-000388,64 River Pl,Los Angeles,CA,19188,34.207804,-118.371995,condo,3,3,1170,1951,495000,sold,2026-01-01
LIST-000389,4760 Mission Dr,San Francisco,CA,20545,37.939455,-122.430396,single-family,4,3,4024,1982,1815000,sold,2025-01-20
LIST-000390,3114 Birch St,San Francisco,CA,92941,37.741551,-122.381807,single-family,5,5,2795,1980,1680000,sold,2026-03-19
LIST-000391,711 River Ave,Los Angeles,CA,54470,33.892792,-118.370855,single-family,2,1,800,2003,340000,expired,2024-05-29
LIST-000392,322 Sunrise St,Los Angeles,CA,28558,33.871999,-118.275519,townhouse,4,4,1702,1994,755000,withdrawn,2024-05-29
LIST-000393,3623 Pine Dr,Los Angeles,CA,24965,34.232874,-118.223964,condo,2,2,1437,2006,665000,sold,2024-07-22
LIST-000394,9727 Elm Way,Seattle,WA,37948,47.807824,-122.3657,condo,2,3,1336,1987,540000,active,2026-02-09
LIST-000395,2594 Maple Pl,San Francisco,CA,90273,37.78049,-122.568356,single-family,4,4,832,1905,280000,sold,2025-09-04
LIST-000396,4449 Madison Pl,San Francisco,CA,37021,37.792018,-122.430241,condo,2,2,1357,2003,920000,sold,2024-08-07
LIST-000397,1935 Madison Ave,Seattle,WA,83100,47.43859,-122.539177,single-family,3,2,1903,2005,890000,pending,2024-05-04
LIST-000398,7782 Sunrise Blvd,Chicago,IL,99816,42.086576,-87.653107,single-family,5,5,1933,1935,320000,active,2024-08-24
LIST-000399,2891 Elm St,San Francisco,CA,16875,37.978896,-122.328261,single-family,3,2,2092,2013,1440000,active,2025-11-27
LIST-000400,1616 Hill Ct,Denver,CO,24435,39.799852,-105.051419,condo,2,2,1515,1995,495000,pending,2025-12-27
LIST-000401,3191 Mission Way,New York,NY,27878,40.738098,-73.826998,single-family,5,5,2359,2018,1365000,active,2025-02-15
LIST-000402,4845 Washington Blvd,New York,NY,55033,40.783413,-73.910216,condo,0,1,993,1914,430000,sold,2024-09-10
LIST-000403,7024 Summer Dr,Miami,FL,70655,25.624193,-80.320598,single-family,6,6,3112,1962,1165000,active,2025-05-03
LIST-000404,8711 River Pl,Los Angeles,CA,76088,34.077803,-118.067251,townhouse,2,2,2107,1953,950000,active,2025-05-01
LIST-000405,5004 Elm Pl,Miami,FL,21892,25.915161,-80.071243,single-family,2,2,1885,1927,435000,active,2025-09-16
LIST-000406,1168 River Way,Miami,FL,93021,,,single-family,3,2,1525,1923,475000,pending,2025-04-26
LIST-000407,854 Cedar Ct,Denver,CO,98428,39.741426,-105.149785,condo,1,1,1640,1994,595000,sold,2026-04-07
LIST-000408,7849 Summer Dr,Los Angeles,CA,41278,33.934527,-118.083763,single-family,6,6,2702,1971,1170000,active,2025-01-16
LIST-000409,8724 Market Ln,Austin,TX,26083,30.183033,-97.537563,townhouse,4,3,1675,1944,395000,sold,2026-02-04
LIST-000410,1270 Cedar Blvd,Seattle,WA,33437,47.542868,-122.511705,condo,0,1,1206,2013,500000,active,2026-03-29
LIST-000411,361 Valley Dr,Los Angeles,CA,68177,33.864206,-118.238465,townhouse,4,4,1416,1969,665000,sold,2025-03-23
LIST-000412,8696 Jefferson Pl,San Francisco,CA,52769,37.798202,-122.154988,townhouse,4,3,2718,1952,1405000,sold,2026-01-02
LIST-000413,2644 Spring Ln,Seattle,WA,69759,47.74235,-122.482172,single-family,4,4,800,1998,375000,active,2024-12-07
LIST-000414,6066 Elm Dr,Los Angeles,CA,26577,34.027662,-118.353615,townhouse,2,2,1805,1930,500000,expired,2025-07-21
LIST-000415,7514 Park Blvd,Chicago,IL,75459,41.860971,-87.578372,single-family,4,3,1753,1938,305000,active,2026-04-24
LIST-000416,9270 Summer Pl,San Francisco,CA,97410,37.966179,-122.456792,single-family,4,3,2011,2014,1120000,withdrawn,2025-07-20
LIST-000417,3207 Lincoln Dr,Los Angeles,CA,17213,33.977376,-118.231704,single-family,6,6,1882,2007,730000,pending,2025-01-09
LIST-000418,928 Market Way,Miami,FL,89058,25.827685,-79.985387,single-family,5,5,2668,2024,1055000,active,2025-01-02
LIST-000419,6819 Autumn Pl,Seattle,WA,68224,47.434986,-122.207972,single-family,2,1,1810,1957,745000,active,2025-11-17
LIST-000420,8616 Park Ave,Los Angeles,CA,49745,34.250865,-118.288878,single-family,5,5,2526,2006,1165000,active,2024-10-09
LIST-000421,8047 Oak Ln,New York,NY,60039,40.589808,-73.845307,single-family,4,3,2403,1972,1270000,active,2024-09-22
LIST-000422,4723 Forest Blvd,Miami,FL,93435,25.646051,-80.241972,single-family,2,2,2695,1919,645000,expired,2026-02-07
LIST-000423,7809 Spring Ave,Denver,CO,43804,39.74536,-104.747516,single-family,4,3,2322,1995,660000,sold,2025-04-04
LIST-000424,4477 Lake Ct,Los Angeles,CA,56843,34.243851,-118.218096,single-family,6,6,2092,1918,610000,sold,2024-08-14
LIST-000425,4942 Ridge Way,Chicago,IL,51446,42.087986,-87.540718,single-family,2,2,2139,1912,425000,active,2025-01-06
LIST-000426,2542 Madison Dr,San Francisco,CA,31368,37.851152,-122.613794,single-family,6,5,1720,1947,950000,sold,2026-04-16
LIST-000427,7250 Washington Way,Miami,FL,57522,25.574354,-80.272135,condo,0,1,1229,1916,390000,sold,2024-12-29
LIST-000428,1840 Pine St,San Francisco,CA,20302,37.770574,-122.576588,single-family,3,3,1949,1988,965000,active,2024-08-10
LIST-000429,9869 Walnut Dr,Miami,FL,22648,25.95075,-80.13435,single-family,6,6,812,1905,160000,sold,2025-12-08
LIST-000430,9352 Pine Ave,Los Angeles,CA,90341,34.164597,-118.156674,townhouse,3,2,1868,1945,560000,sold,2025-11-17
LIST-000431,9666 Elm Pl,Miami,FL,72221,25.568156,-80.231172,condo,2,3,1100,1992,315000,active,2025-05-27
LIST-000432,8525 Birch Pl,Austin,TX,26202,30.304657,-97.816704,multi-family,7,7,3125,1965,715000,active,2024-12-31
LIST-000433,6682 Valley Ct,Miami,FL,68190,25.584679,-80.265554,single-family,4,3,2466,1976,920000,sold,2026-02-13
LIST-000434,1402 Cedar Blvd,Los Angeles,CA,61952,34.084373,-118.303999,single-family,4,4,2425,1901,880000,sold,2024-07-21
LIST-000435,4573 Winter Ln,Seattle,WA,65666,47.792106,-122.371218,condo,1,2,1369,1976,595000,sold,2024-10-28
LIST-000436,8027 Sunrise Dr,Austin,TX,24160,30.456081,-97.8246,single-family,6,5,2015,1962,525000,active,2025-04-19
LIST-000437,1263 Market Pl,Chicago,IL,91522,41.945072,-87.564791,single-family,2,1,1399,1948,325000,pending,2024-12-22
LIST-000438,1961 River Pl,Miami,FL,14141,25.708598,-80.287468,single-family,4,3,800,2003,345000,sold,2025-12-15
LIST-000439,8047 Market Pl,Los Angeles,CA,24336,33.918448,-118.201879,single-family,6,5,2369,1955,730000,sold,2025-05-14
LIST-000440,9684 Oak Blvd,Seattle,WA,52006,47.398205,-122.345065,single-family,5,4,1861,1978,760000,sold,2024-12-07
LIST-000441,5123 Lincoln Ave,Miami,FL,42455,25.755064,-80.339328,single-family,4,3,2551,1945,735000,active,2024-11-06
LIST-000442,4378 Maple Pl,New York,NY,77470,40.693304,-73.934436,single-family,2,1,2417,1904,850000,sold,2025-07-16
LIST-000443,4917 Lake Ct,Chicago,IL,97475,41.717283,-87.421118,single-family,6,6,2198,1986,480000,sold,2026-01-21
LIST-000444,1516 Spring Ave,Los Angeles,CA,62694,34.229367,-118.278799,single-family,6,6,1842,1936,565000,active,2025-07-20
LIST-000445,3288 Forest Ct,Chicago,IL,96960,41.770452,-87.693911,single-family,5,5,1962,2005,480000,sold,2025-04-02
LIST-000446,8738 Autumn Ct,Los Angeles,CA,71249,33.975699,-118.415625,single-family,2,2,2296,1973,910000,sold,2026-01-30
LIST-000447,6767 Ridge Ln,New York,NY,18444,40.891356,-73.912935,single-family,5,5,2160,1997,1010000,sold,2025-01-03
LIST-000448,7155 Forest St,Chicago,IL,70838,41.786349,-87.720796,single-family,2,2,3092,1924,485000,sold,2024-12-28
LIST-000449,4892 Pine Ct,Los Angeles,CA,21000,34.167851,-118.217852,condo,2,2,1363,2023,705000,sold,2024-06-12
LIST-000450,9519 Winter Ln,New York,NY,78414,40.851809,-74.166215,single-family,3,3,3149,1914,1220000,sold,2024-08-02
LIST-000451,3517 Ridge Pl,Denver,CO,28910,39.684417,-105.041939,condo,2,3,842,1995,285000,withdrawn,2024-10-17
LIST-000452,6035 Valley St,Seattle,WA,28993,47.802633,-122.225291,single-family,2,1,1798,1969,635000,sold,2024-12-02
LIST-000453,2009 Jefferson Dr,Chicago,IL,57560,42.087282,-87.567354,condo,0,1,1153,1970,260000,sold,2025-10-27
LIST-000454,2635 Sunset Way,Miami,FL,37575,25.880125,-80.275493,single-family,4,3,1668,1911,520000,sold,2024-12-18
LIST-000455,4285 Madison Ave,New York,NY,23159,40.548794,-73.861503,single-family,2,1,1490,2007,730000,sold,2026-04-14
LIST-000456,2239 Maple Ct,Los Angeles,CA,68117,34.12002,-118.438105,condo,3,3,1155,1997,395000,sold,2025-09-02
LIST-000457,9726 Park Ln,Los Angeles,CA,27499,33.941562,-118.312598,single-family,3,3,2622,2001,1380000,sold,2026-03-10
LIST-000458,1467 Sunset Dr,Los Angeles,CA,90216,34.112378,-118.08447,townhouse,4,4,1200,1902,430000,withdrawn,2025-09-15
LIST-000459,8106 Cedar Dr,Los Angeles,CA,69468,34.249984,-118.166496,condo,2,3,1276,1972,415000,sold,2025-04-03
LIST-000460,4646 Summer Dr,Austin,TX,38254,30.330785,-97.829919,condo,2,2,1052,1948,210000,sold,2025-08-10
LIST-000461,5306 Spring Ct,Seattle,WA,11352,47.693755,-122.16262,single-family,4,4,1133,1947,395000,sold,2024-07-06
LIST-000462,9944 Market St,Austin,TX,71726,30.218105,-97.955885,condo,2,3,659,1971,140000,pending,2024-10-30
LIST-000463,2171 Pine Way,San Francisco,CA,54456,37.657636,-122.281721,multi-family,6,6,4203,1974,1935000,active,2025-05-18
LIST-000464,4322 Washington Ln,Austin,TX,66372,30.257518,-97.571885,single-family,3,2,1946,2011,725000,active,2025-02-05
LIST-000465,3010 Oak Pl,Denver,CO,29480,39.814897,-104.823886,condo,3,3,1441,1984,450000,sold,2024-09-24
LIST-000466,2435 Cedar Way,Los Angeles,CA,69999,33.877858,-118.154877,multi-family,7,7,4474,1956,1560000,sold,2025-05-12
LIST-000467,1268 Hill Pl,San Francisco,CA,84814,37.86347,-122.178708,single-family,6,5,1283,1927,600000,expired,2025-06-13
LIST-000468,7550 Spring Pl,Austin,TX,30155,30.476546,-97.703206,condo,0,1,928,1975,300000,active,2025-01-07
LIST-000469,4645 Park St,Seattle,WA,37704,47.423525,-122.514259,single-family,2,1,1658,1993,785000,sold,2024-08-09
LIST-000470,2679 River Ct,Austin,TX,12688,30.133842,-97.858715,single-family,4,4,2967,1930,820000,sold,2024-07-09
LIST-000471,8409 Walnut Pl,Los Angeles,CA,22597,33.94143,-118.437959,single-family,5,4,1980,2015,980000,active,2025-09-29
LIST-000472,8420 Park Pl,Seattle,WA,65838,47.589945,-122.125398,condo,0,1,450,2003,170000,active,2025-09-02
LIST-000473,4083 Madison Ct,Austin,TX,99694,30.226147,-97.947501,townhouse,4,4,1591,2016,560000,pending,2024-08-08
LIST-000474,9603 Pine St,Los Angeles,CA,43211,34.095824,-118.21623,single-family,2,1,2722,1952,810000,sold,2025-07-16
LIST-000475,4352 Park Blvd,San Francisco,CA,97852,37.853366,-122.209971,single-family,5,5,3163,1938,1365000,sold,2025-12-10
LIST-000476,7549 Spring Ct,Los Angeles,CA,32509,34.114797,-118.252192,single-family,2,1,2713,1968,820000,pending,2024-05-11
LIST-000477,1843 Maple Dr,New York,NY,27709,40.535287,-74.180429,single-family,6,5,1538,1986,725000,pending,2024-08-06
LIST-000478,6922 Maple Ave,Miami,FL,70742,25.700427,-80.283759,condo,3,3,450,2009,190000,active,2024-12-20
LIST-000479,1692 Mission Ct,San Francisco,CA,16674,37.749097,-122.525748,multi-family,7,7,3875,1925,1565000,sold,2025-03-01
LIST-000480,8003 Hill St,New York,NY,98954,40.695973,-74.278821,condo,2,3,793,1951,345000,sold,2025-08-18
LIST-000481,3159 Sunrise Way,Denver,CO,31146,39.680377,-104.816085,single-family,5,4,2721,1982,735000,sold,2024-05-17
LIST-000482,5912 Autumn Pl,Seattle,WA,98225,47.469461,-122.456661,condo,3,4,1380,1937,490000,pending,2025-03-20
LIST-000483,9133 Oak St,Miami,FL,49800,25.61247,-80.351052,single-family,2,1,2375,1977,800000,sold,2025-05-19
LIST-000484,3681 Sunrise Ln,Los Angeles,CA,39712,34.001227,-118.368149,single-family,6,6,2390,2003,840000,sold,2025-08-23
LIST-000485,1827 Cedar Ave,New York,NY,67386,40.737029,-74.267295,condo,2,2,1469,1977,760000,sold,2026-04-20
LIST-000486,1636 Birch Way,Miami,FL,76308,25.798085,-80.160295,condo,1,1,614,1920,180000,sold,2025-12-13
LIST-000487,6809 Lake Dr,Los Angeles,CA,58815,34.100739,-118.32585,single-family,5,5,2132,1943,680000,active,2024-11-23
LIST-000488,5937 Maple Pl,San Francisco,CA,77653,37.602567,-122.302594,single-family,5,4,3191,2017,1905000,sold,2026-02-22
LIST-000489,2483 Lincoln St,San Francisco,CA,96530,37.782675,-122.446065,townhouse,2,1,1251,1921,530000,pending,2024-05-29
LIST-000490,5149 Lake St,New York,NY,49888,40.780461,-74.286285,townhouse,3,2,2740,1951,1415000,sold,2026-03-10
LIST-000491,6637 Winter Dr,Miami,FL,55252,25.597391,-80.343505,single-family,5,4,1324,1979,510000,sold,2025-10-24
LIST-000492,2631 Maple St,New York,NY,54657,40.649215,-74.026102,single-family,3,2,1114,1927,355000,sold,2025-06-09
LIST-000493,2053 Sunset Ln,New York,NY,56461,40.703768,-73.78799,townhouse,3,2,1892,1907,795000,active,2025-05-30
LIST-000494,6197 Madison Dr,Chicago,IL,85073,41.869474,-87.611284,single-family,6,6,2076,1944,410000,sold,2026-01-24
LIST-000495,1289 Lake Ct,San Francisco,CA,72423,37.83206,-122.227821,condo,3,4,965,1910,325000,sold,2024-08-10
LIST-000496,2374 Madison Blvd,Chicago,IL,64646,41.750035,-87.496007,single-family,5,4,1005,1956,250000,withdrawn,2025-11-20
LIST-000497,6704 Cedar Ave,Denver,CO,25566,39.888511,-105.029835,single-family,6,6,1873,1904,445000,withdrawn,2025-02-11
LIST-000498,6920 Oak Ln,Los Angeles,CA,28630,33.932237,-118.264564,single-family,4,3,1478,1938,465000,active,2024-08-19
LIST-000499,7796 Summer Blvd,New York,NY,54279,40.756805,-74.131153,single-family,2,1,2265,1961,1065000,sold,2026-03-31
LIST-000500,6354 Hill Ct,Miami,FL,97097,25.606481,-80.148627,single-family,5,5,2174,2010,905000,active,2025-08-29
LIST-000501,9174 Pine Dr,Los Angeles,CA,83537,34.029092,-118.294769,single-family,4,4,2726,1973,1150000,sold,2024-12-26
LIST-000502,2954 Maple Ln,New York,NY,96278,40.720729,-74.224469,multi-family,8,8,2264,1996,1150000,sold,2024-08-02
LIST-000503,2967 Forest St,Miami,FL,13049,25.730996,-80.310871,townhouse,3,3,1891,1951,605000,sold,2026-04-26
LIST-000504,6682 Market Blvd,Miami,FL,30214,25.75598,-80.051056,single-family,2,2,1332,1936,320000,active,2024-07-09
LIST-000505,3935 Winter Dr,San Francisco,CA,25855,37.86708,-122.165559,condo,2,3,968,1941,410000,withdrawn,2026-03-30
LIST-000506,315 Ridge Ave,Denver,CO,63411,39.592618,-104.822347,single-family,2,1,2660,1959,730000,active,2024-05-23
LIST-000507,8816 Forest Pl,Los Angeles,CA,32044,34.089013,-118.441226,single-family,5,4,2836,1926,1060000,active,2025-06-24
LIST-000508,5767 Mission Dr,San Francisco,CA,99128,37.971903,-122.481536,condo,1,2,1314,2019,985000,active,2024-11-11
LIST-000509,8280 Autumn Way,Chicago,IL,66618,42.032469,-87.568881,condo,0,1,978,1917,210000,expired,2026-03-14
LIST-000510,5391 Maple Blvd,New York,NY,70266,40.568154,-74.222919,multi-family,7,6,3450,1931,1500000,pending,2024-10-11
LIST-000511,8835 Maple Pl,Chicago,IL,95078,41.868019,-87.627789,townhouse,4,4,973,1990,250000,pending,2024-07-03
LIST-000512,3171 Sunset St,Austin,TX,26353,30.318627,-97.886135,condo,2,3,1430,2007,485000,sold,2024-05-07
LIST-000513,8084 Spring Dr,Los Angeles,CA,57579,34.046043,-118.206196,townhouse,3,3,2165,1938,860000,active,2025-05-19
LIST-000514,9269 Elm Ave,San Francisco,CA,98103,37.630785,-122.635437,single-family,4,3,2543,1921,1145000,sold,2025-07-14
LIST-000515,7447 Maple Ct,Chicago,IL,99218,42.013534,-87.44226,townhouse,2,1,1915,2024,600000,sold,2024-11-13
LIST-000516,722 Summer Dr,Chicago,IL,57378,42.08531,-87.535761,townhouse,3,2,2262,1935,390000,sold,2025-05-20
LIST-000517,4105 Walnut Blvd,San Francisco,CA,65550,37.56352,-122.474624,single-family,5,5,1472,2003,685000,sold,2025-10-18
LIST-000518,7769 Hill Way,Los Angeles,CA,42821,34.01235,-118.291976,single-family,5,5,3164,1975,1440000,withdrawn,2026-02-12
LIST-000519,1075 Autumn Blvd,Miami,FL,14370,25.559105,-80.219752,single-family,2,1,2174,1974,600000,expired,2026-04-13
LIST-000520,6745 Hill St,San Francisco,CA,59998,37.964811,-122.333259,condo,3,4,681,1986,305000,active,2026-02-20
LIST-000521,1116 Lincoln Dr,Seattle,WA,23459,47.46814,-122.232749,condo,0,1,1584,1958,560000,sold,2024-07-23
LIST-000522,7150 Madison Way,New York,NY,26735,40.632984,-74.011893,single-family,5,4,1699,1923,585000,sold,2024-06-16
LIST-000523,9176 Oak Ct,Los Angeles,CA,41114,34.086001,-118.496187,single-family,4,3,1694,1966,680000,sold,2024-06-14
LIST-000524,9486 Lincoln Way,Los Angeles,CA,88612,33.910931,-118.451276,single-family,2,1,3638,1924,1285000,sold,2025-04-29
LIST-000525,5441 Autumn Ct,Chicago,IL,41328,41.954418,-87.463052,single-family,2,1,2109,1928,470000,sold,2024-10-13
LIST-000526,5906 Oak St,Los Angeles,CA,35480,34.14868,-118.251116,single-family,2,1,2150,1903,655000,active,2025-04-08
LIST-000527,2258 River Ave,Los Angeles,CA,23263,34.075476,-118.101557,single-family,3,2,2359,1925,605000,sold,2026-04-08
LIST-000528,1081 Cedar Blvd,Los Angeles,CA,66848,33.952816,-118.209832,single-family,4,4,1731,2020,810000,sold,2025-08-28
LIST-000529,4829 Autumn Blvd,New York,NY,34785,40.742956,-73.906175,single-family,4,3,800,1931,385000,sold,2025-07-31
LIST-000530,2753 Madison Ct,Los Angeles,CA,96966,34.066893,-118.303876,townhouse,4,3,1056,1926,385000,sold,2026-01-05
LIST-000531,9577 Mission St,Austin,TX,45171,30.086607,-97.755146,single-family,5,5,1846,1988,520000,expired,2025-05-03
LIST-000532,1398 Birch Ave,Los Angeles,CA,59034,33.848725,-118.167438,single-family,3,2,2622,1954,1145000,sold,2026-04-27
LIST-000533,7246 Hill Ln,Los Angeles,CA,60118,34.072353,-118.049414,single-family,6,5,1497,1952,515000,sold,2024-11-29
LIST-000534,8956 Walnut Way,Chicago,IL,19351,41.995369,-87.540071,townhouse,4,4,1901,2000,455000,active,2024-08-01
LIST-000535,4916 Valley Way,Los Angeles,CA,44227,34.010174,-118.096199,condo,2,3,970,2009,485000,sold,2026-04-09
LIST-000536,3448 Sunrise Dr,Miami,FL,62101,25.642945,-80.103103,condo,0,1,1000,1965,395000,expired,2026-03-04
LIST-000537,9159 Maple Way,Denver,CO,67498,39.748758,-105.249669,condo,3,4,1597,1954,470000,sold,2024-10-10
LIST-000538,8818 Valley Way,San Francisco,CA,99884,37.702875,-122.169123,condo,3,3,1398,2006,785000,active,2025-03-27
LIST-000539,7407 Mission Ln,Chicago,IL,24239,42.044317,-87.583995,single-family,4,3,2502,1950,445000,pending,2025-05-04
LIST-000540,4779 Market Ave,San Francisco,CA,47200,37.70614,-122.449432,single-family,6,5,2049,1903,710000,active,2025-02-24
LIST-000541,3379 Valley Ct,Seattle,WA,37063,47.74262,-122.318033,single-family,5,4,2260,1968,795000,sold,2025-02-27
LIST-000542,7312 Pine Ct,Miami,FL,10975,25.861282,-80.020481,condo,2,2,1221,1964,430000,sold,2024-10-04
LIST-000543,2879 Forest Dr,Chicago,IL,48987,41.824877,-87.497601,condo,3,3,664,1936,150000,withdrawn,2025-01-25
LIST-000544,8820 Valley Ave,San Francisco,CA,30700,37.613759,-122.326697,single-family,3,3,1648,1950,890000,active,2026-03-19
LIST-000545,3407 Madison St,Austin,TX,69105,30.306308,-97.526132,single-family,6,6,2339,1913,495000,sold,2025-03-15
LIST-000546,2246 Park Pl,Seattle,WA,42847,47.585374,-122.417034,condo,3,4,1096,1951,435000,pending,2024-05-09
LIST-000547,8769 Summer Ct,Denver,CO,33230,39.683069,-105.013224,single-family,5,5,1622,1920,315000,active,2024-07-18
LIST-000548,792 Mission Ave,San Francisco,CA,79769,37.958989,-122.402968,single-family,5,4,2188,1922,835000,active,2025-10-07
LIST-000549,3158 Market Ave,Seattle,WA,11908,47.72454,-122.27211,single-family,5,5,2624,1930,710000,active,2024-05-22
LIST-000550,3115 Washington Dr,Los Angeles,CA,52294,34.113673,-118.48802,townhouse,2,2,1532,1905,440000,active,2025-01-10
LIST-000551,4572 Mission Way,New York,NY,38848,40.585524,-73.924237,single-family,2,1,2053,1983,920000,pending,2025-04-22
LIST-000552,1562 Washington Way,San Francisco,CA,84606,37.595179,-122.277294,condo,3,3,1146,1913,530000,sold,2026-04-17
LIST-000553,9980 Lincoln Pl,New York,NY,18849,40.630543,-74.228936,multi-family,5,4,3812,1988,1745000,sold,2025-05-10
LIST-000554,1310 Oak Blvd,Seattle,WA,66164,47.626065,-122.066363,condo,0,1,1553,1978,655000,active,2024-10-31
LIST-000555,658 Madison Ct,Los Angeles,CA,46454,34.123254,-118.123019,single-family,2,2,2818,2021,1275000,sold,2024-08-13
LIST-000556,3654 Washington Ct,Chicago,IL,97163,41.997726,-87.605704,townhouse,3,2,1450,1931,260000,active,2026-04-13
LIST-000557,3358 Hill Ave,Denver,CO,87677,39.673051,-105.081655,single-family,5,5,2288,1918,625000,active,2024-09-12
LIST-000558,7893 Pine Way,Seattle,WA,93309,47.685254,-122.136209,single-family,5,5,2043,1977,680000,active,2025-04-14
LIST-000559,2513 Jefferson Blvd,Seattle,WA,49351,47.520137,-122.282833,single-family,5,5,2551,1902,795000,sold,2024-07-04
LIST-000560,78 Maple Way,Los Angeles,CA,30280,33.90531,-118.190501,single-family,6,5,1134,1909,320000,sold,2024-09-30
LIST-000561,9276 Elm Dr,Denver,CO,26315,39.940821,-105.093569,multi-family,6,5,2057,1975,465000,sold,2026-04-16
LIST-000562,6957 Summer Dr,Miami,FL,95315,25.79106,-80.434276,condo,2,2,1128,1962,380000,pending,2024-06-14
LIST-000563,2654 Maple Ave,Los Angeles,CA,88924,34.068363,-118.290277,condo,0,1,957,1958,435000,active,2024-11-09
LIST-000564,4961 Madison Ct,Miami,FL,65950,25.918398,-80.291939,single-family,6,6,1730,1966,670000,sold,2024-09-06
LIST-000565,115 Elm Pl,Chicago,IL,62162,41.881085,-87.888913,townhouse,2,2,1245,1944,310000,active,2024-10-10
LIST-000566,8244 Cedar Pl,San Francisco,CA,35954,37.755202,-122.49046,single-family,4,3,1315,1921,490000,active,2024-08-13
LIST-000567,1414 River Ave,Chicago,IL,31774,41.909604,-87.496908,condo,1,2,1351,1980,400000,active,2025-09-07
LIST-000568,695 Cedar Dr,Los Angeles,CA,86342,33.939077,-118.325197,single-family,2,2,1745,1907,470000,expired,2025-09-29
LIST-000569,5928 Market Ct,Denver,CO,51317,39.723887,-105.005347,multi-family,6,5,2484,1954,605000,sold,2025-01-22
LIST-000570,2023 Madison Ln,Los Angeles,CA,28201,34.018898,-118.192569,single-family,2,2,2191,1958,965000,sold,2026-02-08
LIST-000571,759 Autumn Way,New York,NY,93070,40.714594,-73.748437,single-family,5,4,2074,1981,1225000,sold,2024-05-13
LIST-000572,4824 Washington Dr,Austin,TX,23166,30.158867,-97.730874,condo,0,1,1079,2020,405000,withdrawn,2025-09-24
LIST-000573,1905 Sunrise Dr,Austin,TX,32027,30.416881,-97.913739,condo,0,1,1173,1986,405000,expired,2025-04-28
LIST-000574,3620 Summer Ln,Los Angeles,CA,60264,34.139527,-118.282238,condo,0,1,856,1991,280000,withdrawn,2025-01-09
LIST-000575,6262 Mission Ct,Austin,TX,94408,30.162089,-97.966468,condo,3,4,882,2019,285000,withdrawn,2024-06-20
LIST-000576,5144 River St,Miami,FL,85083,25.841273,-80.113222,single-family,2,1,964,1994,360000,active,2024-07-30
LIST-000577,6486 Maple Pl,Los Angeles,CA,87434,34.116032,-118.049619,single-family,5,4,2242,2019,1180000,sold,2025-08-11
LIST-000578,5070 Madison Ave,Los Angeles,CA,14501,33.993199,-118.008671,single-family,5,5,1037,1976,375000,sold,2026-02-19
LIST-000579,3697 Spring St,Los Angeles,CA,37605,33.866834,-118.355881,condo,1,1,1017,2025,545000,active,2025-11-08
LIST-000580,6931 Market Pl,New York,NY,81819,40.83615,-74.211022,condo,2,2,820,1984,480000,active,2024-05-17
LIST-000581,896 Spring Ln,New York,NY,86072,40.560909,-73.842467,single-family,4,3,1969,2009,1075000,active,2025-01-07
LIST-000582,9441 Cedar Blvd,Seattle,WA,95359,47.665354,-122.229294,condo,2,2,913,1926,245000,sold,2025-11-23
LIST-000583,2444 Mission Ct,Los Angeles,CA,54366,33.956433,-118.487128,single-family,2,2,1681,2020,615000,expired,2025-09-17
LIST-000584,7606 Mission Ct,Los Angeles,CA,97914,33.990372,-118.187041,single-family,6,6,2635,1983,1210000,sold,2026-01-08
LIST-000585,1559 Autumn Blvd,Los Angeles,CA,72848,33.929843,-118.081038,single-family,2,2,1210,1965,405000,sold,2025-07-19
LIST-000586,333 River Pl,Seattle,WA,80452,47.540297,-122.651523,single-family,3,3,2160,1941,565000,withdrawn,2026-01-08
LIST-000587,5159 Cedar St,San Francisco,CA,10697,37.574979,-122.482619,condo,0,1,1216,1915,440000,sold,2024-09-17
LIST-000588,11 Hill Ln,San Francisco,CA,32492,37.829046,-122.30962,condo,0,1,1524,1915,650000,pending,2025-06-27
LIST-000589,3448 Spring Ave,San Francisco,CA,89452,37.955766,-122.575708,single-family,6,5,2544,1940,1220000,expired,2025-01-29
LIST-000590,6924 Pine Ln,Austin,TX,26841,30.313574,-97.730483,single-family,3,3,2636,1977,735000,sold,2024-12-02
LIST-000591,6107 Lincoln Blvd,Los Angeles,CA,94616,34.146261,-118.056279,single-family,4,3,2410,1926,640000,sold,2025-09-04
LIST-000592,5406 Mission Ave,Seattle,WA,81875,47.694339,-122.338307,single-family,2,2,1977,1909,505000,sold,2025-10-14
LIST-000593,5032 Lincoln Pl,Los Angeles,CA,26187,34.033264,-118.088384,townhouse,2,1,2088,2024,855000,expired,2025-12-29
LIST-000594,8721 Jefferson Ct,San Francisco,CA,61060,37.655305,-122.493121,single-family,4,4,2136,2014,1040000,pending,2025-12-05
LIST-000595,6862 Spring Pl,Seattle,WA,42651,47.686501,-122.324984,single-family,3,3,2585,1934,655000,sold,2025-02-12
LIST-000596,1434 Valley Ct,Los Angeles,CA,39984,34.119269,-118.50124,single-family,4,3,2706,1966,1265000,sold,2026-01-23
LIST-000597,6956 Market Blvd,Miami,FL,11401,25.62445,-80.363954,single-family,3,3,2204,1995,715000,withdrawn,2026-01-18
LIST-000598,8764 Summer Way,Seattle,WA,10955,47.767818,-122.335181,townhouse,4,4,1818,1951,480000,active,2026-02-05
LIST-000599,2194 Madison Way,Los Angeles,CA,19846,34.236661,-118.314698,condo,0,1,1538,2012,780000,withdrawn,2024-09-13
LIST-000600,7925 Valley Ln,New York,NY,25448,40.606625,-73.872954,single-family,2,1,1901,2016,1125000,sold,2026-02-20
LIST-000601,5808 Cedar St,Los Angeles,CA,70339,33.876533,-118.341593,single-family,4,4,3264,2008,1450000,pending,2025-08-22
LIST-000602,7995 Maple Blvd,Los Angeles,CA,63833,33.895879,-118.110332,single-family,5,4,1599,1925,425000,sold,2024-08-28
LIST-000603,5805 Summer Ct,Miami,FL,67587,25.650961,-80.168903,single-family,4,3,2679,1934,630000,sold,2026-02-11
LIST-000604,3270 Sunrise Ln,San Francisco,CA,14142,37.721245,-122.678498,single-family,4,4,1633,1917,670000,sold,2026-03-31
LIST-000605,1777 Autumn St,San Francisco,CA,60967,37.617453,-122.413851,condo,1,2,1155,1964,665000,sold,2026-02-01
LIST-000606,4633 Sunrise Ave,San Francisco,CA,66928,37.906536,-122.405083,condo,0,1,482,1943,220000,sold,2024-05-07
LIST-000607,1698 Spring Blvd,Miami,FL,72114,25.826163,-80.089962,single-family,3,2,2225,1989,690000,sold,2024-10-02
LIST-000608,3280 Pine St,Los Angeles,CA,29163,33.908611,-118.425734,single-family,2,2,907,1951,260000,expired,2026-04-22
LIST-000609,5761 Spring Ct,Seattle,WA,57654,47.555927,-122.562365,multi-family,5,4,2945,1954,1090000,pending,2024-11-26
LIST-000610,8059 Lake Way,Los Angeles,CA,66479,34.1408,-118.0098,single-family,4,4,2195,1936,745000,withdrawn,2024-07-18
LIST-000611,9583 River Ave,Los Angeles,CA,95229,34.122047,-118.236446,condo,1,2,1084,1999,490000,sold,2024-11-02
LIST-000612,4949 Summer Pl,New York,NY,81641,40.709012,-74.113217,single-family,6,6,1532,1924,655000,withdrawn,2024-06-28
LIST-000613,7357 Mission Ave,New York,NY,55526,40.694313,-74.137299,single-family,3,2,1665,2012,1005000,sold,2025-07-10
LIST-000614,9286 Oak Dr,New York,NY,47965,40.661621,-73.968329,townhouse,4,4,1604,1921,650000,sold,2024-08-09
LIST-000615,2631 Lincoln Dr,Austin,TX,37122,30.210556,-97.893862,townhouse,2,2,1258,1971,380000,sold,2024-11-27
LIST-000616,3678 Oak Dr,Chicago,IL,82371,41.897205,-87.642146,single-family,6,5,2372,1938,585000,active,2024-11-25
LIST-000617,5702 Mission Way,Los Angeles,CA,25228,,,single-family,3,2,2236,2025,930000,sold,2025-06-20
LIST-000618,5834 Hill Ln,Los Angeles,CA,92045,34.21563,-118.419848,single-family,3,2,1960,2014,940000,pending,2024-06-14
LIST-000619,7254 Hill Way,San Francisco,CA,89212,37.558993,-122.484776,multi-family,8,8,2990,2021,2020000,sold,2025-09-05
LIST-000620,2983 Sunset Blvd,Los Angeles,CA,72784,34.113152,-118.437531,condo,1,1,648,1993,305000,pending,2026-04-01
LIST-000621,6996 Hill Pl,Miami,FL,19103,25.676092,-80.23628,townhouse,2,1,1936,1922,605000,sold,2024-09-23
LIST-000622,2175 Hill Ave,New York,NY,94473,40.892101,-73.833606,single-family,2,2,2147,1948,880000,active,2024-05-11
LIST-000623,7289 Elm Ln,Los Angeles,CA,72970,33.87538,-118.398013,condo,0,1,1484,1943,610000,active,2024-08-17
LIST-000624,3685 Maple Dr,Los Angeles,CA,64432,34.135332,-118.206952,condo,0,1,1403,1905,345000,active,2025-06-02
LIST-000625,1949 Lake Ave,Seattle,WA,19999,47.557764,-122.438331,single-family,5,5,800,1928,200000,expired,2025-02-02
LIST-000626,4712 Lake Ave,New York,NY,49526,40.789277,-73.798174,single-family,6,6,2194,1986,1050000,sold,2025-10-16
LIST-000627,7848 Pine Ave,Los Angeles,CA,68549,33.94391,-118.102953,single-family,2,2,3170,1999,1475000,pending,2025-02-28
LIST-000628,6792 Washington Way,Chicago,IL,73083,41.838835,-87.338214,single-family,3,3,833,1998,205000,pending,2025-03-26
LIST-000629,3603 Spring Ave,San Francisco,CA,65291,37.967717,-122.550322,single-family,6,5,1421,1968,865000,pending,2025-07-26
LIST-000630,2293 Valley Pl,Los Angeles,CA,55789,34.064249,-118.244257,single-family,6,5,1931,2022,745000,active,2026-04-08
LIST-000631,6968 Lake St,San Francisco,CA,59474,37.979699,-122.465762,townhouse,2,2,1763,1917,625000,sold,2024-08-20
LIST-000632,6833 Birch Blvd,Austin,TX,11635,30.431208,-97.648185,townhouse,2,2,1580,1918,320000,active,2024-06-29
LIST-000633,536 Washington Blvd,Seattle,WA,17864,47.523145,-122.353559,townhouse,3,2,1625,1982,680000,active,2024-08-30
LIST-000634,2579 Ridge Ave,Denver,CO,39794,39.750856,-105.016805,condo,3,3,779,2006,215000,sold,2024-12-24
LIST-000635,6647 River Blvd,Denver,CO,71398,39.896559,-104.785319,single-family,6,6,2174,1995,805000,sold,2024-06-29
LIST-000636,8883 Cedar Ave,San Francisco,CA,41395,37.652895,-122.3398,single-family,2,2,2475,1946,1265000,sold,2024-05-22
LIST-000637,5164 Pine Ln,Los Angeles,CA,73413,34.072099,-118.259008,single-family,3,3,2115,1972,860000,sold,2026-01-04
LIST-000638,6682 Summer Ave,San Francisco,CA,98432,37.747705,-122.252746,single-family,3,2,2352,1996,1300000,pending,2024-08-09
LIST-000639,3804 Walnut Blvd,Denver,CO,22227,39.935291,-104.952067,condo,3,3,1248,1919,305000,active,2025-08-30
LIST-000640,7069 Oak Ct,Miami,FL,91719,25.849739,-80.214512,single-family,6,5,1701,1957,605000,pending,2025-02-04
LIST-000641,7461 Park Blvd,Los Angeles,CA,21425,33.876141,-118.41258,multi-family,8,6,3561,1901,880000,sold,2025-06-29
LIST-000642,7252 Mission Blvd,New York,NY,43557,40.695776,-73.888732,single-family,2,2,2090,1922,890000,sold,2025-05-03
LIST-000643,6132 Pine Ct,New York,NY,91871,40.491391,-73.984412,single-family,4,3,1398,1987,575000,pending,2026-02-16
LIST-000644,2602 Lincoln Ct,Denver,CO,23801,39.821121,-105.096119,condo,0,1,1325,1931,345000,sold,2024-08-29
LIST-000645,3278 River Way,Miami,FL,62028,25.836516,-80.275756,condo,2,2,697,1959,180000,active,2024-07-24
LIST-000646,5255 Lincoln St,San Francisco,CA,29072,37.670442,-122.521073,single-family,5,5,1094,1935,495000,sold,2025-05-01
LIST-000647,1379 Birch Ave,New York,NY,43039,40.895936,-73.9061,condo,3,3,1147,1902,490000,sold,2024-11-26
LIST-000648,7031 Park Ln,Los Angeles,CA,22116,34.097372,-118.299066,single-family,5,5,2502,1985,1225000,active,2024-06-11
LIST-000649,9487 Washington Blvd,San Francisco,CA,88266,37.658621,-122.337441,single-family,3,2,1536,1949,870000,sold,2026-03-26
LIST-000650,6668 Ridge St,Los Angeles,CA,51472,34.259639,-118.34471,condo,2,3,1464,2014,655000,active,2026-03-03
LIST-000651,3141 Market St,New York,NY,38329,40.849322,-74.23149,condo,0,1,1094,1989,560000,active,2025-02-18
LIST-000652,6987 Madison Way,Los Angeles,CA,56165,34.008646,-118.088395,single-family,2,1,1713,1983,865000,sold,2025-01-29
LIST-000653,1635 Pine Ave,San Francisco,CA,47125,37.689863,-122.367434,single-family,6,6,1532,2008,995000,sold,2025-09-05
LIST-000654,6901 Walnut Dr,San Francisco,CA,97518,37.801208,-122.434429,single-family,6,6,1943,1981,1050000,sold,2024-05-26
LIST-000655,6148 Autumn Dr,Miami,FL,61879,25.887519,-80.06941,townhouse,2,1,2567,1952,940000,sold,2025-12-31
LIST-000656,6144 Madison Way,Denver,CO,13440,39.675958,-105.117554,single-family,5,5,1831,1900,450000,sold,2024-05-13
LIST-000657,2856 River Way,Los Angeles,CA,93397,34.272554,-118.255691,single-family,5,5,1653,1906,570000,sold,2024-08-09
LIST-000658,2615 Park Dr,Denver,CO,44108,39.859939,-104.876856,condo,0,1,899,2000,260000,sold,2026-04-12
LIST-000659,5877 Elm Dr,San Francisco,CA,27111,37.81087,-122.416095,condo,1,2,922,1910,395000,active,2025-11-22
LIST-000660,9502 Cedar Ave,Chicago,IL,28844,41.91476,-87.496134,townhouse,4,3,900,1998,210000,active,2024-07-04
LIST-000661,7981 Mission Ave,Seattle,WA,12877,47.742175,-122.171405,single-family,3,3,3123,2016,1550000,pending,2025-05-17
LIST-000662,525 Cedar Way,Los Angeles,CA,84356,34.164486,-118.356227,condo,3,3,1370,1923,405000,withdrawn,2025-09-25
LIST-000663,5988 Cedar Dr,New York,NY,29968,40.594631,-74.14172,single-family,3,2,2451,1903,885000,sold,2025-12-13
LIST-000664,7662 Summer Pl,San Francisco,CA,82285,37.847477,-122.366303,condo,1,2,1012,1961,450000,active,2025-11-01
LIST-000665,8002 Forest Pl,Seattle,WA,36978,47.799735,-122.484436,single-family,3,2,2371,2001,1090000,pending,2026-01-07
LIST-000666,563 Madison Ln,Seattle,WA,18423,47.684513,-122.59644,condo,3,3,1066,1972,365000,sold,2026-01-27
LIST-000667,6104 Birch Way,Chicago,IL,38204,41.934641,-87.775012,condo,2,3,1510,1954,390000,pending,2024-06-26
LIST-000668,3572 Cedar Ln,San Francisco,CA,88879,37.901727,-122.408393,single-family,5,4,2820,2015,1530000,active,2024-12-07
LIST-000669,6911 Cedar Ave,Austin,TX,16133,30.344549,-97.980436,condo,3,3,595,1925,110000,sold,2025-05-23
LIST-000670,6609 Oak St,Seattle,WA,70525,47.459417,-122.472519,single-family,2,1,2535,1902,750000,sold,2024-05-04
LIST-000671,4899 Spring Pl,Los Angeles,CA,90258,34.023982,-118.237179,condo,3,3,1022,1951,300000,sold,2025-05-19
LIST-000672,7148 Hill Blvd,Denver,CO,23780,39.891747,-105.115373,townhouse,4,4,2361,1903,435000,sold,2024-08-16
LIST-000673,6228 Ridge Blvd,San Francisco,CA,19835,37.848,-122.64354,condo,0,1,1257,2000,585000,active,2024-12-23
LIST-000674,8039 Ridge Way,New York,NY,41525,40.838282,-73.850735,single-family,3,2,1756,1981,835000,active,2025-06-14
LIST-000675,997 Walnut St,Miami,FL,19849,25.892864,-80.097048,condo,0,1,1214,1982,460000,active,2024-06-30
LIST-000676,5118 Spring Pl,Austin,TX,51072,30.151567,-97.625156,single-family,4,4,1715,2004,535000,sold,2026-02-26
LIST-000677,5042 Lincoln Ave,Chicago,IL,46416,42.041433,-87.458179,single-family,4,3,3292,1965,670000,sold,2024-06-23
LIST-000678,9026 Pine Way,San Francisco,CA,56131,37.768312,-122.685991,single-family,5,5,1911,1934,690000,sold,2025-04-17
LIST-000679,2904 Washington Ln,Seattle,WA,48535,47.518799,-122.333884,single-family,2,1,2061,1983,750000,withdrawn,2024-09-28
LIST-000680,8728 Cedar Ln,Denver,CO,44888,39.594548,-104.906875,condo,1,1,1234,1928,240000,sold,2025-07-21
LIST-000681,9779 Valley St,Los Angeles,CA,55564,34.014403,-118.452866,single-family,2,2,1975,1934,675000,active,2024-10-06
LIST-000682,2333 Maple Pl,San Francisco,CA,53536,37.725977,-122.611827,single-family,4,4,871,1921,350000,active,2024-09-23
LIST-000683,294 Lincoln Ln,Seattle,WA,24337,47.638283,-122.33983,townhouse,2,2,900,1974,255000,sold,2025-05-03
LIST-000684,4226 Market Pl,Miami,FL,55977,25.842749,-80.034473,single-family,2,2,1217,1938,405000,pending,2025-05-17
LIST-000685,2330 Lake Pl,Los Angeles,CA,38869,34.123793,-118.406283,single-family,4,3,2793,1993,1265000,active,2025-03-15
LIST-000686,8937 Sunset Blvd,San Francisco,CA,45903,37.717735,-122.62352,single-family,3,3,2694,1924,1430000,pending,2024-07-23
LIST-000687,9294 Autumn Way,Los Angeles,CA,66814,34.193704,-118.388652,single-family,5,4,2036,1966,860000,sold,2024-08-04
LIST-000688,4732 Pine Ln,Los Angeles,CA,31313,33.830445,-118.241896,condo,3,3,1180,1966,555000,sold,2025-09-28
LIST-000689,8234 Market Blvd,San Francisco,CA,47128,37.765512,-122.362973,condo,0,1,1379,2006,635000,active,2025-01-28
LIST-000690,6338 Forest Ct,New York,NY,56482,40.83159,-73.810022,condo,3,3,1108,1910,365000,active,2026-04-25
LIST-000691,6830 Jefferson Dr,New York,NY,36149,40.707812,-73.913149,single-family,4,4,1267,1941,605000,active,2025-12-18
LIST-000692,8264 Market Way,Los Angeles,CA,67920,33.992002,-118.276048,condo,1,2,923,2012,480000,active,2025-06-14
LIST-000693,6123 Birch Ln,Seattle,WA,41804,47.476905,-122.227466,single-family,2,2,2704,1996,905000,withdrawn,2026-01-01
LIST-000694,1763 Park Ave,San Francisco,CA,17168,37.920442,-122.23309,condo,3,3,1017,2011,625000,sold,2024-07-05
LIST-000695,2545 Valley Ln,Miami,FL,98562,25.699941,-80.366902,townhouse,2,2,1555,1971,570000,sold,2024-10-21
LIST-000696,1707 Sunrise St,Austin,TX,22696,30.341826,-97.980209,condo,1,2,755,1900,125000,sold,2025-06-08
LIST-000697,2028 Forest Blvd,Miami,FL,99302,25.902664,-80.134723,single-family,5,4,3205,2007,1390000,active,2025-08-19
LIST-000698,9656 Sunrise Way,Chicago,IL,47938,41.918525,-87.747962,condo,1,1,1039,1989,270000,sold,2024-12-12
LIST-000699,7292 Oak Way,Austin,TX,14467,30.221698,-97.897458,single-family,5,4,2392,1915,525000,active,2024-12-22
LIST-000700,1038 Elm Blvd,New York,NY,78820,40.686851,-74.206348,single-family,3,2,2492,1964,1335000,sold,2025-01-26
LIST-000701,9936 Market Blvd,Los Angeles,CA,59351,33.950574,-118.048504,condo,1,2,1120,1950,325000,sold,2025-05-11
LIST-000702,493 Summer Blvd,Chicago,IL,62923,41.912566,-87.917405,single-family,3,2,1591,1975,470000,pending,2025-08-23
LIST-000703,6302 Winter Ct,Los Angeles,CA,32806,33.8685,-118.242911,condo,2,2,1641,1993,795000,active,2026-03-16
LIST-000704,7374 River Blvd,New York,NY,32815,40.71263,-73.932058,single-family,2,1,1972,1997,955000,sold,2024-05-23
LIST-000705,1586 Walnut St,New York,NY,21274,40.76579,-73.792057,single-family,5,4,2251,1955,1145000,sold,2024-09-27
LIST-000706,3125 Walnut Pl,Miami,FL,94178,25.626465,-80.009265,single-family,6,6,3076,1943,780000,sold,2026-04-08
LIST-000707,8180 Hill St,Denver,CO,49089,39.84787,-105.093307,townhouse,2,1,1351,1909,300000,active,2025-06-06
LIST-000708,9436 Hill Ln,Chicago,IL,47757,41.899155,-87.458103,townhouse,3,2,1870,1990,450000,sold,2024-08-31
LIST-000709,8973 Summer Way,Seattle,WA,17784,47.588842,-122.407324,single-family,5,4,2012,1953,615000,pending,2025-12-15
LIST-000710,9044 Sunrise Blvd,New York,NY,90272,40.845146,-74.17357,single-family,2,2,1973,1944,1025000,withdrawn,2025-08-08
LIST-000711,3224 Jefferson Ct,Los Angeles,CA,13454,34.097069,-118.23138,single-family,4,3,1063,2012,585000,active,2024-06-12
LIST-000712,6034 Lake Dr,Austin,TX,67403,30.084155,-97.815655,single-family,5,5,2246,1955,620000,sold,2024-07-29
LIST-000713,4104 Oak Ave,Los Angeles,CA,11952,34.068226,-117.983955,single-family,2,2,1243,2003,620000,sold,2026-01-13
LIST-000714,1261 Ridge Dr,San Francisco,CA,26040,37.744566,-122.234645,single-family,6,6,2620,1937,1020000,pending,2025-09-23
LIST-000715,5234 Spring Ave,Denver,CO,79054,39.618967,-104.793767,townhouse,2,1,1481,1999,465000,sold,2024-11-06
LIST-000716,3463 Cedar Way,San Francisco,CA,49968,37.715922,-122.679285,condo,2,3,450,2016,230000,expired,2024-10-27
LIST-000717,1394 Oak Ln,Austin,TX,49375,30.462068,-97.691374,single-family,5,4,2219,2007,525000,active,2025-02-23
LIST-000718,5009 Oak Way,Miami,FL,79794,25.900278,-80.173492,single-family,5,5,2063,1928,500000,active,2025-03-31
LIST-000719,9075 River Ln,New York,NY,17486,40.718845,-74.289345,single-family,4,4,2124,2006,1190000,sold,2025-12-29
LIST-000720,4608 Autumn Ln,Miami,FL,27284,25.549282,-80.136744,condo,2,3,826,1948,245000,expired,2024-11-02
LIST-000721,5038 Lincoln Way,San Francisco,CA,89691,37.66635,-122.457252,single-family,5,5,1674,1984,830000,sold,2025-12-21
LIST-000722,969 Lincoln Ave,Miami,FL,82955,25.567137,-80.112191,single-family,2,1,1722,1904,525000,sold,2026-02-15
LIST-000723,822 Hill Ave,Los Angeles,CA,29254,33.983309,-118.048285,single-family,3,2,2148,2011,965000,active,2024-09-13
LIST-000724,274 Market Way,Chicago,IL,43954,41.781508,-87.63528,single-family,4,4,1620,1970,430000,active,2025-11-07
LIST-000725,6997 Valley Blvd,Denver,CO,99262,39.743773,-104.928638,single-family,6,5,2282,1926,490000,pending,2026-01-30
LIST-000726,2468 Lincoln St,San Francisco,CA,58274,37.662809,-122.248607,multi-family,6,5,3409,2020,2615000,sold,2024-09-02
LIST-000727,3689 Lincoln Ct,San Francisco,CA,20281,37.7349,-122.29853,condo,2,2,812,1984,500000,pending,2025-09-17
LIST-000728,4008 Park Dr,Denver,CO,85398,39.795853,-105.060821,condo,3,3,1373,1966,365000,active,2026-02-09
LIST-000729,7942 Washington Dr,Miami,FL,20019,25.788372,-79.946332,single-family,2,2,800,1952,230000,pending,2025-05-28
LIST-000730,4274 Autumn Ln,Seattle,WA,97281,47.474055,-122.423342,condo,1,1,1355,1931,480000,sold,2025-07-29
LIST-000731,9096 Spring Pl,Los Angeles,CA,25832,33.987279,-118.192933,single-family,3,2,1405,2015,545000,sold,2024-09-07
LIST-000732,6601 Spring Dr,Austin,TX,65359,30.345445,-97.723401,single-family,3,3,1335,1916,285000,sold,2025-02-26
LIST-000733,7148 Valley Pl,Austin,TX,63592,30.329317,-97.797152,townhouse,4,4,1821,1994,630000,withdrawn,2026-04-08
LIST-000734,7195 Elm Ln,Austin,TX,69444,30.23548,-97.963389,condo,0,1,1096,1900,225000,pending,2025-09-17
LIST-000735,4568 Lincoln Way,New York,NY,37614,40.692249,-73.917569,single-family,6,5,1970,1996,860000,active,2026-01-23
LIST-000736,3805 Market Ln,San Francisco,CA,89451,37.863263,-122.31632,single-family,5,5,2676,2013,1395000,withdrawn,2024-11-18
LIST-000737,4627 Lincoln Ct,San Francisco,CA,13378,37.829127,-122.529343,condo,0,1,1711,1968,1030000,active,2026-02-06
LIST-000738,1918 Lake Ave,Austin,TX,27933,30.346437,-97.907433,single-family,2,2,2411,1956,720000,sold,2024-07-07
LIST-000739,8550 Park Dr,Austin,TX,15027,30.362043,-97.687711,single-family,4,3,1162,1986,370000,sold,2024-12-31
LIST-000740,7712 Birch Pl,Miami,FL,98257,25.89327,-80.33324,single-family,2,2,2382,1917,660000,sold,2024-10-19
LIST-000741,6240 Mission Dr,Miami,FL,64808,25.722464,-79.982088,single-family,2,2,2323,1971,810000,sold,2024-05-31
LIST-000742,5861 Jefferson Pl,Chicago,IL,92578,41.791594,-87.805326,single-family,4,4,2104,2012,525000,sold,2026-01-09
LIST-000743,6532 Spring Blvd,Los Angeles,CA,96587,34.154736,-118.273067,townhouse,3,2,2048,1984,815000,active,2025-01-03
LIST-000744,5305 Ridge Way,Miami,FL,63609,25.814504,-80.355555,single-family,5,5,1998,1903,450000,sold,2026-03-23
LIST-000745,2738 Jefferson Dr,Seattle,WA,39007,47.425584,-122.196026,single-family,2,1,1679,1981,735000,pending,2025-03-15
LIST-000746,5470 Lake Ave,Miami,FL,21829,25.835023,-80.208257,condo,1,1,1119,1902,335000,active,2025-02-19
LIST-000747,4084 Maple St,Chicago,IL,38261,41.773071,-87.463791,single-family,3,2,2375,2002,535000,pending,2025-03-18
LIST-000748,2035 Autumn Ct,Miami,FL,42415,25.568702,-80.227891,single-family,5,5,1765,1920,430000,active,2025-09-03
LIST-000749,2497 Cedar Ct,Chicago,IL,81001,41.873247,-87.73917,single-family,2,2,2958,1997,865000,active,2025-11-28
LIST-000750,6179 Valley Ct,Los Angeles,CA,95989,33.985437,-118.048086,single-family,6,6,2529,1938,785000,active,2024-11-22
LIST-000751,9477 Maple Ct,San Francisco,CA,24195,37.569502,-122.524172,single-family,6,6,800,1993,435000,pending,2025-06-29
LIST-000752,8035 Lincoln Dr,Miami,FL,83516,25.612701,-80.167518,single-family,4,3,3375,1918,1035000,expired,2024-07-14
LIST-000753,9272 Washington Ct,San Francisco,CA,14785,37.85006,-122.57333,single-family,6,6,2752,1952,1250000,pending,2024-08-25
LIST-000754,1344 Cedar Ct,New York,NY,73307,40.742354,-73.857158,condo,3,3,1226,1940,620000,active,2025-04-24
LIST-000755,7992 Birch Ct,Austin,TX,92072,30.273172,-97.902786,single-family,2,2,2493,1914,415000,sold,2024-09-10
LIST-000756,3359 Autumn Way,Seattle,WA,28548,47.493453,-122.260333,single-family,4,3,3245,1978,1450000,sold,2024-09-06
LIST-000757,101 Valley Dr,Denver,CO,71668,39.629365,-104.956369,townhouse,4,4,2025,1960,420000,sold,2024-08-25
LIST-000758,241 Walnut Ln,Los Angeles,CA,39626,33.985525,-118.222278,single-family,6,5,2916,1976,985000,pending,2025-07-09
LIST-000759,3556 Ridge Blvd,Los Angeles,CA,29978,33.859898,-118.127572,condo,2,2,911,1969,380000,active,2025-08-04
LIST-000760,7766 Walnut Blvd,Los Angeles,CA,90725,34.073118,-118.326909,condo,3,4,1231,1998,620000,sold,2026-01-18
LIST-000761,7213 Forest Pl,San Francisco,CA,27953,37.797595,-122.285242,townhouse,4,4,1982,1900,725000,sold,2024-06-10
LIST-000762,9928 Walnut Blvd,Los Angeles,CA,51546,34.170174,-118.114468,condo,3,3,1367,1990,570000,pending,2025-06-10
LIST-000763,6001 Sunset Way,New York,NY,55636,40.663349,-74.269329,townhouse,4,3,995,1987,405000,sold,2025-09-19
LIST-000764,8628 Walnut St,Austin,TX,35668,30.170327,-97.78734,multi-family,5,4,3287,1947,685000,sold,2024-05-09
LIST-000765,947 Lincoln St,Chicago,IL,43166,41.987534,-87.721732,townhouse,4,4,1618,1935,360000,pending,2025-10-23
LIST-000766,482 Washington Blvd,New York,NY,23616,40.929683,-74.010978,condo,3,4,1051,1995,630000,sold,2026-01-18
LIST-000767,283 Park Way,Austin,TX,35451,30.323334,-97.831451,single-family,2,2,1214,1940,235000,sold,2026-02-22
LIST-000768,3171 Winter Blvd,New York,NY,97771,40.805103,-74.016531,condo,2,2,1264,2020,750000,sold,2025-10-01
LIST-000769,7649 Lincoln Ave,Austin,TX,55964,30.20602,-97.716789,single-family,3,2,2562,2007,930000,pending,2025-07-10
LIST-000770,3573 Mission Way,Chicago,IL,32195,41.99225,-87.492463,single-family,2,2,2980,1940,665000,expired,2025-12-17
LIST-000771,3094 Ridge Dr,Seattle,WA,64261,47.803869,-122.441334,single-family,3,3,1882,1936,515000,active,2025-01-01
LIST-000772,2803 Oak Ct,San Francisco,CA,68939,37.735322,-122.565821,single-family,5,4,2644,1974,1340000,sold,2025-06-11
LIST-000773,4240 Walnut Pl,San Francisco,CA,77275,37.944618,-122.427829,single-family,4,4,1236,1970,760000,sold,2024-07-10
LIST-000774,5291 Spring Ave,Los Angeles,CA,87121,33.837183,-118.271575,condo,3,4,1760,1975,645000,sold,2025-09-24
LIST-000775,7202 Autumn Pl,Chicago,IL,34400,42.087837,-87.615809,single-family,4,3,1934,2016,505000,active,2025-06-29
LIST-000776,3848 Winter Ave,Chicago,IL,62579,41.855693,-87.880083,single-family,3,2,1879,1992,460000,pending,2025-10-10
LIST-000777,9315 Winter Blvd,Seattle,WA,36012,47.796131,-122.4159,single-family,2,2,800,2013,355000,sold,2025-06-12
LIST-000778,3293 Elm Ln,San Francisco,CA,10110,37.900796,-122.460388,multi-family,6,6,3061,2002,1690000,pending,2025-04-23
LIST-000779,6466 Spring Dr,Los Angeles,CA,71708,34.112827,-118.334729,single-family,3,3,1637,1947,455000,active,2024-07-17
LIST-000780,6966 Washington Ct,New York,NY,52875,40.802872,-74.217885,condo,0,1,568,1940,265000,active,2025-12-22
LIST-000781,6533 Pine Dr,Denver,CO,10208,39.675207,-105.1414,multi-family,4,4,3577,1930,800000,pending,2026-01-30
LIST-000782,7885 Oak Ln,San Francisco,CA,60700,37.798451,-122.299508,single-family,4,3,1852,1983,880000,active,2024-12-28
LIST-000783,2119 Lincoln Ct,New York,NY,11602,40.788404,-73.840814,condo,0,1,1496,1912,595000,sold,2026-01-17
LIST-000784,7387 Madison Way,Austin,TX,89119,30.253423,-97.7662,condo,3,3,1326,1938,300000,sold,2024-07-30
LIST-000785,9679 Ridge Dr,Miami,FL,54186,25.8677,-80.36695,multi-family,4,4,4178,1949,1495000,active,2024-05-06
LIST-000786,6060 Ridge Ct,Denver,CO,16563,39.861833,-105.155481,single-family,5,4,2010,1905,355000,sold,2025-02-10
LIST-000787,8714 Summer Ct,Los Angeles,CA,56824,34.103806,-118.37788,single-family,3,2,2029,1941,645000,active,2024-07-26
LIST-000788,8587 Lincoln Pl,Los Angeles,CA,41994,34.106302,-118.199579,condo,3,3,1144,1935,365000,sold,2025-08-23
LIST-000789,4218 Summer Ave,San Francisco,CA,12933,37.899905,-122.380603,condo,0,1,1220,2018,810000,pending,2025-03-08
LIST-000790,7758 Walnut Ct,Miami,FL,16400,25.872043,-80.081818,single-family,4,3,2069,1978,705000,sold,2024-11-06
LIST-000791,4511 Ridge Pl,Los Angeles,CA,64306,34.12567,-118.036237,single-family,2,1,2862,1934,755000,active,2025-12-29
LIST-000792,9642 Forest Way,Chicago,IL,89864,41.785701,-87.357963,single-family,2,1,1614,1928,260000,active,2025-11-05
LIST-000793,4199 River St,Denver,CO,32283,39.593957,-105.061886,single-family,4,3,2251,2009,795000,active,2025-10-24
LIST-000794,7407 Market Pl,Austin,TX,48249,30.417091,-97.649657,single-family,4,4,1790,1926,445000,sold,2024-12-23
LIST-000795,2167 River Ave,San Francisco,CA,59189,37.863853,-122.224287,single-family,5,4,2230,2024,1275000,sold,2024-10-30
LIST-000796,3577 Forest Ln,San Francisco,CA,82098,37.880004,-122.42598,condo,1,1,1098,1998,725000,sold,2025-03-08
LIST-000797,7373 Elm Blvd,Los Angeles,CA,47523,34.159113,-118.142775,townhouse,4,3,1206,1928,470000,sold,2025-04-26
LIST-000798,485 Washington Dr,Seattle,WA,63778,47.612459,-122.349019,condo,1,1,1094,1912,300000,sold,2025-03-21
LIST-000799,6388 Jefferson Dr,San Francisco,CA,12977,37.952227,-122.420937,condo,3,3,996,1972,565000,sold,2025-02-12
LIST-000800,516 Walnut Pl,Miami,FL,48401,25.700153,-80.118163,townhouse,2,1,1970,2019,840000,active,2024-08-12
LIST-000801,1154 Maple St,Seattle,WA,30875,47.431523,-122.236342,single-family,3,2,1808,1977,790000,sold,2026-04-06
LIST-000802,9954 Mission St,Austin,TX,80430,30.124735,-97.763693,single-family,5,5,2099,2000,595000,active,2025-11-08
LIST-000803,9509 Winter Ave,Seattle,WA,29134,47.796824,-122.220598,condo,0,1,1025,1983,380000,sold,2024-07-20
LIST-000804,8063 Winter Dr,Austin,TX,19708,30.191656,-97.874516,single-family,3,2,1397,1926,275000,pending,2025-10-21
LIST-000805,9243 Lake Ln,Austin,TX,38969,30.218062,-97.884698,single-family,5,4,1366,1997,330000,sold,2024-05-21
LIST-000806,6305 Ridge Dr,Los Angeles,CA,89619,33.878595,-118.33853,single-family,5,4,1764,1919,630000,sold,2024-08-22
LIST-000807,9629 Madison Way,San Francisco,CA,55116,37.741055,-122.295497,condo,2,3,494,1966,245000,sold,2024-09-10
LIST-000808,3392 Hill Blvd,Denver,CO,54874,39.863001,-105.070958,condo,3,4,1067,2014,325000,sold,2024-06-20
LIST-000809,3328 Lake St,Los Angeles,CA,78697,34.100727,-118.476211,condo,2,2,712,1901,240000,sold,2025-12-30
LIST-000810,3003 Spring Dr,Seattle,WA,42502,47.572277,-122.239915,single-family,6,6,1738,2024,870000,sold,2025-06-11
LIST-000811,1007 Walnut Dr,Los Angeles,CA,27373,34.136198,-118.03698,multi-family,6,4,2973,1993,1460000,active,2026-04-02
LIST-000812,3244 Cedar Dr,Los Angeles,CA,67920,33.857635,-118.209951,single-family,2,1,3074,2001,1425000,active,2024-07-30
LIST-000813,9862 Ridge Pl,Chicago,IL,42997,42.001228,-87.61981,single-family,2,1,2167,2003,620000,sold,2024-05-01
LIST-000814,7219 Cedar Blvd,Chicago,IL,83566,41.749697,-87.611616,single-family,4,3,1710,2011,480000,pending,2025-10-09
LIST-000815,3002 Walnut Ave,Denver,CO,93608,39.8648,-105.01685,single-family,3,3,2684,1938,535000,sold,2025-01-21
LIST-000816,5314 Elm Dr,Miami,FL,84843,25.657708,-80.193091,single-family,6,5,2355,1913,670000,withdrawn,2024-10-11
LIST-000817,7742 Valley Way,Miami,FL,39979,25.881433,-80.369199,condo,1,2,761,1976,290000,sold,2024-11-26
LIST-000818,6707 Lake Blvd,San Francisco,CA,62963,37.695846,-122.288661,condo,3,4,1064,1972,540000,sold,2025-12-14
LIST-000819,3277 Autumn Dr,New York,NY,83147,40.90858,-73.974228,condo,1,1,1078,1903,350000,sold,2025-01-08
LIST-000820,6400 Spring Pl,Chicago,IL,16029,41.855688,-87.431397,single-family,3,2,3233,1992,830000,sold,2025-04-30
LIST-000821,6789 Birch Blvd,Los Angeles,CA,19697,33.860413,-118.382794,single-family,2,1,2006,2018,830000,sold,2026-03-16
LIST-000822,1124 Autumn Way,Chicago,IL,28411,41.720169,-87.716625,single-family,4,3,2668,1971,655000,active,2024-05-17
LIST-000823,389 Birch Ave,New York,NY,43470,40.732044,-74.182772,condo,1,2,773,1942,280000,expired,2024-11-18
LIST-000824,5368 Autumn Pl,Chicago,IL,76088,41.928898,-87.815398,condo,0,1,1165,1965,260000,sold,2024-05-25
LIST-000825,3137 Winter Ave,Los Angeles,CA,89958,34.170919,-118.179425,single-family,2,2,1047,2008,545000,sold,2025-04-29
LIST-000826,7094 Maple Ct,Miami,FL,79168,25.736861,-80.029964,single-family,3,2,1887,1909,415000,sold,2025-04-18
LIST-000827,3292 Winter Way,Chicago,IL,69998,41.886573,-87.651058,single-family,3,2,1683,1928,355000,sold,2025-06-18
LIST-000828,8858 Lake Ave,New York,NY,15171,40.544143,-74.122661,single-family,3,3,2305,1939,820000,active,2025-08-11
LIST-000829,7213 Cedar Ct,Los Angeles,CA,27997,34.06797,-118.092241,single-family,4,4,1675,2019,925000,sold,2024-05-22
LIST-000830,1531 Elm Ave,San Francisco,CA,87360,37.902627,-122.629934,single-family,2,1,2318,1956,1120000,active,2025-02-20
LIST-000831,7496 Maple St,San Francisco,CA,76680,37.870946,-122.466896,condo,2,2,1020,1911,485000,pending,2024-11-15
LIST-000832,1393 Mission Ct,Seattle,WA,49412,47.74793,-122.38387,single-family,4,3,2456,2007,815000,withdrawn,2025-09-19
LIST-000833,1012 Washington Dr,New York,NY,71579,40.740442,-74.014336,condo,2,3,1207,1901,350000,active,2025-10-22
LIST-000834,1802 Autumn Blvd,New York,NY,97643,40.586034,-73.831685,single-family,3,2,1793,1922,590000,sold,2024-08-26
LIST-000835,771 Jefferson Ct,San Francisco,CA,28919,37.691235,-122.34615,single-family,4,3,2235,1903,1065000,active,2026-03-09
LIST-000836,8803 Sunset Blvd,Miami,FL,70874,25.854203,-80.005689,single-family,4,4,2124,1911,530000,active,2025-05-05
LIST-000837,9369 Walnut Blvd,Miami,FL,74592,25.964329,-80.19078,single-family,4,4,1769,2022,730000,sold,2025-05-07
LIST-000838,3034 Summer Ln,Los Angeles,CA,42739,34.128069,-118.278441,single-family,2,2,2770,1991,1120000,sold,2024-07-21
LIST-000839,6318 Mission St,Los Angeles,CA,14485,33.943113,-118.477444,single-family,6,5,2119,1954,740000,active,2025-11-23
LIST-000840,9466 River Pl,Miami,FL,55075,25.983706,-80.169558,condo,1,2,940,1941,215000,sold,2026-02-26
LIST-000841,1591 Market Way,New York,NY,81945,40.700615,-73.806617,single-family,4,3,1439,1932,540000,sold,2025-12-21
LIST-000842,4854 Birch Way,Miami,FL,25765,25.784729,-80.317441,single-family,2,2,3181,1912,725000,sold,2024-07-26
LIST-000843,5808 Madison Blvd,Los Angeles,CA,12191,34.200223,-118.261368,single-family,6,6,957,1965,315000,sold,2024-10-20
LIST-000844,2723 Mission Dr,Chicago,IL,30807,42.035053,-87.565681,single-family,6,6,2957,1988,915000,sold,2025-02-15
LIST-000845,7817 Sunset Way,Miami,FL,78386,25.874388,-80.01483,townhouse,4,3,1903,2022,905000,sold,2025-02-27
LIST-000846,2308 Birch Pl,San Francisco,CA,17762,37.993048,-122.418787,single-family,6,5,1723,1926,925000,sold,2024-06-21
LIST-000847,4535 Birch Ct,Miami,FL,19244,25.83072,-80.396604,multi-family,5,4,3460,1950,1105000,active,2025-01-28
LIST-000848,8599 Cedar Pl,San Francisco,CA,25373,37.956876,-122.503365,single-family,5,5,1257,1986,635000,pending,2025-09-07
LIST-000849,4195 Cedar Pl,Los Angeles,CA,15370,34.117578,-118.40544,single-family,6,5,2803,1996,1435000,pending,2024-11-28
LIST-000850,5950 Hill Pl,Seattle,WA,89077,47.583076,-122.464847,townhouse,3,2,2377,1928,750000,active,2025-11-20
LIST-000851,1371 Maple Ave,Miami,FL,42931,25.566885,-80.075826,condo,2,2,1028,1981,350000,sold,2026-02-09
LIST-000852,9277 River Ct,Austin,TX,83488,30.13251,-97.836367,single-family,5,4,806,1913,210000,sold,2025-05-14
LIST-000853,663 Lake Pl,San Francisco,CA,65290,37.813816,-122.49895,condo,0,1,1477,1946,745000,sold,2025-08-12
LIST-000854,5399 Cedar Ln,Miami,FL,13164,25.592902,-80.218794,townhouse,4,3,2157,1985,890000,active,2024-09-18
LIST-000855,4321 Winter Blvd,New York,NY,16265,40.686337,-74.26978,townhouse,3,2,1852,2024,1260000,active,2025-12-30
LIST-000856,8828 Summer Dr,Los Angeles,CA,21648,33.863122,-118.313558,single-family,5,4,1599,1999,795000,sold,2026-02-25
LIST-000857,7182 Lake Blvd,Los Angeles,CA,73627,34.159078,-118.320898,single-family,5,4,1481,1996,600000,active,2025-11-01
LIST-000858,9807 Market Ct,New York,NY,36033,40.810628,-73.897192,condo,2,2,803,1968,315000,sold,2024-06-28
LIST-000859,5315 Hill Pl,Miami,FL,84725,25.71555,-80.111237,single-family,3,2,3293,2004,1430000,sold,2025-08-20
LIST-000860,3548 Birch St,Miami,FL,39600,25.82447,-80.089227,multi-family,4,3,4412,1928,1425000,expired,2024-11-07
LIST-000861,6352 Summer Ln,Los Angeles,CA,62378,34.190539,-118.452028,single-family,5,4,800,1924,250000,sold,2025-07-26
LIST-000862,2213 Park Dr,Austin,TX,56802,30.340719,-97.987081,single-family,4,3,1354,2015,500000,active,2025-06-24
LIST-000863,3679 Sunset Ln,Miami,FL,94536,25.90245,-80.083246,townhouse,4,3,1516,2005,590000,sold,2025-11-09
LIST-000864,5705 Sunrise Blvd,Chicago,IL,83268,41.839965,-87.677179,single-family,5,5,2037,2022,715000,active,2025-04-14
LIST-000865,5086 Jefferson Ln,San Francisco,CA,38207,37.903596,-122.466998,single-family,4,4,1942,1990,1245000,active,2025-03-04
LIST-000866,1173 Washington Ave,Los Angeles,CA,56969,34.173152,-118.387918,townhouse,2,1,1247,2010,430000,sold,2025-11-05
LIST-000867,9414 Spring Ct,Denver,CO,22341,39.718146,-105.239113,single-family,6,6,2175,2018,710000,active,2024-07-09
LIST-000868,3033 Ridge Ct,Miami,FL,43031,25.62442,-80.167076,townhouse,2,2,1615,1939,440000,sold,2026-03-14
LIST-000869,38 Madison St,Los Angeles,CA,58909,33.971876,-118.37236,single-family,5,5,1979,1977,635000,sold,2025-10-13
LIST-000870,8778 Walnut Way,San Francisco,CA,91378,37.9125,-122.388844,townhouse,4,3,1687,2009,820000,active,2025-09-07
LIST-000871,8817 Autumn Ave,San Francisco,CA,13976,37.879855,-122.224881,single-family,3,2,1765,1922,780000,sold,2025-04-11
LIST-000872,7459 Market Ct,Miami,FL,90372,25.729337,-80.056891,single-family,3,3,911,2015,280000,active,2024-08-29
LIST-000873,7881 Autumn Ave,Miami,FL,17683,25.654721,-80.403765,single-family,3,2,3061,1962,840000,sold,2025-02-03
LIST-000874,3254 Valley Ct,Miami,FL,27757,25.723452,-80.254127,townhouse,4,3,2488,1996,915000,active,2025-01-04
LIST-000875,692 Walnut Ave,Seattle,WA,17224,47.468147,-122.319819,single-family,4,3,1704,2000,780000,sold,2025-10-25
LIST-000876,8820 Oak Ct,Los Angeles,CA,34672,34.192035,-118.365875,single-family,4,4,1774,1968,540000,expired,2025-02-23
LIST-000877,9367 Mission St,Austin,TX,36687,30.338197,-97.573174,single-family,2,2,3295,2014,885000,pending,2025-11-06
LIST-000878,6398 Hill Way,San Francisco,CA,53352,37.887607,-122.52256,single-family,4,4,2953,2015,1610000,sold,2026-02-05
LIST-000879,4476 Forest St,New York,NY,95634,40.792371,-73.849575,condo,2,2,754,2010,480000,pending,2026-03-14
LIST-000880,3663 Pine Ave,Seattle,WA,68868,47.58077,-122.120592,townhouse,3,2,1942,1976,565000,sold,2024-06-02
LIST-000881,9350 Ridge Ave,San Francisco,CA,80288,37.561524,-122.399923,single-family,4,4,2533,1987,1575000,sold,2024-12-08
LIST-000882,3756 Oak Ct,Miami,FL,72759,25.868219,-80.295283,single-family,2,1,1939,1925,440000,expired,2025-04-30
LIST-000883,5218 Oak St,Los Angeles,CA,34768,34.120457,-118.466324,single-family,6,5,1791,1976,810000,sold,2025-05-27
LIST-000884,8293 Pine Dr,New York,NY,30066,40.838053,-74.059216,townhouse,3,2,1784,1925,830000,active,2025-02-20
LIST-000885,1077 Forest St,Los Angeles,CA,17433,33.997956,-118.344072,single-family,5,5,2550,1936,905000,active,2025-01-02
LIST-000886,9298 Cedar Dr,Chicago,IL,17656,41.962786,-87.680897,single-family,3,3,1422,1987,315000,pending,2025-07-12
LIST-000887,7464 Sunrise Blvd,Miami,FL,90295,25.721168,-80.205054,single-family,5,4,1931,1957,720000,active,2025-05-17
LIST-000888,2369 Oak Pl,Seattle,WA,66588,47.640761,-122.023053,single-family,3,2,2912,1932,1090000,pending,2024-05-17
LIST-000889,7604 Lake Way,Seattle,WA,68181,47.732175,-122.58363,multi-family,5,3,2049,1953,835000,sold,2025-04-17
LIST-000890,7601 Jefferson Ct,Los Angeles,CA,91117,34.028455,-118.412976,single-family,3,3,3242,1972,1100000,sold,2025-09-25
LIST-000891,2577 Market Ct,Los Angeles,CA,38465,33.954663,-118.149786,single-family,6,5,1747,1999,890000,sold,2024-10-02
LIST-000892,2563 Mission Ct,New York,NY,99211,40.851471,-74.074212,single-family,3,2,3178,1972,1620000,active,2025-12-01
LIST-000893,1600 Autumn Ave,Chicago,IL,92324,41.995869,-87.410119,single-family,3,3,2154,1978,640000,sold,2025-11-23
LIST-000894,1091 Lake Way,San Francisco,CA,37919,37.788494,-122.439601,single-family,2,1,1409,2019,1045000,active,2024-08-25
LIST-000895,9212 Jefferson Pl,Chicago,IL,91040,41.675632,-87.586884,condo,2,3,1157,2012,265000,sold,2025-06-18
LIST-000896,7823 Elm St,Austin,TX,59931,30.336182,-97.855996,single-family,2,2,1764,2016,530000,sold,2024-08-14
LIST-000897,6071 Pine Blvd,Chicago,IL,54535,41.732849,-87.401052,single-family,6,6,1986,1962,560000,sold,2026-03-19
LIST-000898,8115 Maple Ct,San Francisco,CA,56492,37.67807,-122.322658,single-family,3,2,2139,1937,1105000,withdrawn,2024-07-04
LIST-000899,5539 Oak Ln,New York,NY,68842,40.710478,-73.826458,single-family,6,6,800,1906,305000,sold,2024-11-21
LIST-000900,6246 Walnut Pl,Austin,TX,85189,30.077652,-97.683931,single-family,6,6,2185,1916,550000,withdrawn,2024-05-09
LIST-000901,8018 Valley Ln,Seattle,WA,44286,47.586067,-122.38799,condo,2,3,450,1954,145000,pending,2025-01-24
LIST-000902,2911 Lake Ave,San Francisco,CA,24031,37.703633,-122.587914,condo,2,2,1024,2014,515000,sold,2026-01-17
LIST-000903,5431 Autumn Ave,San Francisco,CA,70393,37.811283,-122.670305,townhouse,2,2,1669,2016,1090000,active,2025-08-30
LIST-000904,829 Spring Ave,Chicago,IL,99863,41.912455,-87.574934,townhouse,2,2,1335,1911,275000,active,2025-04-02
LIST-000905,1313 Elm Dr,Seattle,WA,34238,47.669016,-122.084887,condo,3,3,1196,1986,485000,sold,2025-04-09
LIST-000906,9714 Valley Ct,Los Angeles,CA,31289,33.864405,-118.359969,single-family,2,2,2555,1924,715000,pending,2024-10-24
LIST-000907,999 Washington Ct,Denver,CO,18229,39.631474,-104.9206,condo,1,1,656,1932,140000,active,2024-06-17
LIST-000908,1089 Lincoln Ln,San Francisco,CA,99270,37.733285,-122.662904,single-family,2,1,800,1975,485000,withdrawn,2025-10-25
LIST-000909,7573 Park Ct,Austin,TX,56254,30.187275,-97.628498,condo,2,2,1121,1995,275000,sold,2024-06-03
LIST-000910,2457 River Way,Seattle,WA,59998,47.40221,-122.238348,single-family,5,4,1581,2021,535000,active,2025-01-02
LIST-000911,4982 Jefferson Ln,San Francisco,CA,75185,37.669433,-122.634922,single-family,6,6,2122,1960,915000,pending,2024-05-17
LIST-000912,7820 Washington Ln,Los Angeles,CA,18769,34.026386,-118.430735,single-family,3,2,2206,2024,1115000,pending,2024-07-22
LIST-000913,2130 Madison Ln,San Francisco,CA,90167,37.612788,-122.411963,single-family,5,5,2916,1943,1490000,sold,2025-03-30
LIST-000914,3834 Park Pl,Los Angeles,CA,37453,34.000347,-118.397559,single-family,6,5,1872,1908,445000,pending,2024-11-08
LIST-000915,4091 Sunrise Pl,Miami,FL,89873,25.613276,-80.278688,single-family,3,3,3122,1973,1270000,active,2025-08-04
LIST-000916,6392 Winter Dr,New York,NY,44866,40.805115,-74.119324,single-family,3,2,1874,1910,700000,sold,2026-03-31
LIST-000917,5253 Sunrise Way,Miami,FL,29152,25.83537,-80.088926,townhouse,2,1,1712,1941,470000,sold,2025-07-11
LIST-000918,6170 Forest St,Chicago,IL,76077,41.952183,-87.827722,condo,0,1,1524,1907,315000,active,2026-01-11
LIST-000919,5156 Cedar Ln,Los Angeles,CA,87836,34.023126,-118.125967,single-family,5,5,1396,1918,435000,pending,2024-08-30
LIST-000920,6052 Birch Way,Seattle,WA,52799,47.527654,-122.424288,single-family,6,6,2862,1941,1140000,active,2026-03-05
LIST-000921,8393 Oak Blvd,Miami,FL,84518,25.897865,-80.1674,single-family,4,3,2461,1997,700000,active,2025-07-14
LIST-000922,1149 Sunrise Ct,Denver,CO,20637,39.877514,-104.77312,single-family,3,3,2843,1911,700000,expired,2025-01-18
LIST-000923,9147 Maple St,Denver,CO,41360,39.636653,-105.155305,single-family,3,3,2357,1914,590000,sold,2024-10-24
LIST-000924,6494 Maple Ln,Chicago,IL,60793,41.691711,-87.596085,single-family,3,3,1498,2022,500000,sold,2025-01-06
LIST-000925,2699 River Dr,Denver,CO,58249,39.679089,-105.216875,condo,0,1,1311,1962,270000,sold,2025-07-26
LIST-000926,3217 Park Ln,San Francisco,CA,89641,37.761478,-122.436962,condo,2,2,1148,1965,570000,sold,2025-12-07
LIST-000927,9352 Summer Ln,Seattle,WA,36946,47.432871,-122.251506,single-family,6,5,2182,1949,845000,sold,2026-03-11
LIST-000928,400 Valley St,Miami,FL,43073,25.901682,-80.325989,condo,2,2,1240,1982,450000,sold,2026-03-18
LIST-000929,4081 Pine Ave,Los Angeles,CA,88215,34.003989,-118.143784,single-family,5,4,1523,1996,550000,sold,2025-07-10
LIST-000930,3537 Mission Dr,New York,NY,22744,40.560548,-74.192913,townhouse,3,3,1804,1938,730000,sold,2024-09-01
LIST-000931,507 Sunrise Blvd,New York,NY,36825,40.577521,-73.822574,single-family,2,1,2264,1938,785000,sold,2026-04-25
LIST-000932,6523 Market Ct,San Francisco,CA,30092,37.781201,-122.336173,townhouse,4,3,900,1934,325000,sold,2024-06-19
LIST-000933,409 Market Ln,San Francisco,CA,36568,37.85182,-122.595232,single-family,2,2,1258,2012,690000,active,2025-05-08
LIST-000934,784 Valley Way,New York,NY,74032,40.676659,-74.125713,condo,0,1,467,2006,285000,sold,2025-10-28
LIST-000935,7669 Lake Ln,San Francisco,CA,86049,37.833572,-122.575323,single-family,4,3,1988,1941,1050000,pending,2024-09-13
LIST-000936,7654 Sunset Blvd,San Francisco,CA,53621,37.916806,-122.569009,condo,3,4,729,1955,295000,active,2024-08-15
LIST-000937,6503 Pine Ct,New York,NY,36976,40.82778,-74.091517,multi-family,5,3,2583,1995,1115000,sold,2024-08-17
LIST-000938,5496 Sunrise Ave,New York,NY,39724,40.497157,-74.086712,single-family,6,6,2812,1932,1370000,sold,2024-09-05
LIST-000939,2561 Spring Dr,Los Angeles,CA,93947,33.908088,-118.066056,townhouse,4,3,1771,1952,705000,expired,2024-10-23
LIST-000940,3438 Jefferson Ave,Austin,TX,63230,30.476104,-97.790374,condo,3,4,1373,1909,310000,pending,2025-12-09
LIST-000941,183 Spring Ln,New York,NY,56860,40.810722,-73.992788,single-family,3,3,2524,1908,815000,expired,2025-03-24
LIST-000942,518 Ridge Pl,Los Angeles,CA,75535,34.006477,-118.086668,condo,3,3,699,1975,220000,sold,2024-05-25
LIST-000943,8918 Pine Ave,New York,NY,21380,40.577449,-74.050674,single-family,6,5,2965,1903,1000000,expired,2025-12-11
LIST-000944,7402 Walnut Ct,Los Angeles,CA,50607,33.91291,-118.42568,single-family,5,4,1813,1930,640000,sold,2025-01-06
LIST-000945,808 Ridge Ave,San Francisco,CA,80210,37.619833,-122.549913,condo,0,1,767,1959,350000,sold,2026-01-13
LIST-000946,1268 Walnut Pl,Austin,TX,30289,30.396196,-97.848403,single-family,3,3,2342,1937,575000,sold,2025-10-16
LIST-000947,1912 Cedar Blvd,Denver,CO,39980,39.741936,-105.01211,condo,1,1,1283,1943,375000,sold,2025-05-19
LIST-000948,1752 Forest Pl,San Francisco,CA,58272,37.957916,-122.500022,condo,3,3,1151,2001,745000,active,2025-06-12
LIST-000949,2664 Pine Blvd,San Francisco,CA,28025,37.730753,-122.599133,single-family,2,1,2738,1960,1345000,withdrawn,2026-04-05
LIST-000950,661 Hill Dr,Austin,TX,64166,30.417594,-97.746908,single-family,4,3,1483,1908,370000,sold,2025-07-27
LIST-000951,4002 Sunrise Dr,San Francisco,CA,27964,37.750223,-122.518603,single-family,2,2,2774,1974,1520000,pending,2026-01-21
LIST-000952,1199 Lincoln Blvd,Los Angeles,CA,18912,33.898397,-118.218748,single-family,5,5,2678,1918,920000,sold,2024-08-21
LIST-000953,6132 River Pl,Los Angeles,CA,35245,34.156713,-118.443104,single-family,3,2,1265,1905,445000,sold,2024-05-22
LIST-000954,8155 Winter Ave,Chicago,IL,88509,41.876267,-87.911437,single-family,6,5,2656,1982,780000,sold,2024-11-04
LIST-000955,9927 Park Ln,Seattle,WA,49779,47.64241,-122.308323,single-family,3,3,1690,1959,640000,expired,2025-01-21
LIST-000956,1041 Ridge Ln,Miami,FL,77763,25.607762,-80.178658,condo,1,1,1319,1911,370000,expired,2025-06-18
LIST-000957,9803 Forest Dr,New York,NY,63941,40.538156,-74.161387,single-family,4,4,1591,1939,570000,pending,2025-10-08
LIST-000958,9541 Madison Blvd,Miami,FL,36799,25.897922,-80.010644,condo,2,3,988,1987,320000,sold,2025-01-05
LIST-000959,7531 Jefferson Way,San Francisco,CA,45486,37.725582,-122.185332,single-family,6,5,2453,1963,1200000,pending,2025-11-08
LIST-000960,9031 Lincoln Ln,San Francisco,CA,74887,37.772107,-122.197615,multi-family,8,7,4254,1900,1355000,sold,2024-11-14
LIST-000961,1161 Ridge Ave,Denver,CO,17143,39.724815,-104.801294,multi-family,7,5,3867,1940,790000,active,2025-02-05
LIST-000962,4551 Valley Ct,Denver,CO,11291,39.763846,-105.138622,townhouse,4,3,1969,1926,360000,sold,2024-06-16
LIST-000963,295 Elm Ave,Los Angeles,CA,60236,33.968103,-118.321074,condo,2,2,1320,1940,520000,active,2026-01-31
LIST-000964,3620 Ridge Ave,Chicago,IL,31711,42.052267,-87.668227,condo,0,1,1410,2008,370000,active,2025-08-17
LIST-000965,6238 Maple Ln,San Francisco,CA,60393,37.605472,-122.326951,townhouse,3,2,1741,1910,695000,sold,2024-08-25
LIST-000966,6120 Birch Ave,Los Angeles,CA,67958,33.881838,-118.15724,townhouse,3,2,1879,1902,555000,sold,2026-02-11
LIST-000967,9239 Hill Ave,Chicago,IL,71566,41.742747,-87.453999,condo,1,2,954,1991,220000,active,2025-08-10
LIST-000968,5715 Hill Ln,Seattle,WA,21725,47.451888,-122.140005,single-family,5,5,2482,1962,860000,sold,2025-03-26
LIST-000969,9067 Oak Ln,Los Angeles,CA,30808,33.829345,-118.207195,single-family,6,6,3046,1946,865000,active,2025-11-01
LIST-000970,3808 Pine St,San Francisco,CA,31840,37.566838,-122.339507,single-family,5,4,800,2011,580000,active,2024-12-29
LIST-000971,1272 Pine Ave,Chicago,IL,35609,42.016196,-87.822816,townhouse,4,4,1592,1954,425000,active,2026-01-18
LIST-000972,2824 Winter Ln,Los Angeles,CA,11146,33.857404,-118.294632,condo,2,2,1428,1919,465000,active,2026-01-02
LIST-000973,7586 Hill Pl,Denver,CO,85217,39.706795,-104.991494,single-family,3,3,2433,1916,480000,sold,2025-02-10
LIST-000974,6481 Jefferson Ct,San Francisco,CA,74219,37.775737,-122.324954,condo,0,1,1152,1948,470000,active,2025-06-15
LIST-000975,9837 Lake Ln,New York,NY,14773,40.620312,-74.168201,single-family,6,5,2107,1952,780000,sold,2024-08-07
LIST-000976,7381 Lincoln Blvd,San Francisco,CA,93683,37.616434,-122.237142,single-family,2,1,1369,1962,610000,active,2025-04-04
LIST-000977,851 Hill Blvd,Chicago,IL,27093,41.882383,-87.463674,single-family,3,2,2088,1991,530000,sold,2025-04-25
LIST-000978,8407 Jefferson Pl,New York,NY,48528,40.651895,-73.732116,single-family,5,4,2705,2013,1570000,sold,2025-08-08
LIST-000979,414 Madison Dr,San Francisco,CA,83608,37.902819,-122.650674,single-family,4,4,1835,1901,900000,active,2025-11-04
LIST-000980,7192 Winter Pl,Chicago,IL,77763,41.748028,-87.571039,single-family,6,5,2762,1944,635000,active,2024-06-09
LIST-000981,2339 Winter Dr,Seattle,WA,93257,47.525162,-122.539241,single-family,6,6,2446,2005,955000,sold,2025-04-07
LIST-000982,2494 Forest Ln,San Francisco,CA,64734,37.66496,-122.310667,single-family,4,4,2097,2022,1100000,sold,2024-09-28
LIST-000983,1320 Market Pl,New York,NY,98160,40.815998,-74.013684,single-family,2,1,1949,1928,765000,expired,2026-04-19
LIST-000984,5359 Madison Blvd,Miami,FL,53332,25.743468,-80.3368,single-family,5,4,1055,1973,360000,sold,2026-01-23
LIST-000985,9704 Valley Ln,Austin,TX,63046,30.093241,-97.870531,condo,1,2,1441,1942,415000,pending,2025-11-14
LIST-000986,6561 Forest Way,San Francisco,CA,57578,37.789192,-122.311292,condo,1,1,1147,1919,595000,sold,2025-05-28
LIST-000987,511 Park Way,Los Angeles,CA,64293,33.972824,-118.337194,townhouse,4,4,1842,1907,540000,sold,2024-08-28
LIST-000988,5516 Elm Way,San Francisco,CA,90028,37.854184,-122.514659,single-family,5,5,800,1951,385000,active,2024-11-05
LIST-000989,851 Maple Pl,Chicago,IL,94930,42.045898,-87.464633,single-family,2,2,1423,1911,325000,sold,2025-10-24
LIST-000990,1359 Oak St,San Francisco,CA,15104,37.856756,-122.430043,single-family,4,4,1924,1905,665000,pending,2024-07-17
LIST-000991,9941 Ridge Blvd,Miami,FL,28168,25.80931,-80.095734,single-family,5,5,2045,2007,775000,sold,2024-12-07
LIST-000992,8347 Valley Ln,Chicago,IL,69311,42.033197,-87.486083,condo,2,3,1347,2009,340000,active,2025-05-03
LIST-000993,7365 Birch Blvd,Chicago,IL,25429,41.701226,-87.49523,townhouse,3,2,1809,1990,390000,active,2025-07-31
LIST-000994,9638 Valley Dr,Austin,TX,98033,30.207743,-97.622809,single-family,3,2,2746,1955,660000,withdrawn,2025-10-02
LIST-000995,6522 Autumn Way,New York,NY,70752,40.592829,-73.824664,single-family,4,4,3196,2002,1480000,active,2025-05-22
LIST-000996,6822 Pine Pl,Seattle,WA,31519,47.60017,-122.633685,condo,2,2,1274,1996,525000,sold,2024-05-06
LIST-000997,5629 Autumn Way,New York,NY,92776,40.838557,-73.961144,single-family,6,5,3361,1992,1450000,active,2024-05-08
LIST-000998,6411 Madison Dr,Los Angeles,CA,76188,34.062041,-118.33081,multi-family,5,5,2734,1918,805000,sold,2025-11-24
LIST-000999,1038 Sunrise Ct,Seattle,WA,92187,47.674396,-122.641551,single-family,6,5,1122,1905,285000,active,2025-08-01
LIST-001000,9505 Ridge Ct,New York,NY,15073,40.545817,-74.185374,single-family,4,4,1856,1957,740000,sold,2026-02-21
LIST-001001,277 Madison Ln,Los Angeles,CA,81636,34.210986,-118.193794,multi-family,7,7,2523,2022,945000,sold,2025-06-20
LIST-001002,3291 Maple Ct,Miami,FL,53068,25.578308,-80.187495,condo,2,2,1291,2009,425000,expired,2025-07-10
LIST-001003,4741 Valley Ave,San Francisco,CA,31483,37.945932,-122.494886,single-family,3,2,2343,1932,1035000,withdrawn,2024-10-06
LIST-001004,7403 Park Ave,San Francisco,CA,33458,37.839104,-122.341727,townhouse,2,2,1990,1999,1320000,sold,2024-11-26
LIST-001005,308 Washington Ave,Denver,CO,81474,39.538212,-105.048021,single-family,5,4,2224,1911,455000,pending,2024-09-25
LIST-001006,6387 Autumn Ct,New York,NY,13904,40.663176,-73.905787,single-family,6,6,1550,1961,865000,sold,2025-01-28
LIST-001007,8109 Jefferson Pl,San Francisco,CA,96117,37.835951,-122.608182,single-family,3,2,2246,1908,1135000,sold,2026-02-08
LIST-001008,6818 Summer St,Seattle,WA,58829,47.662945,-122.077902,single-family,5,5,1114,1900,315000,active,2025-09-29
LIST-001009,542 Autumn Way,New York,NY,25696,40.892638,-73.865233,townhouse,4,4,1321,1970,760000,sold,2025-01-20
LIST-001010,2517 Ridge Way,Los Angeles,CA,43853,33.904832,-118.153972,single-family,2,2,1725,2020,725000,expired,2024-08-15
LIST-001011,8610 Washington Ave,Miami,FL,22199,25.982092,-80.230355,single-family,5,4,2056,1903,630000,pending,2025-11-04
LIST-001012,9024 Winter Ave,Los Angeles,CA,16432,34.04601,-118.160178,single-family,2,2,1488,1973,510000,sold,2024-10-27
LIST-001013,5470 Ridge St,Miami,FL,65072,25.614158,-80.278358,condo,2,2,1024,1951,350000,active,2026-04-14
LIST-001014,9204 Autumn Dr,San Francisco,CA,44640,37.839934,-122.449199,single-family,5,5,1868,1960,1095000,sold,2024-07-23
LIST-001015,6693 Maple Ln,San Francisco,CA,99449,37.719868,-122.513335,condo,0,1,1309,1990,615000,sold,2026-01-29
LIST-001016,2241 River Ct,Chicago,IL,79177,41.983071,-87.846378,single-family,3,3,2144,1955,420000,sold,2024-09-27
LIST-001017,9457 Elm Ave,New York,NY,43152,40.713536,-73.846637,townhouse,2,1,1682,1900,720000,sold,2024-09-26
LIST-001018,9423 Maple Dr,New York,NY,46247,40.685594,-74.149793,single-family,3,3,2917,1993,1190000,pending,2024-10-17
LIST-001019,4516 Sunset Dr,Austin,TX,59640,30.47162,-97.722586,single-family,3,2,2693,2000,655000,pending,2025-03-16
LIST-001020,2608 Oak St,Miami,FL,10400,25.695683,-80.130544,single-family,3,2,2858,1962,1105000,sold,2024-11-12
LIST-001021,5709 Valley Dr,Austin,TX,18558,30.313838,-97.562168,single-family,4,4,2021,1998,460000,sold,2025-06-16
LIST-001022,7971 River Dr,Seattle,WA,12247,47.576253,-122.058514,single-family,5,4,2466,1920,735000,sold,2024-08-12
LIST-001023,9302 Cedar Dr,New York,NY,62915,40.607698,-74.177718,single-family,4,3,1190,1934,565000,sold,2024-12-27
LIST-001024,8666 Maple Blvd,New York,NY,92250,40.716853,-73.856906,multi-family,8,6,3031,1973,1640000,sold,2024-09-20
LIST-001025,6595 Market Way,New York,NY,45643,40.665088,-74.16393,condo,2,3,1150,1939,525000,sold,2025-10-23
LIST-001026,9224 Maple Ave,San Francisco,CA,74638,37.826144,-122.234717,single-family,2,1,2369,1945,1135000,active,2025-01-14
LIST-001027,3626 Summer Dr,San Francisco,CA,67839,37.799885,-122.151551,townhouse,2,1,900,1909,305000,expired,2025-07-01
LIST-001028,3888 Washington Ave,Los Angeles,CA,37405,34.049357,-118.159169,townhouse,3,3,2394,1935,875000,sold,2026-03-25
LIST-001029,3554 Autumn Ct,San Francisco,CA,74166,37.683044,-122.501976,condo,1,2,959,1984,600000,sold,2026-04-20
LIST-001030,2701 Maple Ave,New York,NY,69291,40.641563,-74.008186,single-family,6,5,1405,1900,475000,pending,2025-02-02
LIST-001031,7374 Hill Blvd,New York,NY,70405,40.628239,-74.201012,single-family,3,3,2023,1925,915000,active,2024-12-16
LIST-001032,2817 Lake St,San Francisco,CA,72092,37.743768,-122.658928,single-family,4,3,1128,1919,530000,sold,2024-09-01
LIST-001033,8707 Lincoln Way,Denver,CO,78191,39.884911,-105.141329,single-family,3,3,2656,1955,610000,sold,2024-11-23
LIST-001034,4273 Washington Dr,New York,NY,68336,40.802141,-74.008061,single-family,6,6,2375,2022,1290000,active,2026-02-09
LIST-001035,3774 Summer Ave,New York,NY,26617,40.815914,-74.233982,single-family,4,3,2194,1911,950000,active,2025-10-22
LIST-001036,8339 Washington Ave,Chicago,IL,41520,41.794692,-87.783286,condo,1,2,767,1923,155000,active,2024-08-07
LIST-001037,3622 Spring Ave,Los Angeles,CA,36909,33.963305,-118.07253,single-family,4,3,1939,1922,495000,sold,2026-02-10
LIST-001038,198 Winter St,Denver,CO,54260,39.899599,-104.889837,condo,0,1,1241,1941,305000,sold,2026-02-18
LIST-001039,8841 Mission Way,Miami,FL,22879,25.883625,-80.349535,condo,0,1,1125,1974,300000,sold,2025-05-09
LIST-001040,4796 Ridge Blvd,San Francisco,CA,76062,37.950326,-122.463701,single-family,3,2,1011,1940,450000,active,2026-04-11
LIST-001041,5156 River Pl,San Francisco,CA,91481,37.610892,-122.570848,condo,3,4,592,1919,215000,sold,2025-05-25
LIST-001042,8462 Ridge Blvd,San Francisco,CA,21624,37.921378,-122.388553,condo,0,1,1028,2013,555000,pending,2025-01-21
LIST-001043,696 Jefferson St,Seattle,WA,85605,47.621256,-122.082446,single-family,4,4,2675,1906,710000,sold,2025-12-31
LIST-001044,8625 Elm Blvd,Chicago,IL,91841,41.891656,-87.562558,single-family,6,5,2066,1979,480000,expired,2025-12-21
LIST-001045,2917 Jefferson Pl,San Francisco,CA,91995,37.886412,-122.376496,single-family,5,4,2257,1971,1440000,sold,2024-11-20
LIST-001046,4845 Summer Blvd,Denver,CO,28546,39.522947,-105.018067,single-family,3,3,1833,1951,425000,active,2024-06-20
LIST-001047,1715 Valley Ln,Denver,CO,79248,39.649053,-105.194275,single-family,4,4,3323,1996,1115000,pending,2025-11-15
LIST-001048,3763 Summer Way,San Francisco,CA,15546,37.866953,-122.658887,single-family,5,5,2260,1945,1325000,pending,2024-12-12
LIST-001049,8699 Madison St,Los Angeles,CA,85459,34.001575,-118.02748,multi-family,4,2,3871,1952,1615000,sold,2025-06-03
LIST-001050,1018 Market Way,Miami,FL,89966,25.631343,-80.03447,condo,1,1,1248,1935,330000,expired,2025-04-27
LIST-001051,2011 River Dr,San Francisco,CA,43779,37.949496,-122.335896,townhouse,2,2,1937,1997,1300000,active,2025-06-13
LIST-001052,3960 Lincoln Ave,Miami,FL,89489,25.93238,-80.071433,condo,3,3,997,1992,415000,active,2024-06-07
LIST-001053,8147 Winter Way,Chicago,IL,90199,41.898865,-87.498124,single-family,4,4,2694,1904,545000,expired,2026-04-14
LIST-001054,5491 Winter Ct,New York,NY,13853,40.780227,-74.028399,townhouse,4,4,1799,1901,755000,active,2024-05-21
LIST-001055,6817 Maple Dr,San Francisco,CA,25689,37.70891,-122.477838,townhouse,2,1,1413,1963,655000,active,2025-08-06
LIST-001056,4709 Cedar Ln,Seattle,WA,93792,47.506624,-122.117091,townhouse,2,1,2192,1977,660000,active,2025-06-13
LIST-001057,2432 Pine Dr,Los Angeles,CA,89504,33.911725,-118.219403,townhouse,4,4,1716,1921,635000,active,2024-10-15
LIST-001058,358 Winter Way,Seattle,WA,15616,47.492623,-122.23709,single-family,2,1,1486,1916,445000,sold,2025-12-02
LIST-001059,917 Madison Dr,Los Angeles,CA,15525,33.855864,-118.129762,multi-family,4,2,3062,1916,935000,sold,2026-04-30
LIST-001060,2885 Winter Dr,Los Angeles,CA,37899,33.941293,-118.350842,condo,0,1,959,1987,390000,pending,2025-11-30
LIST-001061,3464 Madison Ln,Los Angeles,CA,94430,34.176664,-118.192739,single-family,6,6,1834,1980,865000,sold,2025-07-11
LIST-001062,7823 Market Blvd,Los Angeles,CA,54906,34.217237,-118.066236,single-family,6,6,2212,2001,980000,sold,2024-09-28
LIST-001063,9526 Spring Ave,Seattle,WA,58266,47.542716,-122.453702,condo,0,1,936,1988,285000,sold,2025-05-30
LIST-001064,6903 Winter Ct,Miami,FL,85076,25.811743,-80.070209,single-family,5,4,1529,1974,585000,sold,2025-08-08
LIST-001065,9272 Cedar Ln,New York,NY,42532,40.801016,-74.216811,condo,3,4,933,2000,455000,pending,2025-07-16
LIST-001066,2324 Winter Ct,San Francisco,CA,39232,37.716626,-122.231793,condo,1,1,1076,2013,565000,active,2025-12-28
LIST-001067,3547 Valley Dr,Seattle,WA,94139,47.761904,-122.427709,single-family,2,1,2582,1958,1020000,expired,2024-05-24
LIST-001068,4674 Maple Way,Denver,CO,83551,39.688347,-105.110857,condo,2,2,1454,2015,570000,active,2026-03-28
LIST-001069,2412 Forest Ln,New York,NY,57018,40.86944,-73.817235,single-family,6,5,1688,2008,1020000,sold,2025-12-14
LIST-001070,2397 Winter Dr,San Francisco,CA,98081,37.625009,-122.512912,single-family,2,2,2736,1901,1130000,sold,2024-07-16
LIST-001071,4464 Mission St,Miami,FL,50729,25.696227,-80.072077,townhouse,2,1,2083,1951,650000,active,2026-01-09
LIST-001072,913 Cedar Ct,Miami,FL,61024,25.867147,-79.995947,condo,0,1,666,2009,250000,sold,2026-04-05
LIST-001073,4811 Mission Ave,Denver,CO,94972,39.708903,-105.060204,condo,2,2,1130,2021,295000,sold,2025-08-19
LIST-001074,3622 Mission Ln,Miami,FL,16592,25.639512,-80.150655,condo,1,1,1038,2021,395000,sold,2024-08-20
LIST-001075,2257 Lake St,Los Angeles,CA,98000,33.853692,-118.149968,condo,3,4,1027,1917,360000,sold,2025-03-16
LIST-001076,4327 Maple Ct,Denver,CO,88878,39.786743,-105.054142,condo,3,3,780,2018,200000,active,2025-10-26
LIST-001077,6585 Cedar Pl,New York,NY,32445,40.697939,-73.762734,multi-family,5,5,2868,1916,1315000,pending,2025-11-07
LIST-001078,3908 Madison Way,Denver,CO,38687,39.802423,-104.984795,townhouse,2,2,1749,1910,400000,active,2024-07-27
LIST-001079,2773 Lincoln Way,San Francisco,CA,16446,37.632904,-122.508721,single-family,2,2,2146,1985,1230000,pending,2025-08-04
LIST-001080,1674 River Pl,San Francisco,CA,36855,37.717732,-122.164588,single-family,2,1,2331,1935,975000,active,2025-04-16
LIST-001081,9660 Jefferson Blvd,Denver,CO,74431,39.91865,-105.148804,condo,3,3,1192,1901,285000,sold,2026-03-14
LIST-001082,6989 Hill Dr,San Francisco,CA,89494,37.676593,-122.434655,multi-family,5,3,3651,1969,1795000,sold,2025-12-31
LIST-001083,7033 River Ave,New York,NY,87150,40.80438,-73.760483,condo,2,2,893,1957,485000,active,2026-01-01
LIST-001084,46 River Blvd,Seattle,WA,12026,47.45191,-122.171609,townhouse,2,1,2142,1966,875000,active,2026-01-06
LIST-001085,1728 Market Ln,San Francisco,CA,80657,37.862298,-122.182692,condo,2,2,1357,2011,890000,active,2025-01-16
LIST-001086,9144 Lincoln Ln,Seattle,WA,87879,47.684536,-122.274853,condo,1,2,1254,1973,385000,sold,2025-04-20
LIST-001087,8894 Forest Ln,Los Angeles,CA,40120,33.880481,-118.299501,condo,0,1,1569,2008,645000,active,2025-08-14
LIST-001088,596 Spring Pl,Denver,CO,81524,39.822501,-104.874959,townhouse,3,3,2340,1982,550000,pending,2025-08-30
LIST-001089,1287 Washington Ave,San Francisco,CA,69245,37.79489,-122.146722,single-family,5,4,1360,2024,925000,active,2025-08-22
LIST-001090,2531 Birch Way,Austin,TX,76296,30.089083,-97.692087,condo,3,4,1152,1919,290000,sold,2025-04-05
LIST-001091,4422 Maple Way,Denver,CO,58323,39.838884,-104.995033,single-family,6,5,2090,1982,520000,sold,2024-11-01
LIST-001092,5623 Lake Ln,Austin,TX,81010,30.247543,-97.904387,single-family,5,5,2080,1903,455000,active,2026-03-30
LIST-001093,9448 Ridge Ct,Los Angeles,CA,99591,33.881732,-118.080289,condo,1,2,1290,1923,445000,sold,2024-08-12
LIST-001094,3067 Jefferson Way,Miami,FL,99198,25.860559,-80.234778,single-family,6,6,1368,1943,390000,active,2025-10-14
LIST-001095,6072 Cedar Dr,Austin,TX,55000,30.362376,-97.516725,townhouse,3,3,1940,2021,635000,sold,2024-10-20
LIST-001096,5260 Winter Pl,New York,NY,83227,40.88428,-73.827745,condo,2,3,1063,2021,630000,sold,2025-02-25
LIST-001097,2710 Oak Dr,Miami,FL,73074,25.752828,-80.058117,single-family,4,4,3014,2005,1160000,withdrawn,2024-07-27
LIST-001098,1771 Park Way,Denver,CO,52630,39.574664,-105.111417,single-family,2,2,1217,2007,360000,pending,2024-07-08
LIST-001099,4364 Birch Ave,Los Angeles,CA,51591,34.10066,-118.131519,condo,1,1,526,1967,165000,sold,2025-04-13
LIST-001100,9209 Oak Blvd,Los Angeles,CA,87559,34.22092,-118.119548,condo,1,1,1187,1978,485000,expired,2025-10-23
LIST-001101,5325 Winter Ct,Austin,TX,66118,30.255338,-97.726706,single-family,6,5,1069,2019,305000,sold,2026-01-19
LIST-001102,5572 Summer Ct,Miami,FL,97728,25.620503,-80.132222,single-family,3,3,2827,1963,995000,sold,2025-11-27
LIST-001103,426 Birch St,New York,NY,66112,40.630277,-73.764177,condo,2,3,1620,2016,730000,active,2025-10-21
LIST-001104,5209 Pine Dr,New York,NY,25169,40.727662,-74.064318,single-family,3,3,3194,1909,1420000,active,2026-03-13
LIST-001105,8048 Birch Pl,San Francisco,CA,60570,37.903266,-122.384394,single-family,5,5,1896,1936,1030000,sold,2025-02-22
LIST-001106,2757 Lake Ln,New York,NY,58010,40.885307,-74.101691,single-family,5,4,1653,1982,775000,sold,2024-08-09
LIST-001107,126 Mission Ln,Los Angeles,CA,89505,33.834573,-118.286704,condo,1,1,1150,1917,310000,active,2024-10-03
LIST-001108,406 Jefferson Blvd,Chicago,IL,82449,41.874081,-87.703067,townhouse,4,4,1523,1953,305000,active,2025-11-09
LIST-001109,2232 River Blvd,Miami,FL,92278,25.722769,-80.344768,condo,1,1,1377,1941,360000,expired,2025-07-11
LIST-001110,2986 Spring Pl,New York,NY,16959,40.613021,-73.749382,condo,3,4,898,1984,450000,sold,2025-03-01
LIST-001111,2836 Birch Dr,New York,NY,13836,40.794389,-73.792933,single-family,3,3,1207,1927,570000,sold,2024-09-22
LIST-001112,2738 Park Way,Austin,TX,82175,30.470397,-97.810904,condo,2,2,1267,1974,275000,pending,2025-07-04
LIST-001113,6450 Valley Dr,Austin,TX,74631,30.168808,-97.803515,townhouse,2,1,1377,1953,280000,sold,2025-04-25
LIST-001114,3070 Lincoln Blvd,New York,NY,86318,40.701006,-73.782002,single-family,5,5,1922,1923,885000,sold,2026-02-18
LIST-001115,9157 Madison Dr,Seattle,WA,28124,47.561963,-122.2147,condo,3,3,1504,1927,465000,sold,2025-01-09
LIST-001116,626 Oak Ln,San Francisco,CA,81824,37.757813,-122.461973,multi-family,5,4,2521,1950,1380000,sold,2024-06-12
LIST-001117,5865 Elm Dr,Miami,FL,58784,25.820441,-80.354049,condo,3,3,711,1944,230000,sold,2025-11-12
LIST-001118,9392 Autumn Way,Chicago,IL,60836,42.009312,-87.558896,townhouse,2,2,1680,1902,275000,pending,2026-04-17
LIST-001119,1525 Valley Dr,San Francisco,CA,55645,37.804503,-122.48256,single-family,3,3,2437,1973,1110000,withdrawn,2025-07-30
LIST-001120,9733 Sunrise Ave,Seattle,WA,20832,47.588974,-122.600987,single-family,6,6,2148,2016,710000,sold,2025-05-01
LIST-001121,1896 Washington Ave,Chicago,IL,96531,41.816885,-87.568328,condo,1,2,1430,2018,440000,sold,2025-04-28
LIST-001122,8679 Winter Pl,San Francisco,CA,54949,37.88524,-122.311811,townhouse,2,2,2370,1979,1440000,sold,2025-11-13
LIST-001123,4949 Winter Ave,New York,NY,95278,40.641047,-74.098282,condo,0,1,1203,1926,480000,sold,2025-04-19
LIST-001124,5361 Birch Blvd,San Francisco,CA,11145,37.864221,-122.193643,single-family,2,1,2648,1980,1480000,withdrawn,2026-02-27
LIST-001125,3526 Spring Way,Chicago,IL,95872,,,condo,1,1,573,1992,140000,sold,2026-01-20
LIST-001126,9016 Park Way,San Francisco,CA,65556,37.587241,-122.414265,single-family,2,2,3267,2024,2035000,active,2024-09-26
LIST-001127,2663 Sunrise Dr,Seattle,WA,65372,47.740535,-122.119033,townhouse,3,3,2229,1903,520000,sold,2024-06-11
LIST-001128,2139 Birch Ln,Denver,CO,12933,39.798772,-104.856729,condo,3,3,763,2023,205000,sold,2025-08-02
LIST-001129,6654 Sunrise Pl,Denver,CO,90758,39.91048,-104.812906,single-family,3,3,2266,1936,435000,active,2024-05-14
LIST-001130,1753 Birch Ln,Los Angeles,CA,42935,33.976017,-118.00383,single-family,5,4,3029,1947,985000,sold,2024-11-08
LIST-001131,4534 Winter Ave,Seattle,WA,23156,47.617523,-122.327321,single-family,2,2,2235,2016,1065000,sold,2024-10-26
LIST-001132,1006 Sunset Ave,Denver,CO,24179,39.880596,-104.939843,single-family,2,1,2133,1957,465000,sold,2026-03-06
LIST-001133,3278 Autumn Ct,Los Angeles,CA,46116,34.007807,-118.227387,single-family,5,5,1320,2004,680000,pending,2025-06-17
LIST-001134,8139 Maple Dr,San Francisco,CA,66293,37.961595,-122.382309,condo,1,2,1787,2010,1105000,pending,2025-03-27
LIST-001135,2449 Pine Way,San Francisco,CA,61593,37.780149,-122.399406,condo,1,1,1402,2020,855000,active,2025-04-05
LIST-001136,5422 Mission St,Chicago,IL,23129,41.957311,-87.821334,condo,3,4,1555,1907,355000,sold,2025-03-27
LIST-001137,9232 Winter Ln,Austin,TX,82356,30.457974,-97.670443,condo,3,4,1099,1983,270000,active,2025-12-18
LIST-001138,9806 Sunrise Ct,Chicago,IL,87286,41.81561,-87.777392,condo,2,2,1159,1905,190000,sold,2024-05-30
LIST-001139,6268 Cedar Blvd,Miami,FL,48353,25.598026,-80.183601,single-family,2,2,1471,1915,445000,pending,2025-07-07
LIST-001140,8454 Market Ln,Los Angeles,CA,33988,34.167092,-118.199505,single-family,4,4,2247,1929,870000,sold,2025-04-05
LIST-001141,7665 Oak Pl,Chicago,IL,28293,42.093104,-87.637657,single-family,2,2,1783,1921,415000,sold,2025-09-25
LIST-001142,1567 Jefferson Ave,Miami,FL,96565,25.840077,-80.029835,single-family,2,2,818,1984,305000,active,2026-01-14
LIST-001143,4757 Market St,Los Angeles,CA,76014,34.053284,-118.468575,condo,3,3,1200,1956,545000,sold,2025-06-22
LIST-001144,3829 Lincoln Pl,Miami,FL,56668,25.965961,-80.234315,townhouse,3,2,1599,1968,435000,sold,2025-04-16
LIST-001145,6240 Lincoln Ave,New York,NY,33570,40.838303,-74.080751,single-family,2,2,2088,1960,865000,sold,2026-02-03
LIST-001146,6948 Jefferson Blvd,Los Angeles,CA,31672,34.06531,-118.415591,condo,1,1,1192,1963,490000,sold,2026-01-05
LIST-001147,6948 Cedar Way,Seattle,WA,21591,47.434207,-122.469425,multi-family,7,5,2784,1975,970000,sold,2024-11-17
LIST-001148,6193 Lake Ave,Seattle,WA,39377,47.456172,-122.407269,single-family,5,4,1744,1986,800000,sold,2025-07-08
LIST-001149,8968 Hill Ln,Miami,FL,89930,25.806962,-80.353843,condo,3,4,702,2018,260000,sold,2026-02-08
LIST-001150,5835 Lincoln Dr,New York,NY,60585,40.698317,-73.812252,single-family,3,3,1138,1956,390000,sold,2024-07-19
LIST-001151,4245 River Pl,Miami,FL,67135,25.623198,-80.233996,single-family,6,6,2039,1989,720000,sold,2026-03-15
LIST-001152,1860 Lincoln Dr,San Francisco,CA,38108,37.554347,-122.467574,condo,0,1,1401,1979,890000,active,2024-06-27
LIST-001153,4179 Park Ave,Los Angeles,CA,42587,33.8936,-118.382209,condo,1,1,1261,1992,510000,active,2024-09-22
LIST-001154,5218 Mission St,Seattle,WA,90777,47.545136,-122.612833,townhouse,3,2,1873,1996,685000,active,2024-08-05
LIST-001155,4248 Washington St,New York,NY,77605,40.68502,-73.760652,condo,3,3,1564,1961,840000,withdrawn,2024-06-20
LIST-001156,1723 Autumn Dr,Denver,CO,77760,39.710888,-105.274366,townhouse,3,3,1959,1912,385000,sold,2025-03-18
LIST-001157,9013 Sunset Ln,Miami,FL,61881,25.916948,-80.287817,condo,2,2,822,2003,360000,sold,2025-07-26
LIST-001158,2043 Washington Blvd,New York,NY,96495,40.659709,-73.836452,townhouse,2,1,1367,1943,600000,expired,2026-01-15
LIST-001159,1023 Hill Ct,Austin,TX,72191,30.440422,-97.665743,condo,3,3,1115,2013,370000,pending,2024-06-24
LIST-001160,815 Maple Ln,Los Angeles,CA,59674,33.94524,-118.162669,condo,1,2,1789,1974,635000,pending,2024-06-13
LIST-001161,7077 Sunrise Ct,Miami,FL,82974,25.882797,-80.216335,single-family,2,1,4013,1987,1645000,sold,2025-11-27
LIST-001162,488 Lincoln Pl,San Francisco,CA,54553,37.759665,-122.167004,single-family,4,3,1055,1954,620000,sold,2025-04-10
LIST-001163,3029 Winter Ct,Miami,FL,59972,25.709195,-80.06572,single-family,6,6,1701,2000,585000,sold,2026-03-12
LIST-001164,1950 Elm Blvd,Los Angeles,CA,31006,34.146295,-118.151656,condo,2,3,1201,1906,280000,withdrawn,2025-03-27
LIST-001165,1647 Pine Way,Los Angeles,CA,20363,34.118116,-118.498362,single-family,5,4,1980,1940,730000,pending,2024-07-20
LIST-001166,9657 Madison Ct,New York,NY,11967,40.795695,-74.257483,single-family,6,5,2399,1907,670000,withdrawn,2025-06-21
LIST-001167,6703 Autumn Ln,Denver,CO,45808,39.591512,-105.064713,single-family,2,2,1003,1945,245000,sold,2024-05-11
LIST-001168,7056 Lake Ct,Miami,FL,72747,25.601341,-80.101059,single-family,2,2,1516,1906,330000,active,2025-11-23
LIST-001169,4158 Lake Ln,New York,NY,40482,40.553337,-73.953678,single-family,3,2,3551,1922,1260000,active,2025-07-08
LIST-001170,1266 Cedar Blvd,San Francisco,CA,35796,37.607748,-122.318648,single-family,4,3,1948,1983,1070000,sold,2026-03-07
LIST-001171,3989 Market Ln,New York,NY,62185,40.692386,-74.119515,single-family,6,5,1754,2004,1130000,sold,2026-03-31
LIST-001172,8904 Oak Ave,Chicago,IL,56351,41.971173,-87.414256,single-family,3,2,1339,1987,290000,active,2025-05-04
LIST-001173,4380 Washington Dr,Chicago,IL,75934,41.880796,-87.441651,single-family,4,4,2904,2001,950000,pending,2025-06-28
LIST-001174,1107 Forest Way,Los Angeles,CA,47565,34.015278,-118.12133,single-family,2,2,2270,1991,1125000,sold,2025-05-28
LIST-001175,3572 Sunset Ave,New York,NY,18645,40.709517,-73.849153,condo,2,3,596,1926,270000,sold,2025-10-17
LIST-001176,8838 Summer Ct,San Francisco,CA,77173,37.781524,-122.655296,condo,2,3,1346,1976,605000,sold,2025-05-26
LIST-001177,1724 Ridge Pl,Miami,FL,27412,25.610189,-80.106859,condo,1,1,1136,1939,405000,pending,2025-07-24
LIST-001178,9715 Sunset Blvd,Austin,TX,82973,30.279615,-97.612517,condo,3,3,696,1922,135000,withdrawn,2026-02-05
LIST-001179,818 Spring Dr,Denver,CO,77774,39.768109,-105.128238,single-family,2,1,3424,1920,945000,sold,2024-09-11
LIST-001180,6226 Cedar St,San Francisco,CA,60585,37.806579,-122.51011,single-family,3,3,2353,2013,1115000,active,2025-06-10
LIST-001181,3864 Jefferson Ln,New York,NY,22181,40.603938,-74.16162,condo,3,3,1372,2004,655000,pending,2026-01-09
LIST-001182,3204 Park Ln,New York,NY,82133,40.598083,-74.191667,single-family,6,6,2623,2000,1355000,sold,2025-12-05
LIST-001183,4580 Park Ct,Seattle,WA,33904,,,condo,0,1,1264,1902,345000,sold,2026-04-12
LIST-001184,6448 Lake Ln,Seattle,WA,19676,47.667225,-122.320928,condo,3,3,1589,2014,730000,sold,2024-07-11
LIST-001185,7701 Oak St,New York,NY,87526,40.65884,-74.245845,townhouse,2,1,2135,1941,730000,sold,2026-04-17
LIST-001186,2620 River Pl,Los Angeles,CA,84003,34.10973,-118.052165,single-family,3,2,2106,1970,690000,sold,2025-07-15
LIST-001187,7034 Elm Way,Miami,FL,58627,25.603175,-80.236918,condo,0,1,1540,1962,555000,active,2024-05-24
LIST-001188,8562 Lincoln Blvd,Seattle,WA,56990,47.546035,-122.305852,single-family,6,6,2072,1916,475000,active,2025-04-01
LIST-001189,7496 Valley Ave,Seattle,WA,25437,47.715291,-122.244915,townhouse,4,3,2571,2000,1030000,pending,2024-12-31
LIST-001190,9712 River Blvd,Austin,TX,46743,30.242954,-97.650395,condo,0,1,814,1986,260000,sold,2024-08-21
LIST-001191,2170 Cedar Way,Seattle,WA,58030,47.666184,-122.223292,townhouse,3,3,1006,2012,520000,sold,2025-11-12
LIST-001192,10 Spring St,Austin,TX,58125,30.336042,-97.880945,single-family,5,5,2443,1900,565000,active,2026-02-15
LIST-001193,8252 Elm Way,New York,NY,71604,40.678891,-74.054927,single-family,4,3,2068,1921,690000,active,2026-02-18
LIST-001194,6886 Pine Ct,New York,NY,21808,40.673089,-73.731348,single-family,5,5,2295,1920,960000,sold,2024-11-03
LIST-001195,6101 Maple Blvd,New York,NY,21988,40.863408,-74.097626,condo,0,1,1360,1971,680000,sold,2024-06-15
LIST-001196,7228 Oak Blvd,Miami,FL,57543,25.925711,-80.042666,condo,0,1,1201,1954,300000,sold,2025-11-29
LIST-001197,5126 Jefferson Way,Los Angeles,CA,76083,34.089027,-118.222483,single-family,4,4,2789,2015,1395000,expired,2024-07-07
LIST-001198,4222 Ridge Pl,Austin,TX,55169,30.201889,-97.841683,condo,3,3,1109,1971,305000,sold,2025-03-17
LIST-001199,5454 Oak Blvd,Miami,FL,19269,25.745992,-80.351648,multi-family,8,8,3732,1939,1250000,active,2026-04-01
LIST-001200,8595 Winter Dr,Los Angeles,CA,57178,33.922688,-118.374301,single-family,3,3,2042,1959,910000,active,2026-03-16
LIST-001201,8889 Madison Dr,Los Angeles,CA,42947,33.862617,-118.11917,single-family,4,3,2716,1924,925000,active,2025-11-09
LIST-001202,7289 Ridge St,Denver,CO,16956,39.647495,-104.728018,single-family,4,3,2253,2017,610000,active,2025-01-15
LIST-001203,5327 Cedar St,Seattle,WA,53687,47.528918,-122.13984,single-family,5,5,2204,2005,705000,active,2026-04-28
LIST-001204,1562 Washington St,Denver,CO,76520,39.716314,-105.233511,condo,0,1,1283,1912,340000,expired,2025-04-25
LIST-001205,4401 Spring Ave,San Francisco,CA,40645,37.717483,-122.664592,single-family,5,5,1954,1981,845000,sold,2025-02-13
LIST-001206,6853 Winter St,Austin,TX,17801,30.443229,-97.905401,condo,1,1,927,1940,245000,withdrawn,2025-02-02
LIST-001207,7187 Valley St,San Francisco,CA,90954,37.791453,-122.326808,condo,1,1,792,1987,485000,active,2025-09-05
LIST-001208,469 Hill Ave,New York,NY,87317,40.727657,-74.213562,condo,1,1,1539,1970,570000,pending,2025-11-29
LIST-001209,524 Walnut Ct,San Francisco,CA,55640,37.722311,-122.1449,condo,1,1,1106,1988,740000,active,2024-12-02
LIST-001210,2865 Jefferson Way,San Francisco,CA,95713,37.948373,-122.457982,single-family,2,1,2006,1980,1165000,active,2024-10-19
LIST-001211,6527 Lincoln Ct,Los Angeles,CA,11710,34.216432,-118.370717,condo,2,3,1026,1907,295000,sold,2025-07-23
LIST-001212,8217 Ridge Blvd,New York,NY,41671,40.507578,-74.089289,single-family,5,4,2275,1961,920000,sold,2026-03-27
LIST-001213,2585 Park Way,Austin,TX,70093,30.151774,-97.960305,condo,2,3,822,2010,215000,active,2025-05-17
LIST-001214,7536 Jefferson Ln,San Francisco,CA,34070,37.722784,-122.326133,single-family,5,5,800,1948,355000,active,2025-02-28
LIST-001215,6920 Market St,Los Angeles,CA,14187,34.073749,-118.181715,townhouse,4,4,1755,1942,720000,active,2025-11-24
LIST-001216,7285 Hill Blvd,Los Angeles,CA,21584,34.053715,-118.263994,single-family,5,4,2516,1931,660000,sold,2024-07-30
LIST-001217,1447 Elm Ct,Chicago,IL,84133,41.892539,-87.644574,single-family,5,4,2153,1971,590000,sold,2025-01-07
LIST-001218,3066 Pine Ln,Los Angeles,CA,58502,34.069112,-118.074024,townhouse,3,3,900,2002,305000,sold,2025-04-21
LIST-001219,7078 Spring Blvd,Seattle,WA,10802,47.757676,-122.297002,condo,0,1,1505,2007,530000,sold,2025-07-02
LIST-001220,1557 Forest Ave,San Francisco,CA,99967,37.744175,-122.670514,single-family,4,4,2810,1966,1525000,sold,2024-05-04
LIST-001221,1553 River St,Miami,FL,31951,25.800032,-80.019595,single-family,6,6,1947,1972,720000,sold,2025-05-01
LIST-001222,7867 Elm Ln,Austin,TX,76652,30.295451,-97.966617,townhouse,3,3,900,1908,190000,pending,2024-08-29
LIST-001223,3756 Birch Blvd,Los Angeles,CA,80340,34.193311,-118.433894,condo,1,2,1104,1906,285000,active,2024-12-15
LIST-001224,5906 Lincoln Dr,San Francisco,CA,24379,37.762852,-122.335926,multi-family,5,3,2723,1916,1400000,sold,2025-12-02
LIST-001225,7201 Sunrise Way,Austin,TX,27196,30.250642,-97.956188,condo,1,2,1125,2019,385000,active,2026-02-22
LIST-001226,780 Forest Ln,Miami,FL,64778,25.818786,-80.254544,single-family,3,3,2286,2015,990000,active,2024-07-12
LIST-001227,2173 Winter Ave,Seattle,WA,90098,47.618241,-122.33386,single-family,6,6,2692,1958,885000,withdrawn,2024-07-14
LIST-001228,8708 Walnut Ave,Austin,TX,30856,30.448716,-97.755437,single-family,2,1,1843,1938,410000,sold,2026-02-28
LIST-001229,6887 Sunrise St,New York,NY,36610,40.713298,-73.955254,multi-family,8,7,3922,1920,1265000,active,2026-03-06
LIST-001230,6465 Birch Ave,Denver,CO,60222,39.611488,-105.052677,single-family,5,4,2342,1958,755000,sold,2024-06-01
LIST-001231,5026 Washington Dr,Chicago,IL,61316,41.747363,-87.423034,single-family,6,5,2288,1938,520000,sold,2025-04-01
LIST-001232,1934 Pine Ln,Austin,TX,60507,30.172898,-97.57978,single-family,6,5,1067,1921,225000,active,2024-09-09
LIST-001233,653 Jefferson Pl,New York,NY,77271,40.738225,-74.152468,condo,2,2,851,1986,350000,sold,2026-02-20
LIST-001234,9363 Market Ct,New York,NY,21093,40.646107,-74.217454,single-family,6,5,1921,1918,780000,sold,2026-04-05
LIST-001235,4032 Ridge Dr,Los Angeles,CA,79681,33.998718,-118.140321,single-family,3,2,3633,1923,1400000,sold,2025-02-08
LIST-001236,6406 Spring Ln,New York,NY,58469,40.697231,-74.057428,single-family,4,3,1572,1951,535000,expired,2024-11-24
LIST-001237,7746 Ridge Ct,Denver,CO,67224,39.575611,-104.838529,condo,2,2,1725,1942,520000,pending,2024-11-03
LIST-001238,372 Jefferson St,Seattle,WA,54991,47.638553,-122.613081,single-family,2,1,1629,1926,600000,active,2024-09-15
LIST-001239,4959 Sunset Blvd,Chicago,IL,85460,42.077915,-87.742254,townhouse,3,3,1801,1951,420000,pending,2025-02-13
LIST-001240,2017 Valley St,San Francisco,CA,44825,37.990455,-122.396133,townhouse,3,3,1464,1930,625000,sold,2024-08-01
LIST-001241,924 Sunset Ct,New York,NY,37982,40.584265,-74.241462,condo,1,1,1270,1914,430000,pending,2024-12-26
LIST-001242,2746 Birch Ave,Los Angeles,CA,79576,34.081889,-118.00782,multi-family,4,4,3892,1968,1625000,sold,2025-05-21
LIST-001243,8291 Autumn Pl,San Francisco,CA,33097,37.593198,-122.339295,townhouse,4,3,1585,2004,1155000,active,2026-03-28
LIST-001244,8677 Forest Way,Los Angeles,CA,98697,33.931082,-118.446206,condo,0,1,1286,1924,450000,active,2025-09-16
LIST-001245,1024 Mission St,New York,NY,24611,40.747791,-73.740863,single-family,5,5,1563,1941,630000,active,2024-05-03
LIST-001246,757 Oak St,New York,NY,78045,40.601431,-73.821682,single-family,5,5,1816,1903,775000,pending,2025-09-17
LIST-001247,9408 Spring Ave,New York,NY,49468,40.648257,-74.194329,condo,0,1,912,2021,435000,sold,2025-08-13
LIST-001248,5761 Spring Blvd,Miami,FL,59556,25.677484,-80.122045,condo,0,1,1500,1921,485000,active,2024-10-01
LIST-001249,3854 Birch Blvd,Denver,CO,96412,39.856378,-105.091797,single-family,3,2,2217,1992,625000,sold,2026-02-02
LIST-001250,7770 Spring Dr,San Francisco,CA,47660,37.84903,-122.637319,single-family,6,6,1561,2014,975000,sold,2024-05-02
LIST-001251,6384 Washington Pl,Miami,FL,15971,25.777344,-80.074321,single-family,6,5,2765,1911,855000,sold,2025-04-22
LIST-001252,9080 Hill Blvd,Miami,FL,61960,25.683472,-80.194894,single-family,3,2,1981,1904,405000,sold,2024-08-30
LIST-001253,2156 Birch Dr,Austin,TX,68014,30.046319,-97.731837,condo,3,3,1128,1933,290000,sold,2025-01-07
LIST-001254,2532 Lake Blvd,New York,NY,89616,40.932565,-74.03865,multi-family,5,5,2214,2017,1335000,active,2024-07-22
LIST-001255,817 River Dr,Austin,TX,37664,30.194605,-97.938438,townhouse,2,1,1378,2005,485000,expired,2025-01-18
LIST-001256,8067 Ridge Ave,Miami,FL,62011,25.730343,-80.388085,townhouse,2,2,1918,2009,770000,sold,2024-11-27
LIST-001257,2869 River St,Miami,FL,38803,25.752981,-80.209152,single-family,6,5,2221,1941,550000,sold,2024-06-25
LIST-001258,5227 Ridge Ave,Denver,CO,72409,39.64193,-104.897538,condo,3,3,667,1949,135000,sold,2026-01-05
LIST-001259,1506 Lincoln Ct,Miami,FL,12216,25.644535,-80.395913,single-family,5,4,2797,2017,1165000,pending,2024-11-27
LIST-001260,7130 Elm St,Chicago,IL,12380,41.833384,-87.504311,single-family,4,4,2439,1907,450000,active,2024-08-15
LIST-001261,8725 Lincoln Pl,San Francisco,CA,91304,37.565263,-122.41295,single-family,2,2,1595,1973,755000,sold,2026-04-04
LIST-001262,3047 Birch Pl,Seattle,WA,88897,47.438498,-122.368649,single-family,3,2,3434,1962,1450000,active,2026-01-10
LIST-001263,9376 Spring Ln,Chicago,IL,37263,42.060213,-87.585815,multi-family,8,6,2313,1969,535000,active,2025-09-08
LIST-001264,2986 Hill Ave,Los Angeles,CA,85788,33.932487,-118.397498,single-family,4,4,1952,1903,705000,sold,2026-01-01
LIST-001265,828 Maple Blvd,San Francisco,CA,47236,37.698026,-122.477823,single-family,2,1,1517,1936,730000,sold,2026-04-16
LIST-001266,1468 Forest Dr,Seattle,WA,50568,47.472458,-122.179512,single-family,5,4,2150,1951,665000,sold,2025-04-15
LIST-001267,4472 Lincoln Ct,Seattle,WA,87183,47.557807,-122.515491,single-family,4,4,2544,1940,910000,sold,2024-05-30
LIST-001268,6087 Lincoln Pl,Chicago,IL,36986,41.671916,-87.522927,single-family,6,5,2164,1917,435000,pending,2025-01-05
LIST-001269,8603 Washington Way,Austin,TX,90488,30.211266,-97.653685,single-family,3,2,1750,1938,360000,active,2024-12-30
LIST-001270,5046 Spring Ln,Chicago,IL,48293,41.851791,-87.454711,condo,1,2,1205,1942,290000,sold,2026-04-18
LIST-001271,9429 Ridge Ct,Miami,FL,69099,25.693399,-79.982606,single-family,6,6,2108,1990,900000,active,2025-07-24
LIST-001272,3590 Lincoln Ln,Los Angeles,CA,89356,33.97899,-118.419906,condo,1,2,876,1906,275000,sold,2024-08-08
LIST-001273,8506 Lake Dr,San Francisco,CA,52837,37.862462,-122.442459,multi-family,8,7,4044,1914,2010000,sold,2025-05-07
LIST-001274,9294 Forest Ln,Los Angeles,CA,15624,33.89023,-118.124406,single-family,6,6,2766,2009,1400000,active,2024-05-08
LIST-001275,6456 Lake Ct,Seattle,WA,70485,47.596762,-122.415501,single-family,2,2,2718,1945,745000,sold,2024-10-06
LIST-001276,4287 Spring Way,Los Angeles,CA,38626,33.932983,-118.393128,townhouse,2,1,2207,2024,1185000,withdrawn,2025-08-17
LIST-001277,6684 Elm Blvd,Denver,CO,34060,39.706461,-105.11036,single-family,3,3,3358,1970,880000,sold,2024-12-17
LIST-001278,9503 Forest Ct,San Francisco,CA,96938,37.733538,-122.287298,single-family,4,3,2716,1926,1305000,active,2024-10-28
LIST-001279,1479 Mission Pl,Miami,FL,30052,25.924689,-80.159604,condo,2,2,1410,1935,385000,sold,2024-06-08
LIST-001280,6016 Oak Blvd,Seattle,WA,80328,47.48851,-122.294021,single-family,2,1,1631,1926,585000,active,2024-10-25
LIST-001281,2521 Washington Dr,San Francisco,CA,36350,37.933104,-122.492426,single-family,4,4,1584,2011,1080000,sold,2024-10-02
LIST-001282,7234 Pine Ave,San Francisco,CA,43244,37.761042,-122.387599,condo,0,1,1186,2012,560000,active,2024-10-01
LIST-001283,938 Elm Ln,Austin,TX,51312,30.125412,-97.696849,townhouse,2,1,1836,1961,495000,pending,2026-01-23
LIST-001284,2169 Oak Blvd,Chicago,IL,45501,41.96922,-87.564271,townhouse,2,1,1525,2004,410000,active,2024-10-16
LIST-001285,6786 Ridge Pl,Denver,CO,58929,39.883178,-105.055659,condo,0,1,947,1984,315000,active,2026-03-16
LIST-001286,3006 Ridge St,Austin,TX,88737,30.375479,-97.965494,single-family,5,4,800,2005,210000,active,2026-01-02
LIST-001287,9820 Oak Way,Seattle,WA,33577,47.631707,-122.067588,townhouse,3,3,1808,1918,500000,sold,2024-06-19
LIST-001288,1260 Autumn Blvd,Seattle,WA,69161,47.567338,-122.046984,single-family,6,6,1444,2021,555000,active,2024-09-23
LIST-001289,1221 Sunset St,San Francisco,CA,90503,37.839833,-122.430131,single-family,5,5,2149,1988,1250000,sold,2025-11-28
LIST-001290,2929 Washington Way,New York,NY,43006,40.658375,-74.200013,condo,1,1,1375,1945,480000,expired,2025-08-23
LIST-001291,5919 Valley Blvd,Austin,TX,33827,30.432114,-97.586364,single-family,3,3,3298,1995,850000,active,2025-04-18
LIST-001292,3213 Walnut Ln,San Francisco,CA,10197,37.676137,-122.297375,single-family,4,3,1289,2008,945000,withdrawn,2025-11-26
LIST-001293,6140 Washington Ct,Los Angeles,CA,31785,34.176076,-118.345524,single-family,6,5,1310,1942,355000,sold,2026-01-15
LIST-001294,3437 Elm Way,Miami,FL,33810,25.929597,-80.102105,condo,2,3,1078,1987,365000,active,2025-10-28
LIST-001295,2332 Autumn Blvd,Seattle,WA,55782,47.494789,-122.281094,single-family,4,4,2402,1919,560000,active,2025-03-07
LIST-001296,2494 Lincoln Way,San Francisco,CA,63806,37.753609,-122.590353,single-family,6,5,2577,1914,880000,withdrawn,2026-04-22
LIST-001297,2957 Oak Ct,Los Angeles,CA,48883,33.89215,-118.352386,single-family,3,2,1561,1982,610000,sold,2025-11-13
LIST-001298,672 Oak Ln,Los Angeles,CA,95813,34.044659,-118.086573,single-family,6,5,1143,1912,305000,sold,2024-10-21
LIST-001299,1855 Spring Way,Chicago,IL,48806,41.911325,-87.354233,townhouse,2,2,1801,2021,590000,sold,2025-02-14
LIST-001300,9123 Jefferson St,Denver,CO,79578,39.536932,-105.063932,single-family,5,4,2408,2014,600000,sold,2024-07-25
LIST-001301,7881 Hill Way,Seattle,WA,67965,47.606308,-122.664279,townhouse,4,4,2082,1972,925000,withdrawn,2025-05-22
LIST-001302,2128 Walnut Ln,Denver,CO,88091,39.931288,-105.054835,condo,2,2,1178,1951,340000,sold,2024-08-01
LIST-001303,3564 Autumn Ave,Chicago,IL,90181,41.925769,-87.551504,townhouse,2,2,1926,1939,445000,active,2024-09-04
LIST-001304,9743 Washington Ln,Los Angeles,CA,63248,33.895632,-118.256877,townhouse,4,4,1815,1911,555000,sold,2024-08-28
LIST-001305,1032 Maple Way,Chicago,IL,32032,41.783418,-87.808787,single-family,3,3,2088,1928,500000,sold,2024-05-17
LIST-001306,4436 Hill Dr,New York,NY,52813,40.523901,-74.068722,single-family,5,5,1980,2011,865000,pending,2024-06-06
LIST-001307,7091 Elm Pl,Denver,CO,62180,39.733152,-104.980197,condo,3,3,771,1972,240000,active,2025-04-16
LIST-001308,3349 Walnut Pl,Austin,TX,98234,30.403576,-97.939446,single-family,6,6,1513,2012,540000,sold,2025-02-24
LIST-001309,8297 Autumn Blvd,Seattle,WA,19749,47.411665,-122.342362,condo,3,4,882,1970,295000,sold,2024-05-01
LIST-001310,5340 Spring St,Los Angeles,CA,18296,33.969249,-118.325234,single-family,6,6,2226,1944,940000,sold,2025-08-10
LIST-001311,4374 Hill Ave,Seattle,WA,80546,47.393255,-122.318216,single-family,2,1,2133,2005,915000,active,2026-03-30
LIST-001312,8874 Spring Ln,Chicago,IL,79892,41.733406,-87.559276,single-family,5,5,1138,1945,300000,sold,2026-02-22
LIST-001313,9426 Cedar Blvd,Los Angeles,CA,90168,34.036678,-118.434516,single-family,3,2,1437,2005,605000,pending,2024-09-10
LIST-001314,7290 Summer Ln,Los Angeles,CA,93422,33.976609,-118.325927,condo,1,2,1423,1928,495000,sold,2025-08-31
LIST-001315,6503 Sunrise St,New York,NY,67392,40.579235,-74.147771,single-family,5,5,2157,1975,1265000,pending,2025-12-15
LIST-001316,1243 Madison Dr,Chicago,IL,47254,41.739716,-87.756604,single-family,5,4,1484,1971,335000,sold,2025-07-18
LIST-001317,8746 Cedar Ct,Miami,FL,86221,25.877137,-80.37545,single-family,5,5,1938,2020,800000,active,2025-11-21
LIST-001318,2810 Cedar St,Los Angeles,CA,11299,34.221709,-118.207391,single-family,2,2,2744,1984,1205000,sold,2026-03-12
LIST-001319,18 Jefferson Dr,San Francisco,CA,23680,37.693586,-122.392076,single-family,4,4,2847,1934,1340000,active,2025-06-08
LIST-001320,6825 Hill St,New York,NY,23891,40.615613,-73.772357,single-family,6,6,2185,1979,1105000,sold,2026-02-07
LIST-001321,9782 Lake Dr,San Francisco,CA,87617,37.827501,-122.690558,townhouse,2,2,1839,1992,1005000,sold,2024-07-19
LIST-001322,4830 Forest Pl,San Francisco,CA,97158,37.636403,-122.200512,single-family,6,5,2980,1998,1800000,sold,2025-06-25
LIST-001323,7017 Lake Ave,Chicago,IL,92709,41.719697,-87.602724,condo,0,1,924,2012,270000,active,2024-07-27
LIST-001324,6923 Jefferson Ct,San Francisco,CA,45947,37.741723,-122.277019,townhouse,3,3,1654,1976,940000,active,2025-05-11
LIST-001325,2930 Elm Blvd,Miami,FL,51343,25.718397,-80.046568,single-family,3,3,3077,1978,1090000,sold,2024-08-15
LIST-001326,4983 Jefferson Ln,San Francisco,CA,72967,37.776671,-122.39415,townhouse,4,3,2288,1956,1315000,active,2024-12-25
LIST-001327,4719 Park Way,Austin,TX,20726,30.161943,-97.828509,condo,2,3,1420,1968,325000,active,2026-02-05
LIST-001328,1123 Spring Pl,Los Angeles,CA,21980,34.09588,-118.341188,townhouse,2,2,1097,1994,415000,active,2024-09-21
LIST-001329,5273 Jefferson Way,Los Angeles,CA,82834,34.175803,-118.055833,multi-family,7,7,2632,1982,1100000,active,2025-01-25
LIST-001330,1386 Sunset Ave,San Francisco,CA,52951,37.716296,-122.214568,condo,2,3,1207,2009,670000,sold,2025-05-26
LIST-001331,2322 Valley Pl,San Francisco,CA,93706,37.562906,-122.46898,condo,2,3,1373,1939,580000,active,2025-02-09
LIST-001332,4751 Washington Dr,New York,NY,70222,40.829135,-74.208619,single-family,5,5,2460,1945,1090000,sold,2025-07-18
LIST-001333,9854 Elm Ct,San Francisco,CA,94450,37.666803,-122.428474,single-family,3,3,1483,2011,1025000,sold,2024-11-03
LIST-001334,9100 Forest Blvd,New York,NY,35729,40.551603,-74.014058,townhouse,4,4,1621,1945,785000,sold,2025-05-05
LIST-001335,8396 Lincoln Ave,Los Angeles,CA,77090,34.075698,-118.181885,single-family,4,3,1690,2018,715000,active,2026-01-21
LIST-001336,6522 Lincoln Ave,Los Angeles,CA,31310,34.123032,-118.03549,single-family,5,4,2881,1911,990000,sold,2025-02-19
LIST-001337,9608 Autumn St,New York,NY,89900,40.754337,-74.135679,single-family,6,5,2746,1955,1085000,withdrawn,2024-06-10
LIST-001338,2692 Cedar Ave,Austin,TX,99621,30.193314,-97.760685,condo,3,4,827,1902,165000,active,2026-04-24
LIST-001339,7510 Lincoln Way,Denver,CO,97817,39.596439,-105.016208,townhouse,2,1,1197,1965,370000,active,2025-12-05
LIST-001340,9714 Oak Blvd,Seattle,WA,77936,47.726861,-122.506968,condo,3,4,1412,1990,575000,sold,2024-08-07
LIST-001341,5386 Winter Ln,San Francisco,CA,20741,37.645578,-122.514511,condo,0,1,986,1981,570000,sold,2026-03-30
LIST-001342,1727 Pine Blvd,New York,NY,61277,40.657996,-73.871965,single-family,4,4,2812,1954,1240000,sold,2025-06-11
LIST-001343,5524 Lincoln St,Austin,TX,20457,30.312033,-97.541347,single-family,5,5,2225,1978,745000,sold,2025-06-23
LIST-001344,6976 Forest Dr,New York,NY,29373,40.722245,-74.048962,condo,1,1,710,1956,310000,active,2025-01-01
LIST-001345,2083 Market Ct,Los Angeles,CA,97678,34.221531,-118.115023,condo,2,2,1040,1992,435000,sold,2025-12-19
LIST-001346,5046 Birch Way,San Francisco,CA,85170,37.914991,-122.249023,single-family,6,6,2070,1901,730000,sold,2024-08-06
LIST-001347,7563 Walnut Ct,Los Angeles,CA,27777,33.952706,-118.184019,condo,2,2,1273,1991,445000,active,2024-06-17
LIST-001348,8360 Summer Ct,San Francisco,CA,38446,37.731891,-122.577225,condo,3,4,536,1996,295000,withdrawn,2024-07-01
LIST-001349,4792 Sunset Dr,Chicago,IL,58066,41.883277,-87.491691,condo,0,1,450,2025,145000,expired,2024-07-10
LIST-001350,4764 Hill Ct,San Francisco,CA,25163,37.676767,-122.311096,single-family,6,5,1648,1972,755000,pending,2026-03-13
LIST-001351,86 Park Dr,New York,NY,95217,40.618302,-74.202515,townhouse,2,1,1259,2009,565000,sold,2025-12-16
LIST-001352,5307 Mission Dr,Los Angeles,CA,70532,33.935279,-118.107308,single-family,2,1,2157,1909,520000,active,2025-10-24
LIST-001353,3516 Maple Ln,Los Angeles,CA,27743,33.912914,-118.433936,single-family,4,4,3624,1904,930000,sold,2024-05-01
LIST-001354,9496 Hill Way,San Francisco,CA,25212,37.64607,-122.332735,townhouse,4,4,1541,1933,755000,sold,2025-04-18
LIST-001355,2846 Madison Ln,Miami,FL,10471,25.568745,-80.30155,condo,0,1,722,2010,325000,sold,2025-08-30
LIST-001356,7443 Birch Pl,New York,NY,53076,40.728186,-74.217046,townhouse,3,3,2055,2009,1205000,sold,2025-12-17
LIST-001357,585 Walnut Ln,San Francisco,CA,45519,37.813176,-122.280682,condo,3,3,1942,2000,935000,pending,2026-02-06
LIST-001358,3654 Summer Dr,New York,NY,57073,40.723676,-74.233908,townhouse,4,3,1410,1926,570000,sold,2025-12-02
LIST-001359,6877 Maple Blvd,Los Angeles,CA,35297,33.933671,-118.220946,single-family,4,4,2108,1901,660000,active,2025-01-27
LIST-001360,580 Summer Way,Denver,CO,40493,39.656857,-104.840313,condo,0,1,1138,1908,265000,active,2026-03-07
LIST-001361,6092 Winter Dr,Seattle,WA,38192,47.596624,-122.210667,single-family,2,2,1914,1975,830000,active,2025-07-13
LIST-001362,7638 Maple Pl,Miami,FL,46313,25.929861,-80.118554,single-family,6,5,1424,1912,450000,withdrawn,2024-08-21
LIST-001363,3515 Elm Ct,San Francisco,CA,47960,37.769813,-122.241621,townhouse,3,3,1857,1963,1115000,sold,2024-09-22
LIST-001364,2456 Jefferson Ct,San Francisco,CA,16587,37.656294,-122.563641,single-family,4,3,2629,1967,1340000,sold,2024-10-15
LIST-001365,5914 Walnut Ct,Seattle,WA,27765,47.776988,-122.238937,townhouse,2,2,1123,1930,335000,sold,2025-11-12
LIST-001366,9235 Maple St,New York,NY,53717,40.884489,-73.991783,single-family,6,5,1516,1903,430000,sold,2024-08-15
LIST-001367,1248 Mission Ct,Miami,FL,76757,25.660032,-80.163931,single-family,2,1,2225,1926,630000,pending,2024-06-02
LIST-001368,1827 Lincoln Blvd,Denver,CO,24663,39.83505,-104.970596,condo,2,2,1217,1990,410000,sold,2026-01-06
LIST-001369,2168 Elm Way,Denver,CO,49522,39.943205,-104.868697,townhouse,3,2,1558,2025,635000,sold,2025-12-11
LIST-001370,9567 Ridge Ln,San Francisco,CA,97073,37.955348,-122.397246,single-family,3,2,2675,1996,1255000,expired,2026-04-10
LIST-001371,1302 Mission Pl,Austin,TX,27111,30.349843,-97.888628,townhouse,3,3,1765,1982,520000,pending,2024-10-22
LIST-001372,6273 Oak Blvd,Chicago,IL,80785,41.762598,-87.688074,multi-family,5,4,3690,2021,975000,sold,2025-07-28
LIST-001373,8789 Forest Ln,San Francisco,CA,47425,37.906188,-122.281216,multi-family,8,6,3508,2003,2025000,sold,2025-12-10
LIST-001374,4421 Valley Pl,Seattle,WA,11267,47.712847,-122.482884,multi-family,7,7,3035,1927,930000,expired,2026-04-06
LIST-001375,834 River Dr,Los Angeles,CA,67302,34.071658,-118.05077,condo,0,1,1159,1937,420000,sold,2024-07-06
LIST-001376,650 Madison Blvd,Seattle,WA,68857,47.450323,-122.564248,townhouse,3,3,1765,1935,575000,sold,2024-11-27
LIST-001377,2441 Maple Way,San Francisco,CA,74443,37.606844,-122.456898,single-family,5,5,2805,1921,985000,active,2025-11-29
LIST-001378,6617 Sunset Dr,New York,NY,48232,40.715061,-73.994925,single-family,2,2,3046,1902,1105000,pending,2026-01-07
LIST-001379,2504 Hill Blvd,Chicago,IL,22103,42.054282,-87.624806,single-family,6,6,2318,2002,480000,sold,2026-02-24
LIST-001380,5528 Valley Ave,Austin,TX,81011,30.1698,-97.711674,townhouse,4,3,1839,1994,585000,active,2024-05-07
LIST-001381,3600 Hill Ct,New York,NY,77508,40.512447,-74.087522,single-family,4,3,2106,2017,1205000,sold,2025-08-01
LIST-001382,6061 Spring Ln,San Francisco,CA,89184,37.810579,-122.495691,multi-family,4,4,3457,1966,2140000,pending,2025-09-27
LIST-001383,4560 Forest Ct,Los Angeles,CA,52459,33.976307,-118.289169,condo,1,1,1186,2008,570000,active,2024-10-06
LIST-001384,889 Cedar St,San Francisco,CA,67883,37.894656,-122.47562,condo,2,3,1315,2013,885000,sold,2025-04-01
LIST-001385,2455 River Blvd,Denver,CO,47877,39.667273,-105.109278,single-family,3,3,1970,1917,475000,sold,2025-08-07
LIST-001386,2627 Hill Way,San Francisco,CA,35251,37.875595,-122.528561,single-family,4,4,1780,1959,795000,withdrawn,2025-09-07
LIST-001387,5373 Lake St,New York,NY,92358,40.704573,-73.968342,single-family,2,2,1589,1970,610000,sold,2024-06-23
LIST-001388,1406 Birch Dr,Los Angeles,CA,63529,33.8845,-118.091893,townhouse,2,1,1585,1977,540000,active,2025-03-28
LIST-001389,4343 Jefferson Way,Denver,CO,26396,39.889036,-104.953605,condo,1,2,1420,2018,490000,active,2024-07-09
LIST-001390,2374 Sunset Ct,San Francisco,CA,95864,37.59753,-122.322672,single-family,4,3,1659,1948,900000,expired,2024-12-24
LIST-001391,5074 Sunrise Blvd,New York,NY,36864,40.648745,-73.745054,condo,0,1,1287,1946,550000,sold,2025-08-30
LIST-001392,7527 Market Blvd,Los Angeles,CA,99048,34.181434,-118.282599,single-family,5,5,2331,1920,905000,sold,2025-12-04
LIST-001393,7250 Forest Pl,Seattle,WA,46183,47.382848,-122.351663,townhouse,4,3,2550,2000,990000,active,2024-08-09
LIST-001394,6773 Cedar Ln,Denver,CO,57396,39.790801,-105.25093,single-family,5,5,1547,1984,380000,active,2024-10-09
LIST-001395,1819 Birch Ave,Denver,CO,59598,39.689562,-104.797167,single-family,3,2,2820,1939,555000,sold,2026-03-14
LIST-001396,4647 Mission Ave,Los Angeles,CA,96497,34.151826,-118.424331,condo,2,3,686,1932,240000,active,2025-03-07
LIST-001397,9623 Autumn Ln,Miami,FL,39536,25.744005,-80.268841,single-family,3,3,1443,1900,415000,sold,2024-12-25
LIST-001398,309 Lake Ave,Denver,CO,44035,39.811711,-105.245699,condo,2,2,1034,1953,275000,expired,2025-03-11
LIST-001399,6587 Oak Ln,Miami,FL,13841,25.855026,-79.965168,single-family,4,3,2431,1910,715000,active,2026-03-02
LIST-001400,967 Walnut Blvd,Chicago,IL,60469,41.683099,-87.494034,condo,1,1,1570,1912,325000,sold,2025-05-28
LIST-001401,3953 Cedar Pl,San Francisco,CA,72238,37.923649,-122.27336,single-family,6,6,3053,1904,1495000,active,2026-04-14
LIST-001402,5822 Market St,Austin,TX,30393,30.098033,-97.701426,condo,3,4,1362,1995,320000,sold,2025-02-26
LIST-001403,8695 Elm Ave,Austin,TX,54659,30.167521,-97.808292,single-family,5,4,3009,1980,685000,active,2025-04-05
LIST-001404,7676 Cedar Ct,San Francisco,CA,17371,37.572825,-122.517128,condo,3,3,599,1900,235000,sold,2025-08-09
LIST-001405,6304 Ridge Pl,San Francisco,CA,87080,37.76121,-122.463355,single-family,6,5,2443,2014,1300000,sold,2025-12-10
LIST-001406,4708 Jefferson St,Denver,CO,10914,39.76432,-104.893967,single-family,3,3,2047,1957,640000,sold,2024-07-22
LIST-001407,6485 Elm Blvd,Austin,TX,27688,30.139944,-97.578777,single-family,6,6,2967,1985,975000,active,2025-12-18
LIST-001408,7745 Maple Ct,New York,NY,44023,40.645235,-74.058776,condo,3,3,1140,1997,555000,pending,2025-04-20
LIST-001409,909 Summer Ave,Miami,FL,28617,25.646293,-80.029791,single-family,2,2,800,2019,290000,sold,2026-03-13
LIST-001410,4237 Autumn Blvd,Miami,FL,95036,25.856563,-80.403595,single-family,2,1,1295,2018,385000,active,2024-06-06
LIST-001411,1765 Summer Ct,Los Angeles,CA,11339,34.050935,-118.368819,single-family,6,6,1663,2009,675000,active,2024-05-19
LIST-001412,9022 River Ln,Chicago,IL,72425,41.957463,-87.880216,single-family,3,3,1867,1918,295000,withdrawn,2025-02-17
LIST-001413,6901 Ridge Blvd,Seattle,WA,46193,47.629994,-122.036502,townhouse,4,3,1754,1911,390000,active,2024-08-01
LIST-001414,1261 Sunset Pl,Denver,CO,24570,39.563759,-105.125632,single-family,2,1,2853,1960,675000,pending,2025-11-30
LIST-001415,9816 Sunset Blvd,Los Angeles,CA,15978,34.059201,-118.158812,single-family,6,5,1552,1933,445000,sold,2025-09-09
LIST-001416,610 Lake Ave,Los Angeles,CA,70630,34.13166,-118.105387,condo,3,3,1088,2007,595000,sold,2025-03-25
LIST-001417,1012 Walnut Ave,Seattle,WA,40130,47.616905,-122.279221,condo,3,4,924,1983,350000,expired,2025-12-06
LIST-001418,2976 River St,Denver,CO,52508,39.756182,-104.829551,single-family,3,2,2411,1937,680000,sold,2025-05-26
LIST-001419,2239 Maple Pl,San Francisco,CA,64607,37.76928,-122.30118,condo,3,3,1250,1966,755000,expired,2025-04-14
LIST-001420,2276 Lake Blvd,Chicago,IL,62545,41.915127,-87.450787,single-family,2,2,1861,2020,490000,sold,2026-04-16
LIST-001421,9698 Market Dr,Los Angeles,CA,78592,34.023565,-118.438373,townhouse,4,4,1203,1903,405000,sold,2026-04-28
LIST-001422,7780 Walnut Ct,San Francisco,CA,89165,37.810255,-122.65251,condo,2,3,1348,2000,620000,sold,2026-02-07
LIST-001423,8205 Washington Pl,Austin,TX,17572,30.164258,-97.517552,townhouse,3,2,1757,1987,530000,pending,2025-04-15
LIST-001424,6603 Summer Blvd,Denver,CO,33714,39.735335,-104.81984,single-family,2,2,1586,1930,435000,sold,2024-08-23
LIST-001425,1987 Sunrise Ave,Seattle,WA,74237,47.701387,-122.276576,single-family,3,2,2909,2006,1190000,pending,2026-03-20
LIST-001426,2889 Cedar Ct,Seattle,WA,40499,47.591325,-122.255309,condo,2,3,1407,1934,520000,sold,2025-07-04
LIST-001427,4370 Elm Ct,New York,NY,22537,40.695578,-74.019343,condo,1,2,1231,2023,840000,sold,2024-05-11
LIST-001428,1327 River Dr,Los Angeles,CA,38316,34.242584,-118.151802,single-family,2,1,2660,1959,1185000,sold,2026-04-16
LIST-001429,1863 Autumn Pl,Seattle,WA,59379,47.757856,-122.522576,condo,0,1,1161,2006,470000,active,2024-12-04
LIST-001430,5336 Ridge St,San Francisco,CA,62127,37.663399,-122.367209,multi-family,8,8,3684,1969,1705000,sold,2025-11-27
LIST-001431,1435 Elm Ave,San Francisco,CA,74652,37.756983,-122.586393,condo,2,3,709,1928,265000,sold,2025-12-10
LIST-001432,5435 Elm Pl,Miami,FL,69318,25.700498,-80.288128,single-family,6,5,1504,1907,315000,sold,2025-03-23
LIST-001433,7134 Valley St,New York,NY,76278,40.657335,-73.797514,multi-family,8,7,3076,1975,1385000,sold,2024-05-01
LIST-001434,2824 Washington St,Seattle,WA,23537,47.502601,-122.15421,single-family,2,2,3093,1905,890000,sold,2026-04-17
LIST-001435,2580 Lake Dr,San Francisco,CA,39513,37.937916,-122.561236,condo,2,2,1105,1933,520000,withdrawn,2025-07-29
LIST-001436,982 Cedar Dr,Los Angeles,CA,53435,34.142625,-118.273628,single-family,2,2,2253,1919,825000,withdrawn,2026-01-16
LIST-001437,4033 Walnut Blvd,New York,NY,37282,40.747146,-74.157634,condo,0,1,806,1970,430000,active,2025-12-30
LIST-001438,3786 Cedar Blvd,Los Angeles,CA,80564,34.149855,-118.309332,condo,1,2,1300,1968,395000,sold,2025-11-27
LIST-001439,934 Cedar Blvd,Miami,FL,88793,25.765041,-80.413857,single-family,6,6,1592,1976,510000,withdrawn,2025-08-19
LIST-001440,4404 Mission Ave,Los Angeles,CA,33888,34.103046,-118.062271,single-family,4,3,2285,1935,660000,withdrawn,2025-02-23
LIST-001441,2108 Forest Ln,Chicago,IL,40424,41.761359,-87.38913,multi-family,4,2,3740,1909,770000,active,2025-02-14
LIST-001442,7359 Autumn Dr,Seattle,WA,91370,47.659014,-122.435687,condo,3,4,1322,1913,455000,active,2024-05-20
LIST-001443,5820 Maple Way,San Francisco,CA,40182,37.867594,-122.238804,condo,2,3,1169,1921,560000,active,2025-10-19
LIST-001444,9697 Sunset Blvd,San Francisco,CA,67883,37.789049,-122.548708,single-family,2,1,2261,1930,1110000,active,2026-02-21
LIST-001445,8852 Autumn Ave,Los Angeles,CA,98526,34.174673,-118.092404,condo,2,2,1175,1969,405000,sold,2025-09-01
LIST-001446,3433 Hill Blvd,Chicago,IL,85311,42.067692,-87.679823,single-family,6,5,2318,1963,425000,sold,2025-02-21
LIST-001447,5474 Mission Way,Chicago,IL,17514,41.675724,-87.501896,single-family,6,6,2439,1969,630000,expired,2024-11-30
LIST-001448,8331 Ridge Ct,Austin,TX,32531,30.345808,-97.909789,single-family,4,3,2681,1990,870000,active,2026-01-03
LIST-001449,151 Winter Ave,Denver,CO,34060,39.772225,-105.224059,single-family,3,2,2080,1974,560000,sold,2024-09-12
LIST-001450,9659 Winter Ln,Denver,CO,82413,39.777172,-105.157081,townhouse,3,3,1537,1996,550000,active,2024-09-11
LIST-001451,6850 River Blvd,New York,NY,11762,40.865266,-73.877213,townhouse,2,2,1850,1972,905000,sold,2026-01-03
LIST-001452,1103 Sunrise Ln,Miami,FL,66401,25.861316,-80.067321,single-family,4,3,1979,2005,850000,expired,2025-02-05
LIST-001453,9707 Hill Ct,Chicago,IL,70775,41.881659,-87.588642,single-family,2,2,2128,1968,535000,active,2024-12-18
LIST-001454,6858 Oak Pl,Miami,FL,46829,25.597255,-80.091228,single-family,6,6,3117,1959,980000,active,2025-03-07
LIST-001455,6983 Market Blvd,New York,NY,21813,40.550131,-73.830548,single-family,6,5,2880,1929,1135000,active,2025-03-26
LIST-001456,1536 Forest Ln,Miami,FL,43944,25.812606,-79.994535,townhouse,2,1,1733,1914,350000,withdrawn,2025-08-23
LIST-001457,6894 Winter St,San Francisco,CA,78597,37.856715,-122.345046,single-family,4,4,2442,1922,1060000,sold,2025-02-26
LIST-001458,5583 Cedar Pl,Seattle,WA,19104,47.652857,-122.601345,condo,1,1,999,1905,320000,sold,2026-01-19
LIST-001459,1284 Winter Pl,San Francisco,CA,44944,37.812565,-122.488363,condo,1,2,1071,1921,420000,active,2024-12-25
LIST-001460,4817 Winter Way,San Francisco,CA,31693,37.669774,-122.355175,single-family,3,2,1935,1973,925000,sold,2024-05-09
LIST-001461,62 Washington Way,Austin,TX,18286,30.276826,-97.903146,single-family,6,6,1970,1925,440000,sold,2024-11-23
LIST-001462,542 Lincoln Dr,Los Angeles,CA,87328,33.904049,-118.424367,single-family,4,4,2761,1911,810000,active,2025-01-05
LIST-001463,849 River Ct,Seattle,WA,46150,47.576644,-122.41422,single-family,5,4,2059,1958,725000,withdrawn,2024-11-20
LIST-001464,3841 River Ave,San Francisco,CA,99055,37.882921,-122.625351,multi-family,6,5,2535,1932,1380000,sold,2024-08-11
LIST-001465,8480 Valley Way,Los Angeles,CA,24417,34.009907,-118.382756,single-family,6,6,2415,1960,1095000,active,2026-02-14
LIST-001466,608 Hill Dr,San Francisco,CA,14360,37.857263,-122.580762,condo,0,1,1035,1930,440000,sold,2025-03-29
LIST-001467,2232 Elm Blvd,Seattle,WA,25760,47.425881,-122.506915,single-family,2,1,1457,1927,350000,sold,2025-10-27
LIST-001468,5401 Walnut Way,Seattle,WA,94809,47.396515,-122.283593,condo,2,2,1134,1978,330000,sold,2025-05-30
LIST-001469,6560 Maple Way,Austin,TX,76022,30.461043,-97.675301,single-family,3,2,2356,1921,565000,sold,2026-03-06
LIST-001470,9201 Forest Ave,Miami,FL,69691,25.865726,-80.354708,townhouse,4,3,2278,1973,630000,sold,2025-10-22
LIST-001471,252 Sunrise Dr,Denver,CO,98626,39.715361,-105.173276,single-family,5,5,2182,1908,450000,active,2026-04-24
LIST-001472,9215 Birch Ct,New York,NY,30937,40.788458,-73.802864,townhouse,4,4,1831,1986,1115000,sold,2026-04-23
LIST-001473,6649 Lincoln Ln,Austin,TX,90051,30.294202,-97.997457,condo,1,1,458,1900,90000,sold,2024-12-26
LIST-001474,325 Cedar Ln,San Francisco,CA,93851,37.740528,-122.54128,single-family,3,3,2450,1986,1555000,expired,2024-12-21
LIST-001475,4459 Hill Ln,Los Angeles,CA,89594,34.220023,-118.271367,single-family,5,5,2603,1968,985000,active,2024-11-17
LIST-001476,6185 Mission Ln,Chicago,IL,10731,41.983231,-87.579663,single-family,2,1,2312,1992,610000,sold,2025-05-25
LIST-001477,5393 Maple Dr,Austin,TX,95727,30.164193,-97.564584,condo,0,1,966,1998,290000,sold,2024-08-19
LIST-001478,8417 Mission St,New York,NY,16281,40.861963,-73.83374,single-family,6,6,1728,1952,805000,active,2026-03-15
LIST-001479,8637 Park St,Denver,CO,48795,39.946264,-105.057746,single-family,3,2,2311,2021,730000,active,2026-03-07
LIST-001480,1243 Forest St,Austin,TX,92751,30.285988,-97.714201,single-family,6,5,2392,2021,775000,sold,2025-04-28
LIST-001481,3943 Washington Ave,Seattle,WA,27494,47.738127,-122.165333,condo,3,3,1260,1950,355000,sold,2025-06-16
LIST-001482,9756 River Blvd,Seattle,WA,38618,47.666455,-122.582979,multi-family,7,7,3996,1986,1845000,active,2024-11-26
LIST-001483,6136 Walnut Ct,Chicago,IL,28691,41.749167,-87.653802,condo,3,3,1138,1995,270000,sold,2025-09-23
LIST-001484,6646 Spring St,Chicago,IL,44899,42.037857,-87.716648,single-family,3,2,2143,1946,415000,active,2026-04-07
LIST-001485,6971 Ridge Ave,Los Angeles,CA,56512,34.061786,-118.410146,single-family,4,4,1872,1997,955000,pending,2025-01-29
LIST-001486,8366 Jefferson Blvd,Austin,TX,45648,30.317489,-97.971227,condo,2,2,1213,2024,340000,sold,2025-10-28
LIST-001487,6254 River Pl,San Francisco,CA,40254,37.584326,-122.532773,multi-family,5,3,1909,1951,910000,expired,2024-08-07
LIST-001488,2220 Summer St,Chicago,IL,97369,41.702989,-87.673042,single-family,2,2,3138,1947,720000,sold,2025-05-12
LIST-001489,3108 Lake Ct,New York,NY,86468,40.616809,-74.025597,single-family,5,5,2721,1909,1215000,withdrawn,2025-07-17
LIST-001490,9067 Summer Pl,Chicago,IL,42499,42.011182,-87.778257,condo,1,1,1121,1994,305000,expired,2025-06-30
LIST-001491,4130 Washington Dr,New York,NY,32631,40.571,-74.023408,condo,3,3,736,1901,235000,active,2025-06-12
LIST-001492,4754 Valley St,San Francisco,CA,10579,37.675682,-122.441617,single-family,6,6,2852,1919,1525000,sold,2024-05-23
LIST-001493,9250 Pine Dr,Chicago,IL,47256,41.699427,-87.578389,single-family,6,6,2592,1983,700000,sold,2026-03-08
LIST-001494,7133 Mission Way,Los Angeles,CA,87520,34.023267,-118.247352,condo,2,3,1031,1981,485000,sold,2024-05-26
LIST-001495,3813 Maple Pl,Miami,FL,40609,25.83663,-80.061119,condo,1,2,1516,1990,570000,active,2024-09-19
LIST-001496,566 Mission Way,New York,NY,81460,40.850622,-74.074824,single-family,4,3,2159,1916,975000,sold,2026-02-02
LIST-001497,7879 Birch Ln,Seattle,WA,66441,47.687908,-122.328814,single-family,4,4,2068,1978,750000,active,2025-06-13
LIST-001498,5183 River Ave,Miami,FL,96068,25.761943,-80.17129,townhouse,3,2,1678,1915,485000,pending,2024-06-26
LIST-001499,2412 Spring Way,San Francisco,CA,33506,37.616301,-122.41419,condo,0,1,1205,1953,485000,sold,2025-09-28
LIST-001500,5097 Ridge Pl,Miami,FL,34097,25.593737,-80.30025,condo,1,1,1080,1924,255000,active,2024-12-18
LIST-001501,7717 Forest Way,Los Angeles,CA,10673,34.084841,-118.452136,single-family,2,1,2099,2010,780000,active,2024-06-21
LIST-001502,9727 Lake Ave,San Francisco,CA,31818,37.951532,-122.31202,single-family,2,1,1357,1911,565000,active,2025-09-23
LIST-001503,7413 Ridge Ln,Los Angeles,CA,22509,34.189466,-118.273581,single-family,2,1,1549,1969,675000,sold,2026-01-18
LIST-001504,9641 Hill St,Austin,TX,16629,30.180924,-97.922335,single-family,2,1,2069,1906,450000,sold,2024-05-03
LIST-001505,9653 River Ct,Austin,TX,13163,30.219073,-97.60678,single-family,2,2,1261,1969,280000,active,2025-06-24
LIST-001506,354 Market Pl,Miami,FL,46529,25.747354,-80.410263,single-family,6,5,1455,2017,645000,sold,2025-10-14
LIST-001507,5622 Summer Ct,Denver,CO,36702,39.719664,-104.969747,single-family,4,4,2678,1988,770000,sold,2026-03-05
LIST-001508,7087 Sunrise St,San Francisco,CA,17002,37.794471,-122.357009,multi-family,6,5,3056,2008,1440000,withdrawn,2026-03-31
LIST-001509,4632 Hill Ave,Denver,CO,80890,39.532679,-105.093503,multi-family,4,2,4293,1991,1060000,sold,2024-07-11
LIST-001510,6552 Hill Blvd,San Francisco,CA,16166,37.932092,-122.544787,condo,3,4,1826,1942,890000,sold,2025-07-10
LIST-001511,5963 Spring Ln,Chicago,IL,72574,41.836309,-87.713743,single-family,5,5,2414,1976,705000,sold,2025-05-05
LIST-001512,1213 Washington Way,Los Angeles,CA,18326,34.237695,-118.303318,single-family,6,6,2514,2017,1230000,active,2025-04-10
LIST-001513,232 Birch Ct,Austin,TX,10363,30.116705,-97.649045,condo,3,3,1306,1931,275000,sold,2025-02-16
LIST-001514,859 River Dr,San Francisco,CA,16346,37.938701,-122.397912,single-family,6,5,2553,1900,885000,pending,2025-03-08
LIST-001515,9639 Cedar St,San Francisco,CA,11050,37.645223,-122.347144,single-family,2,2,1950,1911,875000,sold,2026-02-10
LIST-001516,5563 Elm Dr,Miami,FL,13054,25.617438,-80.296826,multi-family,4,2,1541,1930,460000,active,2024-08-14
LIST-001517,8749 Forest St,Miami,FL,16493,25.656407,-80.0689,single-family,6,5,2134,1983,845000,expired,2024-06-02
LIST-001518,728 Park Ln,San Francisco,CA,87402,37.646054,-122.191493,condo,3,3,1245,1984,640000,sold,2025-09-02
LIST-001519,5750 Madison Dr,Austin,TX,88019,30.223727,-97.492244,single-family,4,4,1791,1902,380000,active,2025-06-30
LIST-001520,8120 Oak Way,Los Angeles,CA,29583,34.009744,-118.00004,single-family,5,5,2073,2010,790000,sold,2025-02-13
LIST-001521,6917 River St,Austin,TX,93931,30.280495,-97.583112,condo,0,1,1238,1954,240000,active,2025-04-14
LIST-001522,1487 Forest Pl,San Francisco,CA,18893,37.90869,-122.425459,single-family,4,4,1664,1909,650000,active,2024-05-04
LIST-001523,4357 Oak Ct,Miami,FL,50316,25.881105,-80.145036,single-family,6,6,1835,1938,430000,active,2025-01-09
LIST-001524,1319 Winter Ct,New York,NY,85060,40.585042,-73.815705,single-family,4,3,2369,1974,895000,sold,2024-08-04
LIST-001525,9177 Sunset Ct,Seattle,WA,74867,47.545785,-122.058333,condo,1,1,982,1930,265000,pending,2025-08-15
LIST-001526,4013 Maple Ave,Denver,CO,21626,39.731942,-105.012754,single-family,3,3,2298,1995,760000,sold,2026-01-13
LIST-001527,9275 River Ln,Chicago,IL,99471,41.805509,-87.703934,single-family,3,3,2509,1988,705000,sold,2024-10-13
LIST-001528,9737 Mission Blvd,Los Angeles,CA,59291,33.962028,-118.287322,single-family,3,3,3127,2004,1315000,sold,2025-04-23
LIST-001529,4128 Spring St,Los Angeles,CA,12843,34.182305,-118.332036,condo,1,2,833,1918,210000,active,2024-09-19
LIST-001530,2456 Washington St,San Francisco,CA,89252,37.799325,-122.197751,condo,2,3,1040,1927,565000,sold,2024-06-24
LIST-001531,9993 Washington Ave,Miami,FL,67202,25.828257,-80.349161,townhouse,3,2,1623,1949,390000,withdrawn,2025-01-07
LIST-001532,2476 Birch Pl,Los Angeles,CA,66688,34.20886,-118.056234,single-family,5,4,1809,1931,530000,active,2025-12-22
LIST-001533,9160 Lake St,Seattle,WA,68058,,,single-family,6,6,2684,1938,965000,active,2026-01-14
LIST-001534,4884 Summer St,Los Angeles,CA,14927,33.949747,-118.034783,single-family,6,5,1930,1917,650000,active,2026-01-31
LIST-001535,7050 Elm St,San Francisco,CA,10317,37.932459,-122.396121,condo,3,3,1119,1954,550000,active,2025-07-17
LIST-001536,1172 Valley Pl,Miami,FL,44389,25.66954,-80.122103,condo,2,2,744,2001,310000,sold,2026-01-08
LIST-001537,9810 Autumn Ave,Los Angeles,CA,80999,33.946314,-118.409941,single-family,6,6,3023,1973,1300000,sold,2026-02-11
LIST-001538,6841 Winter Ct,Los Angeles,CA,96748,33.837047,-118.253635,single-family,6,5,1988,2004,800000,sold,2025-08-07
LIST-001539,1232 Market Ave,Los Angeles,CA,79948,34.049826,-118.340746,multi-family,6,5,3496,1991,1510000,sold,2026-03-15
LIST-001540,3173 Lincoln Ln,Los Angeles,CA,31410,34.16251,-118.303527,single-family,2,2,2264,1989,760000,sold,2025-04-05
LIST-001541,2119 Walnut Pl,New York,NY,75691,40.769999,-74.150248,townhouse,2,1,1343,1964,670000,active,2025-06-03
LIST-001542,3285 Spring Ln,Denver,CO,20097,39.573711,-104.967333,single-family,6,5,2499,1908,515000,active,2025-10-24
LIST-001543,8883 Hill St,Chicago,IL,60701,41.830922,-87.457035,condo,2,3,1105,1954,270000,sold,2025-07-15
LIST-001544,6576 Birch St,Miami,FL,64680,25.565503,-80.11302,single-family,2,2,1568,2007,595000,sold,2024-08-18
LIST-001545,5778 Cedar Blvd,San Francisco,CA,56985,37.878809,-122.51382,condo,3,3,884,1966,560000,pending,2025-12-05
LIST-001546,4780 Market St,Los Angeles,CA,79593,34.199958,-118.237287,single-family,6,5,2876,1943,1030000,sold,2026-01-18
LIST-001547,90 Birch Dr,Los Angeles,CA,71906,33.964822,-118.103971,single-family,3,3,3027,1933,825000,sold,2025-08-19
LIST-001548,4026 Forest Dr,Los Angeles,CA,18326,33.911939,-118.280883,single-family,6,6,1349,2007,550000,sold,2024-06-02
LIST-001549,9983 Winter Ln,San Francisco,CA,80080,37.840187,-122.628437,single-family,3,2,2269,1988,1185000,active,2025-08-18
LIST-001550,2220 Ridge Way,Austin,TX,85478,30.216017,-97.847718,single-family,5,5,2168,2005,680000,sold,2026-03-06
LIST-001551,8073 Valley St,New York,NY,59498,40.842436,-73.865389,single-family,6,5,1601,2017,690000,active,2025-12-07
LIST-001552,7091 Maple Blvd,Chicago,IL,81893,41.776115,-87.7936,single-family,4,4,2015,2013,515000,sold,2025-12-13
LIST-001553,297 Sunset Dr,Austin,TX,78234,30.335151,-97.638807,townhouse,2,2,2066,1967,570000,sold,2025-01-13
LIST-001554,1872 Market Ln,Miami,FL,89909,25.774214,-80.09479,condo,3,3,1046,1960,300000,sold,2025-02-06
LIST-001555,8529 River Ln,San Francisco,CA,51943,37.758562,-122.688831,multi-family,8,6,3237,1966,1900000,active,2025-08-14
LIST-001556,4596 Elm Pl,San Francisco,CA,81910,37.779768,-122.234776,condo,1,1,1121,1954,440000,sold,2025-11-13
LIST-001557,1521 Autumn Ave,Seattle,WA,99310,47.746666,-122.433205,single-family,5,5,1916,1923,680000,active,2025-09-11
LIST-001558,393 Forest Blvd,Seattle,WA,81926,47.561835,-122.10508,single-family,5,4,1538,2005,590000,pending,2025-08-27
LIST-001559,937 Oak Ct,Los Angeles,CA,99038,34.146287,-118.098412,condo,0,1,705,2025,275000,active,2025-05-02
LIST-001560,4261 Pine Pl,Los Angeles,CA,68540,34.088162,-118.378866,single-family,5,5,2087,1985,1020000,active,2025-04-27
LIST-001561,961 Jefferson Ln,Seattle,WA,51996,47.643288,-122.153189,single-family,6,6,2650,1959,940000,pending,2024-06-20
LIST-001562,8613 Maple Blvd,Los Angeles,CA,68103,34.069208,-118.513062,condo,1,1,683,1970,230000,active,2025-06-02
LIST-001563,1455 Jefferson Ave,New York,NY,92842,40.56294,-73.859671,single-family,6,5,1941,2019,1135000,sold,2024-05-22
LIST-001564,125 River Ct,San Francisco,CA,95046,37.816161,-122.627527,single-family,5,5,1756,1965,1030000,sold,2024-05-21
LIST-001565,3794 Hill Ln,Austin,TX,82519,30.096208,-97.879456,townhouse,2,1,1458,1999,355000,sold,2025-02-26
LIST-001566,7550 Madison Ct,New York,NY,65145,40.858401,-74.096837,single-family,4,3,1882,2017,815000,sold,2024-06-04
LIST-001567,3582 Cedar Way,New York,NY,32388,40.844621,-74.203183,multi-family,5,4,2669,2002,1390000,active,2024-07-18
LIST-001568,3657 Madison Ln,Los Angeles,CA,72710,33.977329,-118.44003,condo,3,3,1358,1904,380000,sold,2025-06-12
LIST-001569,1687 Winter Blvd,Austin,TX,95380,30.381738,-97.704831,single-family,6,6,2289,1908,430000,sold,2024-06-09
LIST-001570,8756 Washington Ave,New York,NY,61582,40.772617,-74.289019,townhouse,2,1,1797,1968,1025000,active,2025-08-31
LIST-001571,6995 Madison Ln,Austin,TX,92255,30.108182,-97.667392,townhouse,4,3,909,1918,170000,expired,2026-01-15
LIST-001572,3580 Birch Way,Los Angeles,CA,12837,33.853599,-118.364897,single-family,3,2,1813,1992,895000,expired,2026-01-23
LIST-001573,7205 Hill Ave,Seattle,WA,97734,47.410203,-122.343123,single-family,2,1,1487,1957,570000,active,2026-04-07
LIST-001574,2691 Hill Dr,Denver,CO,96755,39.772413,-105.27427,single-family,2,2,1751,1972,565000,pending,2025-02-11
LIST-001575,4923 Valley Ct,San Francisco,CA,71153,37.816265,-122.487274,condo,0,1,939,1931,445000,sold,2024-05-19
LIST-001576,1892 Forest Ave,Miami,FL,92196,25.616508,-80.05633,condo,2,2,935,1973,290000,active,2024-07-03
LIST-001577,4922 Ridge Pl,Seattle,WA,39874,47.73005,-122.393956,townhouse,2,2,1281,1982,565000,active,2024-07-16
LIST-001578,2064 Jefferson Ct,Seattle,WA,26837,47.547241,-122.63475,single-family,6,6,2529,1988,985000,sold,2024-05-21
LIST-001579,3076 Cedar Dr,Los Angeles,CA,94647,34.061949,-118.027073,single-family,2,2,1054,1944,455000,sold,2025-07-21
LIST-001580,4562 Elm St,Seattle,WA,61662,47.714582,-122.175113,condo,3,3,1367,2021,475000,active,2024-12-30
LIST-001581,6907 Sunrise Way,San Francisco,CA,82578,37.918847,-122.230273,condo,1,2,1027,2015,780000,sold,2025-03-25
LIST-001582,450 Washington Blvd,Chicago,IL,25767,41.849853,-87.623633,single-family,2,1,2010,1919,420000,active,2025-03-10
LIST-001583,8031 Winter Blvd,Los Angeles,CA,82035,33.935051,-118.050271,single-family,5,4,1629,2011,840000,sold,2024-07-25
LIST-001584,7197 River Ln,Los Angeles,CA,93802,34.002132,-118.279212,condo,3,3,1203,1981,455000,sold,2024-08-31
LIST-001585,4451 Winter Ln,Miami,FL,37300,25.879896,-80.153688,single-family,6,5,2476,2002,840000,active,2025-11-12
LIST-001586,5927 Ridge Ct,New York,NY,40595,40.604312,-74.051836,single-family,3,3,2105,1973,765000,sold,2024-11-04
LIST-001587,5200 Walnut Ave,Austin,TX,77771,30.135372,-97.58813,single-family,6,6,2257,1933,570000,sold,2025-06-13
LIST-001588,8666 Autumn Way,San Francisco,CA,35469,37.728988,-122.190265,condo,2,3,1206,1963,670000,sold,2025-06-04
LIST-001589,6769 Elm Ave,Denver,CO,66771,39.729933,-105.060888,single-family,3,3,1798,1941,365000,active,2024-10-25
LIST-001590,2121 Park Pl,New York,NY,51953,40.721005,-74.040466,single-family,5,5,2833,1905,1075000,sold,2025-06-12
LIST-001591,3224 Maple Ct,Miami,FL,44508,25.624553,-80.239084,townhouse,2,1,1955,1931,660000,sold,2025-02-14
LIST-001592,2272 Elm Ln,San Francisco,CA,12472,37.866126,-122.378478,multi-family,7,6,2147,2025,1465000,withdrawn,2026-04-07
LIST-001593,6593 Forest Dr,Austin,TX,12502,30.283801,-97.821507,single-family,5,4,2608,1932,550000,sold,2024-08-19
LIST-001594,2895 Oak Way,Los Angeles,CA,86953,34.175104,-118.06289,single-family,3,2,2219,1904,520000,pending,2026-03-07
LIST-001595,2865 Lake Blvd,Los Angeles,CA,35223,34.20257,-118.119346,condo,0,1,1254,1968,445000,active,2024-07-18
LIST-001596,4995 Elm Ct,Denver,CO,53680,39.902725,-104.798637,single-family,3,2,2368,1942,685000,sold,2024-12-07
LIST-001597,4065 Forest Pl,Los Angeles,CA,86459,33.896105,-118.39839,single-family,2,2,2038,1954,645000,active,2024-06-12
LIST-001598,5846 River Ave,Chicago,IL,71852,42.00624,-87.7469,condo,2,2,1458,1970,370000,pending,2025-08-26
LIST-001599,8380 Oak Ct,Los Angeles,CA,58461,33.981545,-118.167221,multi-family,6,5,2926,1962,1255000,pending,2024-08-31
LIST-001600,4446 Winter Ct,Seattle,WA,47819,47.53421,-122.313625,multi-family,5,5,3086,1951,1230000,sold,2024-09-01
LIST-001601,3328 Spring Ct,Seattle,WA,42747,47.619478,-122.144821,single-family,6,5,2692,1998,1130000,sold,2025-12-02
LIST-001602,8972 Hill Way,Denver,CO,64833,39.687906,-104.774963,single-family,2,2,2709,1982,770000,sold,2026-04-26
LIST-001603,7716 Lincoln Dr,Los Angeles,CA,29282,34.002395,-117.987064,single-family,6,5,2118,1952,880000,pending,2025-06-23
LIST-001604,8452 Mission Dr,Chicago,IL,20918,41.889037,-87.891712,condo,0,1,1493,1945,380000,sold,2025-05-24
LIST-001605,6950 Sunrise St,Austin,TX,22506,30.269369,-97.665614,single-family,3,2,2242,1988,535000,sold,2024-05-04
LIST-001606,7252 River Blvd,Denver,CO,87614,39.729647,-105.09916,condo,0,1,1176,1915,320000,pending,2024-09-30
LIST-001607,9595 Autumn Ln,Los Angeles,CA,24271,34.12548,-118.130925,condo,1,2,1018,1951,320000,sold,2025-08-08
LIST-001608,1458 Washington Ct,San Francisco,CA,48290,37.647778,-122.498386,single-family,2,2,1572,1923,740000,sold,2025-02-22
LIST-001609,9368 Maple Ave,Seattle,WA,55862,47.44924,-122.187813,townhouse,2,2,1443,1904,330000,pending,2024-09-09
LIST-001610,3539 Sunrise Ct,Seattle,WA,45674,47.432306,-122.448919,single-family,6,6,2815,1997,1270000,active,2024-10-27
LIST-001611,3557 Oak Ave,Miami,FL,66906,25.812493,-79.997133,condo,0,1,1272,1988,395000,sold,2024-06-25
LIST-001612,643 Birch Ct,New York,NY,31174,40.893247,-73.852518,single-family,4,4,1429,1998,575000,sold,2025-09-22
LIST-001613,5402 Valley Ln,Miami,FL,36289,25.583078,-80.055546,single-family,2,2,2680,1931,685000,active,2026-02-16
LIST-001614,9704 Cedar Dr,New York,NY,73656,40.769354,-73.718935,single-family,5,5,1528,1989,755000,expired,2024-07-14
LIST-001615,5079 Maple Blvd,New York,NY,22813,40.834878,-73.917673,condo,0,1,1495,1914,480000,active,2025-10-30
LIST-001616,4910 Park Blvd,Los Angeles,CA,70211,34.155396,-118.3807,single-family,6,6,1392,1937,390000,active,2025-06-19
LIST-001617,9088 Autumn Ave,New York,NY,89324,40.906678,-73.875506,townhouse,2,1,1227,1962,525000,sold,2024-09-23
LIST-001618,5717 Valley St,San Francisco,CA,94071,37.717559,-122.203833,multi-family,7,7,3340,2000,2045000,active,2024-11-10
LIST-001619,5533 Elm Way,San Francisco,CA,43196,37.871105,-122.486232,single-family,2,1,1575,1984,750000,active,2025-06-30
LIST-001620,7653 Lincoln Ln,San Francisco,CA,18520,37.762981,-122.649691,townhouse,2,2,1456,1981,755000,sold,2026-01-19
LIST-001621,5709 Market Ct,Denver,CO,54660,39.603043,-104.773194,single-family,4,4,2248,1913,520000,sold,2025-11-19
LIST-001622,5934 River Way,Los Angeles,CA,62980,33.916368,-118.248714,townhouse,2,1,1688,1981,760000,sold,2025-02-27
LIST-001623,6907 Elm Ln,San Francisco,CA,59554,37.91407,-122.410548,single-family,2,2,1493,2017,830000,sold,2024-05-04
LIST-001624,4465 Autumn Ave,San Francisco,CA,88578,37.597516,-122.338732,condo,0,1,2167,1981,1470000,sold,2025-06-25
LIST-001625,9120 Birch Ln,Denver,CO,29409,39.903944,-104.979916,single-family,3,3,2974,1984,735000,active,2025-07-03
LIST-001626,9090 Ridge Pl,San Francisco,CA,45772,37.719861,-122.286359,single-family,3,2,2939,1977,1675000,active,2024-05-02
LIST-001627,2708 Winter Blvd,Chicago,IL,68064,41.824577,-87.556109,condo,0,1,1057,2009,350000,pending,2025-01-03
LIST-001628,2101 Jefferson St,New York,NY,78706,40.730604,-74.017146,single-family,4,3,2220,1971,1280000,sold,2025-04-26
LIST-001629,4313 Valley Pl,Miami,FL,22531,25.750958,-80.15517,condo,2,3,1338,1997,400000,sold,2025-12-13
LIST-001630,6326 Hill Way,Denver,CO,89985,39.691762,-104.735716,townhouse,2,2,1867,1922,345000,sold,2025-07-06
LIST-001631,7294 Ridge Dr,Denver,CO,91338,39.604639,-105.208655,multi-family,5,4,1913,1985,470000,active,2025-09-26
LIST-001632,351 Jefferson Ln,Miami,FL,87641,25.634675,-80.264458,single-family,4,3,1729,2022,625000,sold,2025-02-14
LIST-001633,804 River Way,Los Angeles,CA,11936,34.265247,-118.242629,single-family,5,5,1889,1919,610000,sold,2025-03-30
LIST-001634,6862 Market Ave,Seattle,WA,22220,47.500641,-122.28377,single-family,5,5,1574,1910,430000,active,2025-03-18
LIST-001635,4946 Sunset Pl,Los Angeles,CA,62136,34.251434,-118.150955,single-family,2,1,2428,1978,1035000,sold,2026-02-19
LIST-001636,88 Winter St,Miami,FL,37864,25.7928,-80.292233,condo,2,2,1551,1930,485000,withdrawn,2024-09-13
LIST-001637,9593 Maple Ct,Los Angeles,CA,70101,34.158862,-118.113305,single-family,4,3,2126,1976,700000,sold,2024-12-31
LIST-001638,2375 Washington Way,San Francisco,CA,37904,37.83253,-122.607011,single-family,4,4,3318,1947,1585000,active,2025-12-14
LIST-001639,2300 Washington Ct,Austin,TX,12654,30.318053,-97.615312,single-family,2,1,1237,1917,270000,active,2024-12-04
LIST-001640,1435 Forest Pl,Seattle,WA,27173,47.527532,-122.627659,condo,3,4,578,1962,185000,active,2024-08-16
LIST-001641,2077 Lake St,Denver,CO,61932,39.902684,-105.134449,single-family,3,3,2576,1926,595000,expired,2024-05-04
LIST-001642,6858 Cedar St,New York,NY,34241,40.722317,-73.903359,single-family,2,1,1753,1968,920000,sold,2024-05-06
LIST-001643,7059 Cedar Ct,San Francisco,CA,86253,37.779386,-122.280109,single-family,3,2,1899,1907,600000,sold,2024-09-20
LIST-001644,7374 Lincoln Blvd,San Francisco,CA,50514,,,condo,2,2,1023,1908,425000,pending,2025-08-09
LIST-001645,4677 Park Ct,Los Angeles,CA,80054,34.074486,-118.386477,condo,1,2,1175,1983,510000,sold,2025-12-29
LIST-001646,7405 Sunrise Ct,Los Angeles,CA,23685,34.153394,-118.441982,single-family,2,1,3629,2020,1885000,active,2025-08-21
LIST-001647,8979 Oak Ct,New York,NY,94935,40.611023,-73.794366,single-family,5,4,2226,1973,890000,active,2025-10-26
LIST-001648,403 River Pl,Austin,TX,99096,30.124962,-97.907679,single-family,3,3,2156,1986,495000,sold,2025-06-29
LIST-001649,8408 Lake Ct,Chicago,IL,77740,41.880612,-87.493051,single-family,5,5,1327,1909,290000,pending,2025-09-06
LIST-001650,5525 Winter Dr,Los Angeles,CA,42091,34.189946,-118.148001,townhouse,4,3,1570,1924,400000,active,2025-12-01
LIST-001651,3429 Birch Pl,Chicago,IL,59820,42.016366,-87.751175,single-family,3,3,2223,1944,505000,sold,2026-02-21
LIST-001652,5594 Walnut Blvd,Austin,TX,19381,30.25907,-97.552527,single-family,6,6,2548,2002,820000,sold,2025-07-17
LIST-001653,6052 Pine Blvd,San Francisco,CA,38878,37.763942,-122.331116,townhouse,3,2,1918,1937,770000,sold,2026-01-06
LIST-001654,6739 Ridge Pl,Denver,CO,60581,39.648854,-104.723056,single-family,3,2,2643,2021,1010000,sold,2024-12-30
LIST-001655,9489 Birch Ct,Denver,CO,10761,39.832029,-104.800753,single-family,6,5,1806,1902,345000,sold,2024-12-31
LIST-001656,3801 Summer Way,Los Angeles,CA,74512,33.969501,-118.071988,single-family,2,1,1008,1998,360000,sold,2025-03-21
LIST-001657,3219 Valley Pl,Austin,TX,10572,30.114918,-97.846339,single-family,4,4,2804,1938,640000,sold,2025-02-13
LIST-001658,2253 Lake Ave,Seattle,WA,84348,47.5234,-122.639865,townhouse,4,4,1931,1936,740000,expired,2025-11-13
LIST-001659,3173 Sunset Blvd,New York,NY,28876,40.644751,-74.138889,single-family,3,3,1665,1911,555000,sold,2026-02-13
LIST-001660,3609 Market Blvd,Austin,TX,61829,30.198549,-97.981184,single-family,2,1,1504,1962,370000,sold,2024-05-10
LIST-001661,8496 Valley Ln,Miami,FL,16423,25.832783,-80.39866,single-family,2,2,2398,2001,1010000,active,2026-02-13
LIST-001662,8357 Elm Ct,San Francisco,CA,85531,37.804516,-122.674231,townhouse,2,2,1789,1996,905000,sold,2025-10-07
LIST-001663,9222 Lake Ct,Denver,CO,88563,39.905479,-104.860957,single-family,2,1,1808,2017,530000,sold,2026-04-12
LIST-001664,6140 Oak St,Los Angeles,CA,83914,34.232595,-118.16992,townhouse,2,1,1464,1979,555000,sold,2026-04-06
LIST-001665,1126 Oak Ln,San Francisco,CA,14682,37.719493,-122.158494,single-family,4,4,1916,2021,1220000,sold,2025-09-09
LIST-001666,1698 Ridge Dr,San Francisco,CA,78477,37.710584,-122.305265,single-family,6,5,2051,1909,925000,sold,2024-09-26
LIST-001667,7395 Jefferson Ln,Seattle,WA,73839,47.514855,-122.151096,single-family,2,2,2586,2019,1025000,active,2024-07-25
LIST-001668,7935 Spring Ave,San Francisco,CA,94651,37.603101,-122.595102,single-family,5,5,2467,1951,1450000,sold,2025-07-08
LIST-001669,8551 Walnut Dr,Seattle,WA,85909,47.532999,-122.343022,single-family,6,5,2690,1960,1100000,pending,2025-02-01
LIST-001670,1107 Lincoln Way,San Francisco,CA,56732,37.814354,-122.472698,condo,0,1,1353,2025,875000,pending,2024-11-15
LIST-001671,2336 Cedar Pl,Seattle,WA,30869,47.694024,-122.152929,single-family,4,4,2886,1975,1215000,sold,2024-12-06
LIST-001672,3326 Maple Blvd,New York,NY,37265,,,single-family,4,3,2037,2018,1080000,sold,2025-08-13
LIST-001673,1013 Elm Way,Miami,FL,93620,25.833843,-80.069702,condo,1,1,799,2003,315000,active,2024-06-24
LIST-001674,9255 Sunrise Blvd,San Francisco,CA,11003,37.926832,-122.490809,single-family,3,3,2634,2002,1600000,sold,2026-04-11
LIST-001675,8222 Valley Blvd,New York,NY,25198,40.579947,-74.214932,condo,1,1,1060,1961,545000,sold,2026-04-15
LIST-001676,797 Birch Ln,Los Angeles,CA,20871,33.866041,-118.216364,single-family,5,5,1746,1900,580000,active,2025-04-09
LIST-001677,7009 Cedar Pl,San Francisco,CA,22312,37.744269,-122.269512,single-family,2,1,2051,2005,1340000,sold,2025-04-30
LIST-001678,6197 Madison Dr,San Francisco,CA,89875,37.670043,-122.529025,single-family,5,4,1412,1998,810000,active,2025-08-15
LIST-001679,7528 Washington Dr,Los Angeles,CA,57779,34.24997,-118.219504,condo,2,3,1628,2020,630000,sold,2025-10-12
LIST-001680,3995 Forest St,New York,NY,47291,40.763194,-74.114051,condo,2,3,875,1979,460000,sold,2025-02-06
LIST-001681,513 Madison St,Miami,FL,29843,25.79298,-80.332221,condo,0,1,864,1912,175000,pending,2026-02-03
LIST-001682,4745 Madison Dr,San Francisco,CA,36647,37.655225,-122.492773,single-family,4,3,2973,2016,1705000,sold,2025-07-07
LIST-001683,6356 Valley Dr,Los Angeles,CA,76238,33.879972,-118.394974,single-family,6,5,1841,1932,590000,expired,2025-11-04
LIST-001684,6446 Jefferson Way,Miami,FL,77953,25.770668,-80.15525,townhouse,3,3,1730,2004,685000,sold,2024-08-22
LIST-001685,8957 River St,Los Angeles,CA,96222,34.225277,-118.392204,multi-family,7,5,3240,2003,1120000,sold,2025-10-07
LIST-001686,1886 River Dr,San Francisco,CA,28774,37.643263,-122.256974,single-family,2,2,2131,1971,1280000,active,2026-01-30
LIST-001687,1474 Oak St,Austin,TX,36315,30.19701,-97.973701,single-family,3,2,3031,2016,815000,sold,2025-12-14
LIST-001688,8721 Oak Blvd,Austin,TX,50595,30.096659,-97.77606,condo,1,2,755,1956,190000,sold,2026-01-19
LIST-001689,4310 Spring Dr,Denver,CO,40161,39.766286,-104.702139,condo,2,3,450,1996,115000,sold,2025-08-26
LIST-001690,2256 Market Ct,Chicago,IL,20793,42.001642,-87.526652,condo,3,4,904,2017,270000,sold,2026-01-20
LIST-001691,1456 Oak Way,Denver,CO,38873,39.871555,-105.007507,condo,2,2,1766,1998,530000,active,2025-01-25
LIST-001692,2295 Cedar Ave,Austin,TX,91098,30.166898,-97.968717,condo,0,1,577,1955,145000,active,2025-04-13
LIST-001693,7853 River Blvd,Austin,TX,22883,30.192819,-97.697287,single-family,5,4,1494,1913,300000,sold,2025-05-08
LIST-001694,6506 Winter Blvd,Chicago,IL,13221,42.038326,-87.687668,single-family,3,2,1291,1969,310000,sold,2025-02-02
LIST-001695,1412 River Way,Seattle,WA,68660,47.486733,-122.447896,single-family,5,4,1038,1965,290000,sold,2024-09-29
LIST-001696,5309 Park Pl,San Francisco,CA,80183,37.669069,-122.582963,condo,0,1,1295,1974,725000,sold,2025-07-14
LIST-001697,1196 Spring Ln,Denver,CO,13229,39.700425,-104.887722,condo,3,4,1665,2016,555000,expired,2025-06-18
LIST-001698,5785 River Way,San Francisco,CA,28228,37.891274,-122.538204,condo,2,2,1189,1974,550000,active,2026-01-30
LIST-001699,9748 Spring Blvd,Miami,FL,34069,25.608091,-80.126001,condo,2,2,1690,1946,575000,active,2025-08-12
LIST-001700,2033 Cedar Blvd,Denver,CO,87286,39.81609,-105.158723,single-family,5,5,2398,1980,605000,active,2024-08-18
LIST-001701,2978 Elm Dr,Los Angeles,CA,55171,34.036184,-118.26822,single-family,2,1,1976,2024,720000,sold,2025-08-10
LIST-001702,334 Birch Ln,Miami,FL,75336,25.796761,-80.036863,single-family,6,6,2871,1949,740000,active,2025-12-29
LIST-001703,1517 Autumn Ln,Miami,FL,52812,25.637101,-80.385294,single-family,4,3,1658,2001,675000,active,2024-05-20
LIST-001704,5939 Mission Ln,Los Angeles,CA,74611,34.26473,-118.307794,single-family,5,4,2611,1932,700000,pending,2026-04-02
LIST-001705,4395 Madison Dr,Los Angeles,CA,77385,34.048411,-118.077813,condo,2,3,758,1968,315000,sold,2026-04-21
LIST-001706,6426 Valley Way,Miami,FL,74818,25.866106,-80.339045,condo,2,2,1263,2020,475000,active,2025-03-20
LIST-001707,9199 Walnut Ln,Los Angeles,CA,95255,34.032159,-118.283449,single-family,4,3,2814,1977,1025000,active,2026-03-18
LIST-001708,986 Lake St,Los Angeles,CA,50055,34.02428,-118.49519,multi-family,6,4,3227,1904,905000,sold,2026-01-04
LIST-001709,7668 Sunset Dr,Chicago,IL,84336,41.744657,-87.501118,single-family,2,2,1630,2017,560000,sold,2024-09-30
LIST-001710,9221 Maple Ave,New York,NY,99866,,,multi-family,6,5,3369,1981,1865000,pending,2025-09-01
LIST-001711,3446 Park Dr,Seattle,WA,83705,47.736441,-122.340837,single-family,2,2,1781,1938,710000,active,2024-09-21
LIST-001712,1657 Cedar Blvd,New York,NY,53333,40.63089,-73.981128,single-family,3,3,1308,1996,670000,sold,2025-12-11
LIST-001713,3011 Autumn Way,Los Angeles,CA,98558,34.183694,-118.214259,multi-family,5,4,2156,2004,845000,sold,2026-02-12
LIST-001714,681 Autumn Ave,San Francisco,CA,92827,37.741594,-122.370672,single-family,3,2,3071,1944,1340000,expired,2024-11-18
LIST-001715,3065 Jefferson Ave,Chicago,IL,64772,41.991092,-87.548357,condo,2,3,785,1928,175000,sold,2026-04-18
LIST-001716,4226 Cedar Blvd,Seattle,WA,31860,47.51208,-122.279111,single-family,3,3,2886,1985,1025000,sold,2025-03-25
LIST-001717,3950 Maple Dr,Austin,TX,89102,30.265392,-97.698935,single-family,5,4,2529,2019,630000,sold,2024-07-05
LIST-001718,8854 Birch Blvd,New York,NY,90680,40.878343,-74.077234,single-family,5,5,2775,1939,1070000,sold,2025-11-12
LIST-001719,640 Valley Way,New York,NY,82883,40.547919,-73.884222,single-family,2,2,2499,2000,1135000,sold,2026-04-15
LIST-001720,2381 Jefferson Blvd,Miami,FL,16055,25.744133,-80.119161,single-family,3,2,1976,1977,765000,sold,2025-02-09
LIST-001721,4683 Mission Ln,Miami,FL,48378,25.76424,-80.069946,single-family,4,3,1472,1977,520000,active,2025-01-13
LIST-001722,2578 Market Pl,Los Angeles,CA,21082,34.091094,-118.307601,single-family,4,4,2341,1955,1025000,pending,2026-04-11
LIST-001723,3510 Elm Ave,Denver,CO,18418,39.88417,-104.839838,single-family,3,3,3434,1977,810000,withdrawn,2025-01-19
LIST-001724,1247 Autumn Way,Miami,FL,42268,25.697988,-80.253683,condo,3,4,877,1979,250000,active,2025-07-02
LIST-001725,1336 Lake Dr,Seattle,WA,55384,47.435756,-122.222985,single-family,2,1,2570,1957,895000,sold,2024-12-13
LIST-001726,9102 Washington St,San Francisco,CA,41986,37.886799,-122.372299,condo,1,2,1373,1999,860000,sold,2025-06-09
LIST-001727,9915 Winter Dr,New York,NY,16229,40.641613,-73.767388,single-family,2,2,1511,1957,755000,active,2025-09-16
LIST-001728,4000 Jefferson Blvd,Los Angeles,CA,15852,33.871894,-118.186712,single-family,2,2,1703,1930,650000,sold,2024-07-14
LIST-001729,8970 Elm Way,Seattle,WA,40804,47.647846,-122.396771,single-family,3,3,2059,1969,690000,active,2024-07-16
LIST-001730,6814 Maple Dr,Miami,FL,93515,25.774023,-80.295159,condo,0,1,1203,1986,395000,active,2025-12-27
LIST-001731,7909 Elm St,Denver,CO,94936,39.660545,-105.208458,condo,3,3,1070,1959,320000,sold,2024-12-24
LIST-001732,9195 Lake St,San Francisco,CA,66846,37.891938,-122.337035,condo,0,1,694,2023,435000,active,2024-07-28
LIST-001733,4989 Lake Ln,Miami,FL,20551,25.858562,-80.3662,single-family,3,3,1388,1910,400000,sold,2025-07-28
LIST-001734,7205 Sunset Ave,New York,NY,75341,40.568939,-73.973012,condo,2,3,1194,2005,515000,active,2025-03-29
LIST-001735,423 Lake Way,Austin,TX,67752,30.082059,-97.743741,condo,3,4,1013,1994,280000,sold,2026-04-18
LIST-001736,4739 Market Ct,Denver,CO,28322,39.790336,-104.803393,townhouse,4,3,1850,1995,505000,expired,2024-09-06
LIST-001737,1595 Market Ln,New York,NY,69910,40.741659,-74.164768,townhouse,2,1,1126,1900,355000,sold,2024-06-25
LIST-001738,6820 Ridge Pl,San Francisco,CA,37159,37.644784,-122.25394,single-family,3,3,2543,1976,1320000,sold,2025-03-24
LIST-001739,4569 Jefferson Dr,San Francisco,CA,40320,,,single-family,6,5,1021,2018,495000,pending,2025-07-08
LIST-001740,9739 Cedar Blvd,Denver,CO,29001,39.628277,-105.166231,single-family,3,3,1384,1997,390000,expired,2025-12-02
LIST-001741,2800 Birch Blvd,Denver,CO,20742,39.713198,-104.928637,single-family,2,2,2260,1995,825000,active,2024-07-13
LIST-001742,7881 Park Pl,Los Angeles,CA,95459,34.080206,-118.154111,single-family,2,1,1994,1989,870000,expired,2025-03-08
LIST-001743,2045 Cedar Ln,Denver,CO,27671,39.838663,-105.204349,single-family,4,3,2724,1957,765000,active,2024-09-03
LIST-001744,8079 Walnut Way,Denver,CO,11233,39.665274,-104.829479,single-family,6,6,1612,1970,475000,sold,2026-03-24
LIST-001745,9786 Valley Ct,Seattle,WA,64318,47.71718,-122.339185,single-family,2,2,800,1946,310000,sold,2024-09-16
LIST-001746,3404 Mission St,Los Angeles,CA,16207,33.837109,-118.255316,single-family,3,3,1137,1950,420000,withdrawn,2025-10-24
LIST-001747,8642 Park Ln,Denver,CO,41729,39.592309,-104.982797,single-family,3,3,1271,1988,320000,withdrawn,2026-01-14
LIST-001748,5464 Madison Dr,Chicago,IL,58702,42.065803,-87.555856,condo,0,1,1446,1986,310000,pending,2024-12-16
LIST-001749,5613 Cedar Pl,Los Angeles,CA,52225,34.195351,-118.27927,townhouse,4,4,2145,1993,795000,sold,2024-08-22
LIST-001750,6907 Elm Ave,Miami,FL,43300,25.713625,-80.230685,condo,2,2,1579,2012,480000,sold,2026-04-02
LIST-001751,9100 Ridge Way,Miami,FL,37251,25.701394,-80.431638,single-family,2,2,1900,1973,660000,pending,2024-07-15
LIST-001752,5542 Winter St,Los Angeles,CA,78329,34.077692,-118.094525,single-family,3,3,1532,2014,785000,sold,2025-03-07
LIST-001753,1773 Sunset Pl,Chicago,IL,89344,41.800345,-87.798075,single-family,6,5,2418,1993,495000,expired,2025-08-18
LIST-001754,7718 Walnut Ct,Chicago,IL,38284,41.777239,-87.37826,townhouse,2,1,1942,1951,435000,active,2024-10-08
LIST-001755,4439 Cedar Dr,Seattle,WA,32378,47.708401,-122.15778,single-family,3,2,3027,1923,840000,sold,2025-09-15
LIST-001756,5089 Valley Ln,Miami,FL,81339,25.735975,-80.246753,single-family,3,2,1950,1940,520000,active,2026-03-24
LIST-001757,6749 Lake Ave,San Francisco,CA,88764,37.589143,-122.500269,townhouse,2,2,1878,2003,1295000,pending,2025-10-24
LIST-001758,5769 Walnut Ave,San Francisco,CA,23506,37.60232,-122.309524,single-family,4,3,2505,1935,900000,sold,2024-12-08
LIST-001759,1256 Market Ave,New York,NY,33472,40.647306,-73.822137,townhouse,2,1,2343,1987,1240000,active,2026-04-07
LIST-001760,6262 Forest Ct,San Francisco,CA,41701,37.700117,-122.334209,condo,1,1,450,1975,300000,active,2024-09-13
LIST-001761,276 Washington Dr,Chicago,IL,35149,41.698572,-87.742979,single-family,6,5,2479,2006,540000,sold,2025-12-29
LIST-001762,3144 Walnut Ln,Miami,FL,34618,25.738032,-80.056086,condo,1,2,1225,1948,355000,active,2025-11-30
LIST-001763,8328 Forest Way,Austin,TX,43344,30.287846,-97.553184,single-family,3,2,1122,1994,325000,sold,2025-08-19
LIST-001764,5580 Maple Way,Miami,FL,68951,25.76224,-80.086968,condo,3,3,1614,2020,520000,pending,2024-05-17
LIST-001765,9923 Forest Ln,San Francisco,CA,42602,37.592195,-122.509982,townhouse,4,3,1062,2017,655000,sold,2024-05-07
LIST-001766,626 Winter Way,Los Angeles,CA,78555,34.15751,-118.155998,townhouse,3,2,1180,1905,315000,active,2025-07-01
LIST-001767,8839 Washington Ln,Los Angeles,CA,66321,34.210976,-118.306579,single-family,4,3,2046,1951,805000,sold,2025-04-02
LIST-001768,1354 Pine St,Seattle,WA,44191,47.719123,-122.199652,condo,0,1,688,2010,335000,sold,2024-07-06
LIST-001769,8286 Forest St,New York,NY,54394,40.609539,-74.02635,condo,3,4,660,1953,280000,pending,2025-09-19
LIST-001770,7136 Lincoln Way,Austin,TX,90045,30.194008,-97.88078,single-family,3,3,2807,1936,715000,expired,2025-02-10
LIST-001771,2233 Spring Ln,San Francisco,CA,54978,37.974046,-122.545091,single-family,2,1,2221,1990,1315000,withdrawn,2025-05-12
LIST-001772,5423 Oak Dr,New York,NY,14363,40.528636,-73.900195,single-family,6,6,1497,2015,750000,sold,2024-12-20
LIST-001773,4720 Lincoln Dr,Denver,CO,42685,39.949428,-104.992032,single-family,3,2,2457,2001,610000,sold,2025-12-09
LIST-001774,1311 Winter Blvd,Austin,TX,21086,30.133335,-97.803665,single-family,5,5,1740,1941,415000,active,2025-11-11
LIST-001775,8598 River Pl,Seattle,WA,74189,47.468347,-122.482786,single-family,6,6,2600,2017,1120000,pending,2026-04-05
LIST-001776,6612 Madison Ct,San Francisco,CA,92426,37.725865,-122.302319,single-family,3,2,2104,1927,840000,sold,2024-10-12
LIST-001777,3611 Cedar Pl,Austin,TX,16267,30.287999,-97.523338,single-family,3,3,2211,1953,445000,sold,2025-11-28
LIST-001778,684 Madison Pl,Los Angeles,CA,68261,33.848828,-118.182291,townhouse,2,1,2124,2013,800000,active,2025-03-01
LIST-001779,3127 Sunset Pl,Miami,FL,28132,25.645806,-80.188399,condo,2,2,925,2020,320000,sold,2025-01-15
LIST-001780,2472 Maple Pl,Miami,FL,13279,25.905419,-80.363428,multi-family,5,4,2138,1949,640000,sold,2024-12-05
LIST-001781,963 Autumn St,Seattle,WA,17785,47.558294,-122.146273,single-family,3,2,2545,1960,1015000,sold,2024-10-09
LIST-001782,5636 Hill Way,Chicago,IL,48077,41.906923,-87.68231,condo,3,4,1237,1945,300000,active,2025-11-30
LIST-001783,613 Ridge Pl,Chicago,IL,97963,41.881778,-87.433204,multi-family,5,3,3763,2025,850000,sold,2026-04-12
LIST-001784,9840 Spring Ct,San Francisco,CA,65235,37.756334,-122.703307,single-family,3,2,2550,1974,1690000,sold,2026-01-31
LIST-001785,6974 Pine Ct,Miami,FL,50162,25.953663,-80.062535,single-family,4,4,2095,2018,725000,sold,2024-12-29
LIST-001786,2422 Spring St,Denver,CO,60252,39.703928,-104.755179,single-family,6,5,1446,1951,405000,sold,2026-02-07
LIST-001787,2966 Lincoln Blvd,Austin,TX,40350,,,single-family,6,5,2955,1908,545000,active,2024-10-28
LIST-001788,5819 Pine Dr,Denver,CO,18793,39.871147,-105.210469,single-family,5,5,2190,1979,640000,active,2024-08-29
LIST-001789,4288 Sunset Ln,New York,NY,75580,40.595849,-73.853821,single-family,4,3,2379,1975,1315000,active,2025-11-21
LIST-001790,3711 Autumn Pl,New York,NY,98106,40.917666,-74.001478,single-family,4,3,1792,1913,520000,sold,2026-03-10
LIST-001791,1260 Madison Dr,Chicago,IL,36680,42.08406,-87.643521,single-family,5,4,1655,1963,385000,active,2024-07-10
LIST-001792,5984 Mission Blvd,San Francisco,CA,79104,37.680631,-122.298458,single-family,5,4,3220,1968,1955000,pending,2025-08-27
LIST-001793,9086 River Way,Austin,TX,32388,30.141149,-97.852417,single-family,6,6,2363,1990,795000,sold,2024-06-29
LIST-001794,1600 Lincoln Dr,Los Angeles,CA,36939,34.175294,-118.37124,townhouse,3,2,1246,1944,495000,active,2025-06-22
LIST-001795,9950 Elm Ln,Los Angeles,CA,43962,33.875316,-118.347358,single-family,2,2,3623,1908,1270000,sold,2024-09-24
LIST-001796,8447 Park Blvd,New York,NY,23317,40.656662,-74.065922,single-family,5,5,2030,2025,1280000,active,2025-07-31
LIST-001797,5264 Hill St,Seattle,WA,17074,47.689557,-122.252898,single-family,5,5,2182,2012,985000,pending,2026-02-19
LIST-001798,9005 Valley Way,Los Angeles,CA,63381,33.993466,-118.009783,single-family,6,6,2337,1985,1065000,sold,2025-08-22
LIST-001799,6671 Washington Ln,Los Angeles,CA,87465,34.12872,-118.390429,single-family,4,3,2608,2000,1165000,expired,2025-08-08
LIST-001800,6244 Spring Ave,Los Angeles,CA,60127,34.033738,-118.183922,single-family,6,6,2061,1902,590000,active,2025-10-22
LIST-001801,2073 Birch Ave,San Francisco,CA,64709,37.937535,-122.593599,townhouse,4,4,1862,2002,1230000,sold,2024-08-18
LIST-001802,1424 Summer St,Chicago,IL,45519,42.02117,-87.72338,single-family,5,4,2484,2022,595000,sold,2025-09-03
LIST-001803,7600 Ridge Way,San Francisco,CA,13998,37.883861,-122.254562,condo,2,2,1123,1958,450000,active,2024-08-22
LIST-001804,742 Park St,Chicago,IL,34414,41.87314,-87.37055,single-family,5,5,1341,1918,275000,active,2025-01-15
LIST-001805,5885 Valley Pl,Austin,TX,11676,30.208701,-97.816838,single-family,2,1,2832,1922,710000,sold,2024-11-20
LIST-001806,9585 Madison Way,Los Angeles,CA,93173,33.874873,-118.086426,multi-family,6,6,3476,1991,1525000,active,2024-07-04
LIST-001807,8373 Sunset Ct,Seattle,WA,79578,47.592897,-122.004891,single-family,5,4,1708,2003,585000,sold,2025-05-18
LIST-001808,2271 Lincoln St,Los Angeles,CA,26774,34.211822,-118.36373,condo,1,2,899,1949,350000,active,2025-09-15
LIST-001809,262 Walnut St,New York,NY,20438,40.781277,-74.287864,townhouse,4,3,2023,2006,1115000,sold,2025-04-13
LIST-001810,1212 Lincoln Ave,Los Angeles,CA,84650,34.038004,-118.336794,single-family,6,5,2127,1993,800000,active,2025-11-09
LIST-001811,932 Lincoln Way,Los Angeles,CA,63587,34.028173,-118.486459,multi-family,5,4,2244,1975,840000,active,2025-11-23
LIST-001812,6790 Autumn Way,Austin,TX,92154,30.257253,-97.834981,single-family,6,5,2381,2010,730000,sold,2026-01-23
LIST-001813,2537 Hill Way,Los Angeles,CA,24520,33.89949,-118.365605,single-family,6,6,2345,2015,905000,sold,2024-05-02
LIST-001814,8241 Maple Ct,Los Angeles,CA,63674,33.90364,-118.254928,single-family,6,5,1846,1987,925000,sold,2026-04-05
LIST-001815,7834 Park Way,Los Angeles,CA,36301,34.091467,-118.00496,multi-family,6,4,2722,1942,805000,active,2025-09-07
LIST-001816,1064 Spring Ln,Austin,TX,21401,30.113552,-97.87184,single-family,6,5,2798,1935,660000,sold,2024-12-01
LIST-001817,5492 Hill Ln,New York,NY,74621,40.819071,-74.126014,townhouse,3,2,1610,1995,880000,sold,2025-08-24
LIST-001818,140 Autumn St,Chicago,IL,65937,41.822222,-87.465773,condo,3,4,1236,1914,250000,sold,2025-08-09
LIST-001819,2553 Elm Ln,Chicago,IL,72311,41.869363,-87.766772,condo,0,1,944,1904,140000,sold,2025-07-22
LIST-001820,8528 Winter Ln,San Francisco,CA,82521,37.784449,-122.625374,condo,1,2,1218,1984,710000,sold,2025-03-15
LIST-001821,7196 Summer Dr,Seattle,WA,53731,47.786371,-122.409887,condo,0,1,1153,1938,385000,active,2026-02-23
LIST-001822,9607 Birch Ct,Los Angeles,CA,12067,33.88184,-118.09259,multi-family,7,7,2690,2018,1150000,active,2025-03-20
LIST-001823,1041 Cedar Blvd,San Francisco,CA,49179,37.563359,-122.393348,single-family,5,5,1911,1942,1020000,pending,2025-10-24
LIST-001824,3573 Jefferson Dr,Austin,TX,56847,30.148262,-97.551093,single-family,3,2,2105,1994,480000,expired,2026-03-15
LIST-001825,8398 Ridge Ln,New York,NY,58598,40.535624,-73.936477,townhouse,4,4,1899,1923,710000,active,2025-08-15
LIST-001826,1649 Washington Ave,Austin,TX,83738,30.256703,-97.748016,condo,0,1,1193,2006,330000,sold,2026-03-26
LIST-001827,2923 Madison Dr,Seattle,WA,46122,47.731476,-122.246764,condo,2,3,1210,1921,340000,sold,2025-03-30
LIST-001828,5935 Park Ln,Denver,CO,14810,39.645205,-105.191082,single-family,5,4,1313,1955,320000,sold,2025-07-27
LIST-001829,2872 Birch St,Austin,TX,63808,30.298601,-97.871882,single-family,4,4,2734,1960,750000,active,2026-02-27
LIST-001830,5907 Lincoln Pl,Miami,FL,24752,25.673428,-80.275502,townhouse,3,2,1657,2021,780000,active,2026-03-03
LIST-001831,4309 Spring Pl,Seattle,WA,96928,47.490665,-122.617703,single-family,4,3,945,1998,345000,expired,2024-11-03
LIST-001832,1570 River Way,San Francisco,CA,93083,37.686304,-122.292717,multi-family,6,5,3571,1932,1340000,pending,2025-09-16
LIST-001833,5646 Sunrise Ln,New York,NY,98362,40.743697,-73.828893,condo,1,2,1276,1947,510000,active,2025-12-24
LIST-001834,1936 Winter Dr,Miami,FL,44405,25.626173,-80.193299,condo,3,4,1326,2000,570000,sold,2026-04-07
LIST-001835,4179 Summer Pl,Seattle,WA,93047,47.600443,-122.494959,condo,2,2,995,1932,300000,sold,2025-04-11
LIST-001836,8500 Spring Dr,Austin,TX,54570,30.324595,-97.912943,condo,1,1,1418,1915,310000,sold,2025-07-19
LIST-001837,654 Winter Ave,Denver,CO,90710,39.712225,-105.142227,single-family,2,1,2911,1949,610000,active,2025-01-26
LIST-001838,1613 River Blvd,Seattle,WA,79337,47.574789,-122.29009,condo,2,2,1165,1962,425000,sold,2024-09-16
LIST-001839,5843 Spring Ct,San Francisco,CA,58236,37.597552,-122.539648,condo,3,3,975,1925,495000,sold,2024-11-03
LIST-001840,3186 Washington St,San Francisco,CA,55273,37.812436,-122.370032,single-family,3,2,1598,1999,760000,active,2026-01-13
LIST-001841,9312 Forest Pl,San Francisco,CA,39493,37.696892,-122.494573,townhouse,3,3,1355,1978,650000,sold,2025-10-05
LIST-001842,7485 Market Dr,Miami,FL,11442,25.963429,-80.263501,single-family,2,2,2124,1990,845000,expired,2025-10-01
LIST-001843,7724 Autumn Ln,Miami,FL,64405,25.578877,-80.106896,single-family,3,2,2424,2024,1110000,active,2025-10-02
LIST-001844,3223 Autumn Blvd,Austin,TX,26548,30.394142,-97.562009,single-family,6,5,1456,1954,440000,active,2026-01-20
LIST-001845,5025 River Way,San Francisco,CA,53666,37.864311,-122.224256,townhouse,3,3,2170,2001,1370000,sold,2024-08-22
LIST-001846,1802 Madison Ave,Seattle,WA,47540,47.526499,-122.456589,single-family,4,4,1730,1923,495000,sold,2024-12-04
LIST-001847,8855 Cedar Dr,Miami,FL,17594,25.667377,-80.370768,condo,2,3,857,1965,335000,sold,2024-08-21
LIST-001848,467 Pine Ln,Seattle,WA,97917,47.40813,-122.191234,single-family,2,1,2543,2010,1070000,active,2025-02-21
LIST-001849,6479 Valley Pl,Austin,TX,10212,30.272136,-97.61446,single-family,2,2,2596,1969,595000,pending,2024-09-29
LIST-001850,9901 Lake St,New York,NY,59442,40.66939,-74.034284,multi-family,7,6,3756,1913,1710000,active,2025-04-27
LIST-001851,4921 Cedar Ct,Denver,CO,61740,39.671122,-105.210038,single-family,5,5,2781,1905,535000,sold,2025-06-05
LIST-001852,4900 Cedar Ave,Miami,FL,90577,25.777531,-80.075189,condo,1,2,1008,1938,315000,sold,2024-11-16
LIST-001853,3769 Valley Blvd,Seattle,WA,73772,47.712595,-122.437602,condo,0,1,1554,1972,450000,sold,2025-11-03
LIST-001854,1645 Walnut Ct,Los Angeles,CA,58989,34.190044,-118.097963,multi-family,7,5,2448,1906,610000,active,2026-03-02
LIST-001855,5595 Elm Ct,New York,NY,62163,40.646933,-73.935263,multi-family,7,6,4122,2018,2005000,sold,2025-09-08
LIST-001856,9897 Hill Dr,Miami,FL,11371,25.825716,-80.130641,condo,0,1,1780,1965,565000,sold,2025-06-04
LIST-001857,7874 Valley Way,Miami,FL,52765,25.778152,-80.041185,single-family,4,4,1755,1910,350000,pending,2024-11-02
LIST-001858,8907 Hill Dr,New York,NY,21590,40.740711,-73.827218,condo,2,3,718,2012,325000,active,2024-06-06
LIST-001859,1344 Sunrise St,San Francisco,CA,74589,37.645883,-122.432997,condo,3,3,1311,2003,875000,sold,2024-07-17
LIST-001860,1537 River Ln,Los Angeles,CA,60067,,,townhouse,4,3,1721,1909,435000,withdrawn,2025-10-25
LIST-001861,7146 Oak St,Denver,CO,62915,39.667273,-105.095852,condo,2,3,736,1914,180000,sold,2026-02-06
LIST-001862,7750 Winter Dr,Seattle,WA,20489,47.557999,-122.19091,multi-family,8,6,3527,1958,1345000,sold,2024-10-29
LIST-001863,4612 Jefferson St,San Francisco,CA,10042,37.765366,-122.284539,condo,3,4,1110,2025,630000,sold,2024-07-30
LIST-001864,2667 Sunrise St,Chicago,IL,54683,42.065612,-87.656452,condo,1,1,747,1969,145000,pending,2024-05-16
LIST-001865,7375 Lake Ln,Seattle,WA,71952,47.434211,-122.480111,townhouse,4,3,1834,1915,440000,active,2025-07-22
LIST-001866,4406 Market St,Austin,TX,48802,30.194689,-97.613382,single-family,6,5,1513,1919,275000,sold,2024-10-11
LIST-001867,6690 Pine Dr,Austin,TX,33854,30.134257,-97.868584,single-family,5,4,2095,1955,495000,sold,2025-08-08
LIST-001868,3370 Lincoln Ct,Denver,CO,59097,39.782327,-105.267364,single-family,6,5,2009,2013,630000,sold,2025-08-07
LIST-001869,9792 Forest Blvd,San Francisco,CA,26148,37.670669,-122.392899,single-family,5,5,1977,2021,1210000,active,2025-02-02
LIST-001870,2354 Walnut Dr,Los Angeles,CA,41700,33.885009,-118.109994,multi-family,5,4,2903,1925,805000,active,2025-12-24
LIST-001871,5642 Mission Blvd,Los Angeles,CA,10302,34.08457,-118.406446,condo,0,1,1379,2024,575000,active,2026-04-13
LIST-001872,6277 Ridge Ln,Los Angeles,CA,16364,34.160785,-118.366842,single-family,3,2,1926,1911,495000,pending,2025-05-10
LIST-001873,5942 Lake Ln,Denver,CO,11285,39.633402,-104.762036,single-family,4,4,3301,1980,1065000,sold,2025-12-30
LIST-001874,7868 Jefferson Ct,New York,NY,53649,40.87654,-73.997225,single-family,5,4,3052,1997,1930000,expired,2025-02-08
LIST-001875,1534 Washington Way,Denver,CO,72984,39.569383,-104.913339,single-family,3,3,2206,1916,420000,active,2024-06-28
LIST-001876,8519 Sunrise Dr,Chicago,IL,73443,42.073579,-87.768801,multi-family,8,6,4258,1916,840000,sold,2025-06-12
LIST-001877,1891 Forest St,Miami,FL,61419,25.759808,-79.982628,single-family,4,3,2208,2004,670000,withdrawn,2025-07-23
LIST-001878,5555 Market Ave,Los Angeles,CA,79084,33.862589,-118.305384,single-family,5,5,1745,1902,475000,sold,2024-09-16
LIST-001879,2262 Market Ave,San Francisco,CA,79445,37.761143,-122.457063,condo,0,1,1315,1946,770000,active,2024-11-30
LIST-001880,9367 Sunset Ln,San Francisco,CA,32428,37.598767,-122.269575,single-family,5,4,1731,1983,1070000,sold,2025-02-01
LIST-001881,6112 Madison Pl,Los Angeles,CA,36432,34.078083,-117.99874,condo,0,1,1330,1994,580000,withdrawn,2024-09-24
LIST-001882,2525 Hill Blvd,San Francisco,CA,68383,37.671631,-122.4668,single-family,2,1,1801,1906,840000,sold,2025-01-16
LIST-001883,7929 Market Blvd,Seattle,WA,66660,47.602907,-122.423744,single-family,6,6,1616,1912,440000,sold,2025-07-14
LIST-001884,9268 Sunset St,San Francisco,CA,39732,37.847329,-122.373711,single-family,2,2,1640,1970,965000,pending,2024-11-02
LIST-001885,1276 Forest Dr,Miami,FL,52298,25.862979,-80.344562,condo,2,2,983,1968,390000,sold,2025-02-13
LIST-001886,5085 Elm Ln,Miami,FL,24509,25.91849,-80.091362,condo,0,1,1022,1959,295000,withdrawn,2024-12-22
LIST-001887,7707 Summer Pl,Chicago,IL,49371,41.889487,-87.423487,single-family,5,5,1961,2018,565000,sold,2024-09-16
LIST-001888,5623 Valley Pl,Los Angeles,CA,35893,33.853919,-118.138784,condo,3,4,1200,1996,455000,active,2024-12-24
LIST-001889,2577 Washington St,Denver,CO,98650,39.829457,-105.009279,single-family,5,5,1779,1991,620000,active,2025-06-07
LIST-001890,826 Lincoln Ln,Miami,FL,92114,25.858112,-80.243748,condo,2,3,1361,1960,445000,sold,2024-06-09
LIST-001891,4297 Washington Blvd,San Francisco,CA,28143,37.756701,-122.48878,single-family,5,4,2958,1951,1390000,sold,2025-10-21
LIST-001892,5450 Birch Pl,New York,NY,17687,40.733865,-74.142836,single-family,6,6,2985,1991,1825000,withdrawn,2025-09-01
LIST-001893,1087 Madison Ln,Los Angeles,CA,11670,34.217587,-118.070704,single-family,3,2,2017,1962,935000,pending,2025-07-18
LIST-001894,3980 Autumn Way,San Francisco,CA,30698,37.804854,-122.200033,multi-family,8,6,3474,1994,1800000,sold,2024-09-05
LIST-001895,7628 Summer Dr,Chicago,IL,31433,42.036411,-87.761766,single-family,5,5,2551,1976,485000,active,2025-03-31
LIST-001896,7436 Forest Ave,Seattle,WA,66665,47.601813,-122.365868,single-family,6,6,2051,1973,600000,expired,2024-06-13
LIST-001897,4082 Cedar Ct,New York,NY,47242,40.655714,-73.779576,single-family,5,5,2612,1940,970000,withdrawn,2025-11-06
LIST-001898,5019 Hill Ct,Chicago,IL,39443,41.849885,-87.860765,condo,3,3,707,1946,175000,active,2025-07-18
LIST-001899,8381 Cedar Dr,Chicago,IL,35969,41.949991,-87.756446,condo,1,1,1030,1960,245000,active,2025-04-20
LIST-001900,7803 Ridge St,Los Angeles,CA,33424,34.076166,-117.982547,single-family,3,3,1755,1923,700000,sold,2024-07-18
LIST-001901,474 Sunrise Ave,Chicago,IL,27310,41.938107,-87.42292,condo,1,2,1111,2017,250000,active,2024-11-10
LIST-001902,4911 Park Ct,Los Angeles,CA,29963,33.920839,-118.27843,single-family,6,5,2280,1981,1145000,active,2024-08-26
LIST-001903,1503 Hill Way,Los Angeles,CA,77747,34.006319,-118.296129,single-family,4,4,2395,2002,1200000,withdrawn,2025-12-20
LIST-001904,8156 Winter Way,New York,NY,71662,40.706883,-74.181437,condo,2,2,1260,1932,610000,expired,2025-08-22
LIST-001905,6735 Birch Ave,Los Angeles,CA,66437,34.224869,-118.407174,single-family,3,3,2919,1916,1130000,sold,2024-05-14
LIST-001906,1208 Park St,Austin,TX,10101,30.151286,-97.946391,townhouse,4,3,1555,1930,325000,active,2025-12-27
LIST-001907,8286 Oak St,Los Angeles,CA,65372,34.010997,-118.283343,condo,2,2,814,2012,295000,active,2024-10-15
LIST-001908,9140 Cedar Dr,San Francisco,CA,77298,37.761304,-122.341364,condo,0,1,1256,1993,630000,active,2026-02-05
LIST-001909,5797 Forest St,San Francisco,CA,56178,37.934642,-122.574479,condo,3,3,961,2023,610000,sold,2025-11-22
LIST-001910,8009 Elm St,New York,NY,72805,40.617981,-74.205429,single-family,5,5,2000,1948,855000,sold,2024-05-10
LIST-001911,481 Jefferson Dr,Austin,TX,39265,30.437264,-97.57544,condo,2,2,876,1945,200000,active,2025-06-05
LIST-001912,6754 Sunset Ave,San Francisco,CA,89634,37.641297,-122.356674,townhouse,4,3,1372,1913,620000,pending,2024-12-07
LIST-001913,5815 Forest St,Los Angeles,CA,21010,33.908601,-118.317796,townhouse,3,2,1556,1971,565000,sold,2024-07-18
LIST-001914,3442 Lincoln Blvd,Los Angeles,CA,92027,33.935732,-118.085144,single-family,4,4,2170,2018,1115000,sold,2026-04-12
LIST-001915,3287 Cedar Ct,San Francisco,CA,41713,37.751186,-122.377827,townhouse,3,2,1354,1930,695000,sold,2025-05-10
LIST-001916,953 Birch Way,Denver,CO,23565,39.869901,-104.852781,condo,3,4,1563,1936,390000,sold,2024-05-10
LIST-001917,9316 Sunrise Ct,New York,NY,82163,40.660291,-73.861738,condo,2,3,1456,1995,820000,sold,2025-07-30
LIST-001918,3610 Winter St,Chicago,IL,46975,41.768694,-87.639046,single-family,5,5,2066,1950,400000,active,2026-01-07
LIST-001919,9318 Lincoln Ct,San Francisco,CA,23940,37.731138,-122.209525,single-family,6,5,1784,1902,715000,expired,2024-12-02
LIST-001920,5528 Birch Pl,Los Angeles,CA,59491,34.055587,-118.385276,single-family,6,5,1809,1988,650000,active,2025-08-14
LIST-001921,1682 Elm Way,Miami,FL,69193,25.92988,-80.123658,single-family,3,3,2977,1936,675000,pending,2025-04-29
LIST-001922,206 Park Ave,San Francisco,CA,76432,37.64896,-122.487001,single-family,4,4,3029,2018,1910000,sold,2025-12-21
LIST-001923,6262 Autumn Dr,Seattle,WA,14409,47.569087,-122.54448,condo,1,2,1356,1937,495000,sold,2025-08-21
LIST-001924,8803 Jefferson Ct,Seattle,WA,82787,47.47929,-122.30063,condo,2,3,1363,1919,315000,active,2024-11-18
LIST-001925,2508 River Ct,Los Angeles,CA,79863,34.09267,-118.296837,single-family,2,1,1811,1909,640000,sold,2026-04-10
LIST-001926,1525 Madison Ave,Chicago,IL,69532,42.056021,-87.761,condo,1,1,1259,1952,215000,active,2024-11-21
LIST-001927,3473 Valley Ave,Miami,FL,63635,25.82964,-80.404529,condo,2,2,782,1976,220000,pending,2025-05-13
LIST-001928,169 Park Ave,New York,NY,93032,40.805945,-73.939952,single-family,2,2,2708,1914,1225000,expired,2025-07-11
LIST-001929,6340 Sunset Ave,Austin,TX,46030,30.224253,-97.627918,single-family,6,6,1859,1964,450000,active,2025-11-30
LIST-001930,7772 Birch Blvd,Los Angeles,CA,61082,33.855352,-118.180739,single-family,2,2,2710,1913,755000,sold,2025-12-14
LIST-001931,9522 Washington Pl,Seattle,WA,43852,47.425781,-122.285218,single-family,2,1,2078,1927,755000,withdrawn,2024-11-23
LIST-001932,6637 Valley Ave,San Francisco,CA,34356,37.779115,-122.142812,single-family,3,2,1960,1995,1385000,sold,2024-07-09
LIST-001933,603 Pine St,San Francisco,CA,61980,37.79751,-122.244855,single-family,5,4,2122,1982,1210000,pending,2026-04-19
LIST-001934,4612 Sunset Ln,New York,NY,47830,40.604785,-74.187364,single-family,2,2,2319,1941,850000,active,2026-04-24
LIST-001935,887 Sunset Pl,New York,NY,23962,40.597269,-74.115931,townhouse,3,2,1218,1959,425000,sold,2025-03-11
LIST-001936,615 Sunset Ave,San Francisco,CA,35856,37.714767,-122.412829,multi-family,5,3,3146,1961,1480000,withdrawn,2025-08-06
LIST-001937,5853 Park Ct,San Francisco,CA,48499,37.576773,-122.324413,condo,3,3,1341,1903,460000,active,2024-12-09
LIST-001938,3758 Lincoln Ave,Seattle,WA,59024,47.617455,-122.173662,condo,2,2,1088,1993,415000,sold,2025-01-21
LIST-001939,6632 Lake Dr,Denver,CO,86494,39.81672,-105.209725,condo,2,3,1805,1907,355000,sold,2025-07-29
LIST-001940,2545 Ridge Pl,Austin,TX,66042,30.451152,-97.801733,condo,3,4,1105,1958,245000,sold,2024-12-22
LIST-001941,6367 Jefferson Pl,Austin,TX,72804,30.343737,-97.793095,condo,2,2,908,1984,220000,sold,2026-03-04
LIST-001942,6408 Sunset St,Austin,TX,73124,30.368594,-97.68024,townhouse,2,1,1951,1973,450000,active,2025-12-16
LIST-001943,9634 Jefferson Dr,Seattle,WA,13210,47.479389,-122.405497,single-family,3,2,1798,2012,835000,pending,2025-01-19
LIST-001944,7972 Maple Dr,New York,NY,94657,40.70163,-73.825618,single-family,3,2,2172,1901,625000,active,2025-09-01
LIST-001945,400 Washington Blvd,Chicago,IL,94993,41.820131,-87.754921,single-family,2,1,1303,2023,310000,pending,2025-08-13
LIST-001946,7541 Walnut Ln,Seattle,WA,19229,47.655997,-122.30917,single-family,2,2,2697,1910,890000,sold,2025-03-19
LIST-001947,8707 Valley Ct,Miami,FL,95871,25.757503,-80.437796,condo,0,1,1285,1906,350000,sold,2024-08-17
LIST-001948,8680 Cedar Pl,Miami,FL,44563,25.777517,-80.388644,condo,3,3,1213,1925,360000,active,2024-06-17
LIST-001949,8698 Jefferson Blvd,Austin,TX,19413,30.053294,-97.689704,condo,3,3,1834,1992,505000,sold,2024-08-07
LIST-001950,3669 Maple Blvd,New York,NY,92231,40.720254,-73.964088,single-family,5,4,1504,1915,560000,active,2025-09-02
LIST-001951,4004 Birch Dr,Los Angeles,CA,66956,34.137984,-118.150825,condo,1,1,1346,1978,565000,sold,2025-04-25
LIST-001952,7451 Cedar Blvd,Miami,FL,93239,25.719359,-80.390466,condo,1,1,1715,1917,520000,sold,2026-03-19
LIST-001953,8533 Ridge Dr,Seattle,WA,43719,47.436575,-122.269346,single-family,6,5,2304,1923,640000,withdrawn,2025-03-18
LIST-001954,6990 Ridge St,Miami,FL,39171,25.585983,-80.098795,condo,3,3,951,2011,435000,active,2024-12-27
LIST-001955,2744 Winter Pl,Chicago,IL,93926,41.808528,-87.432758,single-family,2,1,1872,1986,510000,sold,2025-12-20
LIST-001956,7677 Elm Ave,Denver,CO,61140,39.944749,-104.899473,townhouse,4,4,2037,1988,505000,sold,2024-11-23
LIST-001957,9667 Lincoln Pl,Seattle,WA,91590,47.813593,-122.397566,single-family,2,2,2423,1938,630000,sold,2024-09-14
LIST-001958,5683 Pine Blvd,Seattle,WA,85873,47.502998,-122.288018,townhouse,4,4,1980,1977,860000,expired,2026-02-22
LIST-001959,6448 Mission Pl,Los Angeles,CA,29453,33.989658,-118.410017,single-family,5,5,3637,1958,1060000,sold,2025-03-27
LIST-001960,4093 Oak Blvd,New York,NY,15631,40.751612,-73.924965,townhouse,3,3,1620,1926,550000,sold,2025-06-26
LIST-001961,8557 Madison Dr,Chicago,IL,71827,41.876516,-87.506526,condo,1,1,1210,2010,280000,active,2026-03-21
LIST-001962,7369 Maple Ln,San Francisco,CA,27528,37.797953,-122.193917,single-family,4,3,3395,1969,1675000,active,2025-05-02
LIST-001963,5371 Lake Way,San Francisco,CA,30579,37.848946,-122.59081,single-family,3,2,1617,2013,860000,pending,2024-06-21
LIST-001964,2120 Forest Blvd,San Francisco,CA,43545,37.963339,-122.391836,single-family,2,2,1685,1965,725000,pending,2025-06-22
LIST-001965,2342 Mission Ln,Los Angeles,CA,34956,34.064486,-118.186239,single-family,5,5,2464,1919,880000,sold,2024-05-03
LIST-001966,6818 Spring Ct,Los Angeles,CA,89448,34.105456,-118.415837,condo,3,3,1291,1918,480000,sold,2026-03-03
LIST-001967,1063 Maple Ct,Los Angeles,CA,46496,34.170491,-118.347633,single-family,5,4,2025,1931,590000,active,2025-02-15
LIST-001968,1566 Sunrise Ct,San Francisco,CA,23087,37.651614,-122.505512,single-family,6,5,1593,1937,845000,pending,2024-05-22
LIST-001969,6820 Cedar Dr,Los Angeles,CA,63470,33.905726,-118.135935,condo,0,1,1057,1900,285000,active,2025-08-17
LIST-001970,8992 Walnut Pl,San Francisco,CA,16290,37.721605,-122.671129,single-family,3,3,2389,1917,1105000,expired,2026-04-27
LIST-001971,3261 Washington Way,Chicago,IL,54546,41.89499,-87.38964,townhouse,4,4,2448,1939,520000,sold,2026-04-29
LIST-001972,8911 Jefferson Blvd,San Francisco,CA,70687,37.829787,-122.357548,single-family,3,2,1770,1940,845000,sold,2024-09-19
LIST-001973,9725 Sunrise Ave,Seattle,WA,76518,47.7115,-122.348673,single-family,6,6,2217,2016,1155000,sold,2025-06-19
LIST-001974,4843 Market Way,Miami,FL,53054,25.806789,-80.348313,townhouse,3,3,1684,1922,480000,sold,2025-02-10
LIST-001975,8992 Hill St,Chicago,IL,68879,41.834065,-87.515483,condo,3,3,718,2025,240000,active,2024-09-24
LIST-001976,9348 Lake Pl,Austin,TX,60994,,,multi-family,7,6,3567,1941,955000,sold,2024-07-08
LIST-001977,8431 Walnut Ln,New York,NY,59277,40.714619,-74.064612,townhouse,4,4,1988,1925,735000,sold,2025-12-25
LIST-001978,9385 Washington Pl,Seattle,WA,25313,47.77417,-122.214202,condo,1,2,1572,2017,675000,pending,2024-07-22
LIST-001979,8514 Market Way,Chicago,IL,73668,41.704876,-87.786618,single-family,4,3,3315,2009,1060000,active,2025-10-08
LIST-001980,7668 River Dr,New York,NY,40782,40.655779,-73.921206,condo,3,3,837,1913,315000,sold,2025-12-24
LIST-001981,4543 Park Pl,San Francisco,CA,95652,37.579696,-122.53273,condo,3,4,746,2025,500000,sold,2025-11-17
LIST-001982,2229 River Way,Austin,TX,32328,30.264193,-97.534092,condo,2,3,883,2023,220000,sold,2026-04-04
LIST-001983,3439 Washington Way,Los Angeles,CA,95492,34.064851,-118.373815,townhouse,4,4,1662,2002,805000,active,2025-07-25
LIST-001984,7390 Madison Dr,New York,NY,76359,40.829285,-74.186579,condo,3,3,1030,1990,585000,expired,2025-02-07
LIST-001985,3459 Oak Pl,New York,NY,74068,40.575323,-73.901244,multi-family,8,8,2493,2005,1145000,pending,2024-05-31
LIST-001986,52 Sunrise Dr,Chicago,IL,51458,41.850814,-87.717044,single-family,5,5,2607,2012,865000,sold,2024-09-28
LIST-001987,718 Summer Blvd,Seattle,WA,53650,47.638633,-122.208915,condo,2,3,1116,1974,430000,pending,2025-07-05
LIST-001988,1957 Valley Pl,Los Angeles,CA,97945,34.243602,-118.299922,townhouse,4,3,1958,1940,590000,sold,2024-12-30
LIST-001989,5858 Park Way,San Francisco,CA,14375,37.938755,-122.346777,single-family,3,3,2022,1937,915000,sold,2026-03-20
LIST-001990,5075 Ridge Way,Los Angeles,CA,35501,34.203149,-118.256737,townhouse,2,2,2159,1905,625000,sold,2024-06-27
LIST-001991,243 Forest Way,Chicago,IL,72601,41.939355,-87.887425,single-family,3,3,1668,1984,440000,expired,2024-08-23
LIST-001992,9143 Spring Way,San Francisco,CA,48802,37.928671,-122.271668,single-family,3,3,1956,1983,1195000,active,2025-02-24
LIST-001993,8839 Washington Ln,Los Angeles,CA,75328,34.051576,-118.225744,single-family,4,3,3604,1927,1315000,sold,2025-05-24
LIST-001994,4010 River Ct,New York,NY,78098,40.649195,-74.115833,single-family,3,3,2599,1933,1145000,sold,2024-05-23
LIST-001995,1716 Sunset St,Austin,TX,98674,30.38105,-97.965527,townhouse,3,3,1946,1919,335000,sold,2025-01-17
LIST-001996,4152 Valley St,Seattle,WA,86548,47.394121,-122.256012,townhouse,2,1,2256,1986,715000,active,2024-10-08
LIST-001997,1198 Summer Blvd,Seattle,WA,40305,47.743307,-122.491799,townhouse,3,3,1630,1924,540000,sold,2026-01-26
LIST-001998,921 Jefferson Blvd,Chicago,IL,64775,41.795873,-87.779414,single-family,2,1,1347,1928,215000,active,2024-09-12
LIST-001999,7299 Autumn Blvd,New York,NY,80972,40.620123,-74.179662,single-family,4,4,1908,1936,830000,pending,2025-11-23
LIST-002000,4779 Ridge Ct,New York,NY,85618,40.914035,-73.896736,single-family,3,3,2157,2022,965000,expired,2025-03-24
LIST-002001,4356 Sunset Blvd,Austin,TX,65913,30.147682,-97.818712,single-family,4,3,1128,1953,320000,sold,2025-09-15
LIST-002002,8797 Ridge St,Austin,TX,71508,30.313583,-97.863919,single-family,4,3,2730,1927,600000,sold,2024-11-11
LIST-002003,9949 Sunset Blvd,Seattle,WA,90585,47.542424,-122.617569,single-family,4,3,1083,1906,375000,active,2026-04-03
LIST-002004,4223 Cedar Pl,Denver,CO,94397,39.651392,-105.006517,condo,1,1,1203,1918,320000,sold,2024-06-25
LIST-002005,6586 River Ln,San Francisco,CA,36380,37.862378,-122.543846,single-family,6,5,2680,1991,1465000,sold,2026-01-08
LIST-002006,4310 Birch Way,New York,NY,32832,40.516645,-74.142454,single-family,2,2,2223,1959,1040000,active,2024-08-04
LIST-002007,55 Spring Ave,Los Angeles,CA,12584,33.998099,-118.396361,single-family,5,5,2803,2025,1390000,sold,2025-07-06
LIST-002008,908 Sunrise Ln,Seattle,WA,95047,47.640668,-122.605272,condo,3,3,1307,1913,355000,active,2025-04-28
LIST-002009,1113 Pine St,San Francisco,CA,97777,37.679588,-122.357624,single-family,4,3,1559,1919,725000,active,2024-07-04
LIST-002010,797 Birch Way,New York,NY,33148,40.882937,-74.00529,condo,0,1,911,1963,425000,pending,2025-11-16
LIST-002011,9890 Sunrise Ln,Austin,TX,71691,30.354799,-97.575297,condo,1,1,1042,1901,255000,active,2026-03-31
LIST-002012,4178 Winter Blvd,Chicago,IL,69153,41.77313,-87.834339,townhouse,3,3,1630,2011,470000,pending,2026-03-05
LIST-002013,654 Autumn Way,Los Angeles,CA,37680,33.991385,-118.395216,condo,2,2,1223,1951,400000,pending,2025-11-10
LIST-002014,9970 Sunset Ct,San Francisco,CA,61835,37.856388,-122.169824,single-family,6,6,2520,2011,1500000,sold,2025-12-05
LIST-002015,5960 Madison Ln,Denver,CO,96153,39.896683,-105.138096,condo,0,1,949,1911,235000,sold,2025-08-09
LIST-002016,2810 Valley St,Chicago,IL,54224,41.737501,-87.640656,single-family,6,6,2735,1965,515000,expired,2026-01-10
LIST-002017,1919 Pine St,Austin,TX,87484,30.252573,-97.570125,single-family,6,5,2217,1997,570000,active,2025-04-08
LIST-002018,5277 Washington Dr,New York,NY,82601,40.763554,-74.209119,townhouse,4,3,1999,1952,950000,sold,2025-08-17
LIST-002019,663 Birch Blvd,Miami,FL,79713,25.722946,-80.137718,condo,0,1,1239,1958,430000,active,2024-11-30
LIST-002020,9421 Madison Pl,Chicago,IL,81650,41.960109,-87.468028,condo,3,3,1636,1917,245000,sold,2024-12-17
LIST-002021,90 Valley Blvd,New York,NY,68570,40.846467,-73.874505,condo,0,1,1213,1987,535000,sold,2024-12-04
LIST-002022,1296 Sunset Blvd,Chicago,IL,20564,42.088543,-87.705385,single-family,6,5,1462,1987,370000,sold,2024-09-17
LIST-002023,9671 Jefferson Pl,Denver,CO,95072,39.798583,-105.190204,single-family,3,3,1035,2007,315000,withdrawn,2025-06-07
LIST-002024,2241 Summer Dr,New York,NY,90003,40.689508,-73.837929,single-family,5,4,2652,2023,1185000,active,2024-07-29
LIST-002025,4092 Madison St,Seattle,WA,37367,47.818695,-122.325641,single-family,6,5,2373,1984,1125000,expired,2025-07-26
LIST-002026,1155 Lake Ct,San Francisco,CA,55806,37.887152,-122.638619,single-family,4,3,2700,1977,1300000,sold,2025-10-02
LIST-002027,5188 Hill Ave,Denver,CO,43072,39.699573,-105.168727,condo,1,1,1761,1959,365000,sold,2025-08-20
LIST-002028,8071 Pine Ct,Los Angeles,CA,33102,34.10787,-118.171663,condo,2,3,1372,1906,360000,sold,2025-10-07
LIST-002029,8063 Jefferson Blvd,Chicago,IL,81251,41.85104,-87.51362,townhouse,3,2,1754,2003,385000,sold,2024-10-10
LIST-002030,5438 Madison Ct,Denver,CO,91603,39.7474,-105.194686,single-family,5,4,2299,1909,455000,sold,2025-01-25
LIST-002031,8583 Spring Ct,Los Angeles,CA,32459,33.990568,-118.100176,townhouse,2,2,2098,1987,885000,pending,2024-06-29
LIST-002032,8226 Elm Ln,Seattle,WA,50653,47.647125,-122.362872,townhouse,4,3,2376,1949,840000,sold,2025-06-13
LIST-002033,2620 Maple Dr,Seattle,WA,31965,47.630417,-122.279874,single-family,3,3,2394,2010,1195000,active,2025-11-21
LIST-002034,8883 Spring Way,New York,NY,27849,40.49617,-74.047507,multi-family,5,4,2283,2018,1475000,sold,2025-02-27
LIST-002035,1320 Summer St,Los Angeles,CA,45210,33.969054,-118.219786,single-family,2,2,2520,2016,1145000,sold,2026-02-05
LIST-002036,2124 Autumn Pl,Seattle,WA,35280,47.632031,-122.062223,single-family,4,3,2675,1961,840000,sold,2024-09-12
LIST-002037,2083 Elm Way,Denver,CO,70592,39.924494,-104.933967,single-family,3,2,1178,1960,275000,withdrawn,2025-12-24
LIST-002038,6736 Madison Dr,Miami,FL,54850,25.941021,-80.296774,single-family,3,2,1919,1905,545000,expired,2025-01-13
LIST-002039,6913 Mission Ln,New York,NY,57144,40.869499,-74.171893,multi-family,4,3,3857,2024,2220000,sold,2024-06-23
LIST-002040,4344 Summer Ct,Seattle,WA,77488,47.625656,-122.065389,single-family,4,3,2478,1977,720000,expired,2024-12-03
LIST-002041,6944 Elm Dr,Denver,CO,13802,39.780434,-104.861045,single-family,2,2,1930,1945,495000,withdrawn,2025-04-05
LIST-002042,9105 Washington Way,Austin,TX,64077,30.222911,-97.619927,townhouse,4,3,2231,2022,595000,active,2025-05-15
LIST-002043,3677 Hill Way,Los Angeles,CA,59272,34.113901,-118.271012,single-family,3,3,1945,2021,905000,active,2025-12-11
LIST-002044,4600 Autumn Dr,Seattle,WA,38633,47.529941,-122.09356,townhouse,2,2,1421,1969,560000,withdrawn,2025-02-09
LIST-002045,7590 Spring Ln,Los Angeles,CA,96514,34.157072,-118.110092,condo,3,4,1112,1940,465000,pending,2025-04-01
LIST-002046,6346 Birch Ave,Los Angeles,CA,41456,33.90818,-118.3233,condo,2,2,985,1903,345000,pending,2025-09-16
LIST-002047,2359 Autumn St,Seattle,WA,96875,47.524833,-122.194429,townhouse,3,3,1178,2020,430000,pending,2025-11-26
LIST-002048,3040 Pine Ln,New York,NY,18795,40.744319,-74.283887,condo,1,1,947,1909,330000,pending,2026-03-10
LIST-002049,7599 Walnut St,Miami,FL,91652,25.72293,-80.04499,single-family,3,3,2157,2003,855000,sold,2025-02-24
LIST-002050,4671 Valley St,Denver,CO,22001,39.864112,-104.790139,multi-family,5,3,2983,1946,825000,active,2025-11-13
LIST-002051,645 Lake Blvd,Austin,TX,21606,30.295984,-97.639925,condo,1,2,1369,1973,325000,active,2025-11-08
LIST-002052,3887 Birch Way,Los Angeles,CA,21605,33.904543,-118.346088,single-family,2,1,1194,2018,630000,sold,2024-11-13
LIST-002053,3321 Walnut Ct,Los Angeles,CA,58088,34.033,-118.251828,condo,0,1,849,2025,350000,sold,2025-11-03
LIST-002054,2720 Washington Ave,Austin,TX,25269,30.076111,-97.634744,single-family,3,2,3558,1930,730000,active,2025-12-18
LIST-002055,8665 Spring Ave,New York,NY,16650,40.523346,-74.009928,multi-family,4,4,2805,1971,1035000,sold,2025-08-11
LIST-002056,2534 Pine Dr,Chicago,IL,87344,41.818585,-87.394012,single-family,3,3,3250,2005,910000,sold,2026-03-06
LIST-002057,1143 Sunrise Ave,Los Angeles,CA,17056,33.921521,-118.307975,condo,1,2,1311,1955,575000,sold,2025-05-15
LIST-002058,504 Cedar Dr,San Francisco,CA,14687,37.708622,-122.634262,townhouse,2,2,1625,2013,1000000,sold,2024-12-12
LIST-002059,7788 Winter Ct,Austin,TX,43567,30.46427,-97.710002,townhouse,2,1,1999,1947,470000,expired,2024-06-29
LIST-002060,3433 Cedar Ct,Los Angeles,CA,19862,33.847525,-118.237384,single-family,3,2,1962,1990,965000,sold,2024-10-23
LIST-002061,517 Walnut Ct,San Francisco,CA,67605,37.67524,-122.41739,condo,0,1,1541,2025,1105000,pending,2026-03-22
LIST-002062,6512 River Dr,Miami,FL,88275,25.670807,-80.139997,townhouse,2,2,1597,1944,495000,active,2026-04-10
LIST-002063,1086 Ridge St,New York,NY,13463,40.721095,-74.115404,single-family,5,5,2382,1987,1085000,sold,2025-12-28
LIST-002064,8885 Spring Dr,Denver,CO,47396,39.780371,-104.871511,single-family,2,1,2152,1943,640000,sold,2024-12-14
LIST-002065,9027 Park Ln,Chicago,IL,28530,41.885628,-87.385928,single-family,2,1,2384,2013,610000,sold,2025-10-20
LIST-002066,2714 Winter Dr,Los Angeles,CA,50739,34.223307,-118.067159,condo,0,1,1437,2022,645000,active,2024-10-14
LIST-002067,3866 Forest Ln,Seattle,WA,12227,47.745654,-122.465421,single-family,5,5,1486,1981,485000,expired,2025-06-18
LIST-002068,1457 Birch St,Seattle,WA,61497,47.467448,-122.207398,townhouse,3,2,2011,1994,795000,sold,2024-07-16
LIST-002069,4423 Ridge Ave,Seattle,WA,23557,47.569763,-122.237926,townhouse,4,3,1590,1933,470000,pending,2025-06-03
LIST-002070,6345 Maple Dr,Los Angeles,CA,25500,34.124416,-118.169029,single-family,3,2,2119,2014,770000,sold,2025-02-21
LIST-002071,8214 Hill Ct,New York,NY,32996,40.650987,-74.014431,single-family,2,1,1586,1934,610000,pending,2024-11-17
LIST-002072,4477 Mission Way,Denver,CO,48019,39.805705,-105.110457,condo,1,1,1495,1911,400000,sold,2024-10-02
LIST-002073,2464 Hill Ct,Los Angeles,CA,28044,33.932565,-118.307919,condo,3,4,1104,1911,275000,expired,2025-09-12
LIST-002074,6033 Market St,Miami,FL,79517,25.745157,-80.021051,single-family,2,1,2170,1995,915000,active,2026-01-10
LIST-002075,1869 Pine Dr,New York,NY,57279,40.657546,-74.158861,single-family,6,6,2043,1977,1015000,sold,2026-04-14
LIST-002076,7773 Sunset St,Seattle,WA,45652,47.594871,-122.054486,townhouse,2,2,2395,1935,880000,sold,2025-07-11
LIST-002077,6353 Forest Way,San Francisco,CA,47366,37.829032,-122.590889,townhouse,3,2,1846,2003,935000,expired,2024-11-15
LIST-002078,8210 Maple St,Los Angeles,CA,72213,34.256575,-118.273333,condo,3,3,991,1989,505000,sold,2024-08-10
LIST-002079,3847 Park Ave,San Francisco,CA,51802,37.764448,-122.699267,multi-family,4,2,3740,1939,1740000,sold,2024-12-08
LIST-002080,878 Pine Pl,Miami,FL,99589,25.581306,-80.258001,condo,3,4,1090,1993,390000,sold,2024-07-10
LIST-002081,9287 Valley Ln,San Francisco,CA,15367,37.933272,-122.490197,single-family,6,5,1742,1951,1045000,sold,2024-11-02
LIST-002082,3504 Sunrise Blvd,San Francisco,CA,81017,37.723228,-122.153873,condo,1,2,894,1944,485000,sold,2026-03-20
LIST-002083,7486 Spring Pl,Austin,TX,52691,30.220437,-97.971417,townhouse,4,3,1244,1984,300000,withdrawn,2025-03-18
LIST-002084,43 Sunrise Ave,San Francisco,CA,87924,37.710495,-122.428475,single-family,2,1,1758,2022,875000,sold,2026-01-04
LIST-002085,9456 Sunset Way,San Francisco,CA,41603,37.903969,-122.334816,townhouse,3,2,1273,2023,660000,sold,2025-05-28
LIST-002086,5522 Spring Blvd,Miami,FL,81646,25.771932,-80.295032,townhouse,3,3,2091,2022,905000,sold,2025-06-05
LIST-002087,5590 Hill Blvd,Los Angeles,CA,25859,33.94259,-118.481172,multi-family,8,6,3883,1958,1125000,sold,2025-07-10
LIST-002088,6712 Market Ct,Los Angeles,CA,86749,34.111545,-118.200395,condo,0,1,689,1920,245000,sold,2025-07-19
LIST-002089,1786 Winter St,Seattle,WA,97639,47.575772,-122.344034,single-family,3,3,2511,1946,830000,sold,2025-03-09
LIST-002090,8400 Winter Ct,Miami,FL,17965,25.859498,-80.196563,single-family,6,6,1338,1957,330000,active,2025-06-09
LIST-002091,8277 Ridge Blvd,New York,NY,77482,40.539407,-73.906401,condo,1,2,525,1996,295000,sold,2026-03-22
LIST-002092,4702 Market Ln,Austin,TX,17768,30.080156,-97.731807,single-family,5,4,2109,2019,715000,sold,2025-01-25
LIST-002093,7819 Lincoln Way,Miami,FL,86805,25.629563,-80.135453,single-family,5,4,1984,1976,670000,sold,2025-04-12
LIST-002094,3708 Oak Dr,San Francisco,CA,90144,37.983956,-122.350857,single-family,3,3,1866,1907,655000,expired,2025-03-05
LIST-002095,7570 Winter Ln,San Francisco,CA,14326,37.674286,-122.629491,townhouse,3,3,2068,1956,910000,active,2026-04-08
LIST-002096,2060 Park Dr,Miami,FL,72735,25.728975,-80.158146,single-family,5,4,1931,1918,550000,active,2025-03-07
LIST-002097,3566 Ridge Blvd,Denver,CO,74561,39.5901,-105.119515,single-family,4,4,1000,1952,270000,active,2024-08-14
LIST-002098,2905 Elm Way,San Francisco,CA,38719,37.703578,-122.681081,single-family,6,6,2904,1959,1240000,sold,2026-02-23
LIST-002099,4122 Oak Dr,Austin,TX,28687,30.367371,-97.716911,condo,3,3,1050,1906,165000,sold,2024-12-29
LIST-002100,6025 River Ave,Austin,TX,37596,30.274898,-97.717059,single-family,3,3,1155,1980,335000,sold,2025-06-04
LIST-002101,6907 Lincoln Ct,San Francisco,CA,98805,37.91496,-122.564399,condo,0,1,1126,1967,675000,sold,2025-02-13
LIST-002102,8847 Autumn Dr,Denver,CO,22564,39.616827,-105.216879,single-family,4,3,2371,1939,535000,sold,2024-08-20
LIST-002103,3355 Ridge Blvd,Seattle,WA,78471,47.437135,-122.223731,single-family,3,3,1648,1982,770000,expired,2025-03-29
LIST-002104,3576 Market Dr,Denver,CO,98727,39.628653,-105.154734,condo,1,1,861,1978,290000,sold,2026-04-12
LIST-002105,499 Birch Way,San Francisco,CA,20577,37.785232,-122.246032,single-family,6,5,2153,1953,1310000,sold,2025-12-27
LIST-002106,7727 Pine Ln,San Francisco,CA,49015,37.881329,-122.550787,condo,3,3,541,1998,245000,sold,2024-10-21
LIST-002107,7705 River Blvd,Miami,FL,50687,25.59404,-80.229612,single-family,6,5,2058,1993,565000,sold,2024-09-21
LIST-002108,5528 Washington Ln,San Francisco,CA,88193,37.657332,-122.484855,single-family,5,4,1844,1926,855000,expired,2024-10-24
LIST-002109,887 Birch Ave,San Francisco,CA,74303,37.677989,-122.245799,condo,2,2,693,1947,290000,sold,2025-06-03
LIST-002110,7566 Walnut Blvd,San Francisco,CA,55996,37.804945,-122.521613,single-family,3,2,2448,1985,1295000,sold,2024-09-08
LIST-002111,180 Valley Ct,San Francisco,CA,26232,37.732835,-122.181882,single-family,4,4,1920,1985,1025000,sold,2025-07-25
LIST-002112,3249 Market Pl,Seattle,WA,83088,47.825749,-122.284909,single-family,3,2,1972,1939,585000,sold,2025-12-22
LIST-002113,4804 Winter Way,Denver,CO,22678,39.618467,-105.157708,single-family,5,4,2394,1978,740000,sold,2025-05-20
LIST-002114,8099 Autumn Dr,Chicago,IL,49340,42.04583,-87.609249,single-family,5,5,1086,1991,250000,sold,2025-07-21
LIST-002115,7165 Lake Ave,Austin,TX,96400,30.05236,-97.806238,condo,0,1,1263,1941,250000,withdrawn,2024-05-24
LIST-002116,7301 Ridge Dr,Denver,CO,75858,39.784465,-105.176031,single-family,5,4,800,1911,180000,withdrawn,2025-06-24
LIST-002117,9704 Market Ct,Miami,FL,77043,25.656341,-80.284001,single-family,4,4,1498,1995,495000,active,2024-06-05
LIST-002118,2906 Cedar Blvd,Los Angeles,CA,63175,34.244935,-118.315581,single-family,3,2,2087,1999,1065000,pending,2025-06-15
LIST-002119,4919 Lincoln St,Miami,FL,60038,25.618806,-80.058644,condo,3,4,1009,1942,350000,sold,2024-12-12
LIST-002120,5548 Oak Dr,Los Angeles,CA,34413,33.918944,-118.181531,single-family,6,6,2075,1984,955000,active,2024-07-02
LIST-002121,4969 Cedar Way,Austin,TX,15821,30.09887,-97.610756,single-family,4,3,1865,1989,425000,sold,2025-09-09
LIST-002122,5181 Summer St,Denver,CO,39284,39.761239,-104.85543,single-family,6,5,1184,1991,390000,sold,2024-07-17
LIST-002123,7639 Cedar Ave,Miami,FL,48574,25.730625,-80.212536,condo,3,4,959,2012,425000,active,2026-02-24
LIST-002124,6132 Oak Way,New York,NY,62582,40.586657,-73.858849,townhouse,2,1,1677,1977,830000,sold,2024-09-25
LIST-002125,8796 Maple Ln,Los Angeles,CA,20066,33.971621,-118.425565,condo,1,1,771,1910,235000,sold,2025-05-18
LIST-002126,9692 Hill Dr,Chicago,IL,20974,41.929264,-87.723523,condo,2,3,929,2017,310000,active,2025-03-25
LIST-002127,3503 Sunrise Ave,Miami,FL,16836,25.782589,-80.127737,condo,1,1,1686,2010,715000,active,2025-09-30
LIST-002128,2980 Forest Blvd,New York,NY,23922,40.611867,-73.851503,condo,3,4,1258,1957,500000,active,2025-03-07
LIST-002129,1049 Jefferson Ave,Austin,TX,82662,30.424519,-97.847984,multi-family,8,7,3993,1962,1115000,active,2024-07-31
LIST-002130,5861 Lincoln Pl,New York,NY,17770,40.837248,-73.827245,condo,1,1,988,1978,550000,withdrawn,2024-09-29
LIST-002131,1737 Maple Ct,Chicago,IL,89338,42.078657,-87.523998,condo,1,2,1004,1976,235000,sold,2025-05-28
LIST-002132,6927 Maple Ave,Chicago,IL,16416,41.737637,-87.500832,single-family,4,3,2963,1903,500000,active,2024-08-18
LIST-002133,1684 Ridge St,Seattle,WA,90109,47.700172,-122.226464,condo,0,1,1090,2007,355000,sold,2024-06-28
LIST-002134,5456 Madison St,Miami,FL,62945,25.776308,-80.006739,single-family,4,3,1011,1935,300000,pending,2026-01-28
LIST-002135,7990 Ridge Blvd,Seattle,WA,84907,47.683046,-122.373406,single-family,5,4,1748,1979,705000,withdrawn,2025-01-26
LIST-002136,2945 Park Dr,Chicago,IL,68073,41.838117,-87.480789,condo,0,1,981,1945,210000,sold,2025-09-18
LIST-002137,8602 Mission Ct,Austin,TX,47446,30.225395,-97.542348,single-family,5,5,2883,1924,505000,pending,2026-02-25
LIST-002138,9983 Autumn Pl,San Francisco,CA,99965,37.669826,-122.669692,single-family,6,5,1346,1974,865000,active,2025-12-29
LIST-002139,9750 Mission Ct,New York,NY,62431,40.716324,-74.092403,single-family,6,5,1157,1939,505000,active,2026-01-18
LIST-002140,8156 Birch Dr,Denver,CO,57700,39.700888,-104.95207,single-family,5,4,2505,2005,855000,active,2024-06-18
LIST-002141,5071 Washington Ct,San Francisco,CA,78482,37.679204,-122.171438,single-family,3,2,2753,1949,1565000,active,2025-01-05
LIST-002142,1446 Walnut Ave,New York,NY,39840,40.830756,-73.880522,multi-family,4,3,4421,1998,1915000,sold,2026-04-06
LIST-002143,2416 Lincoln Ln,Denver,CO,10868,39.621616,-104.898186,single-family,6,6,2018,1919,380000,sold,2024-08-04
LIST-002144,4355 Spring Dr,New York,NY,73632,40.744412,-73.728945,single-family,4,4,2431,1935,1165000,sold,2025-06-23
LIST-002145,1529 Walnut Pl,Austin,TX,79586,30.394882,-97.889178,single-family,6,6,1909,1996,465000,withdrawn,2025-03-28
LIST-002146,5101 Elm Ct,Chicago,IL,84299,41.807369,-87.836565,condo,0,1,863,1983,165000,active,2025-10-11
LIST-002147,6842 Walnut Ln,Los Angeles,CA,55459,34.073661,-118.42688,condo,3,3,977,1960,360000,active,2026-03-08
LIST-002148,3329 Park Ave,Denver,CO,26811,39.875178,-104.766116,condo,3,3,843,1919,175000,active,2024-09-22
LIST-002149,7738 Elm St,San Francisco,CA,79109,37.62327,-122.451499,condo,1,1,676,1932,285000,active,2025-11-23
LIST-002150,8211 Sunset Ave,New York,NY,49220,40.565346,-73.972445,single-family,5,5,3616,1968,1395000,sold,2025-05-20
LIST-002151,1571 Market St,Austin,TX,27860,30.210193,-97.809746,single-family,2,2,1976,1946,505000,active,2025-12-25
LIST-002152,4698 Lake Blvd,Denver,CO,60815,39.837563,-105.085119,single-family,4,4,1516,1900,335000,active,2026-01-16
LIST-002153,5947 Hill Dr,Chicago,IL,22672,41.723453,-87.439494,single-family,5,4,2046,1908,400000,sold,2025-05-07
LIST-002154,4966 Hill Ln,Miami,FL,15991,25.808615,-80.421517,townhouse,2,1,1968,2007,775000,active,2024-05-20
LIST-002155,889 Spring Blvd,Los Angeles,CA,72411,33.937441,-118.085185,condo,2,2,1013,1993,435000,sold,2026-02-10
LIST-002156,747 Walnut Dr,San Francisco,CA,47809,37.872074,-122.242245,condo,1,1,687,2025,520000,sold,2025-05-17
LIST-002157,6503 Jefferson Pl,San Francisco,CA,78860,37.786959,-122.303827,condo,2,2,1391,1937,635000,sold,2024-12-29
LIST-002158,71 Market Pl,Los Angeles,CA,56301,34.149664,-118.388652,single-family,5,5,1823,1928,580000,sold,2025-12-14
LIST-002159,8258 Forest Blvd,Los Angeles,CA,37856,34.152305,-118.047769,multi-family,5,5,3535,1987,1575000,active,2025-07-26
LIST-002160,5910 Mission Ct,Denver,CO,49238,39.75498,-105.249843,single-family,4,4,1816,1976,445000,sold,2026-04-04
LIST-002161,5581 Madison Ln,Chicago,IL,44684,42.056539,-87.573562,single-family,5,5,2670,1929,445000,active,2025-09-20
LIST-002162,6380 Summer Dr,Chicago,IL,25512,42.067031,-87.465229,multi-family,6,5,2549,1944,450000,expired,2024-09-18
LIST-002163,5548 Lincoln Way,Seattle,WA,20900,47.42268,-122.286952,condo,2,2,1067,1948,320000,withdrawn,2024-07-13
LIST-002164,1720 Walnut Ct,New York,NY,85210,40.795482,-74.236801,condo,2,2,887,1933,305000,sold,2025-05-24
LIST-002165,3428 Winter Ln,Los Angeles,CA,83269,33.955544,-118.050489,single-family,5,4,1394,1960,525000,sold,2025-02-05
LIST-002166,8060 Birch Dr,San Francisco,CA,49030,37.680744,-122.50103,condo,1,1,1187,1971,495000,sold,2025-06-27
LIST-002167,13 Valley Ln,Los Angeles,CA,53818,33.977069,-118.435082,single-family,5,5,2007,1912,500000,active,2024-07-22
LIST-002168,8604 River Ave,Los Angeles,CA,10332,34.151054,-118.265049,single-family,3,3,2207,1933,925000,sold,2024-07-07
LIST-002169,7894 Hill St,Miami,FL,54908,25.820583,-80.332407,condo,3,3,1669,2025,750000,sold,2024-07-09
LIST-002170,2979 Winter Dr,Seattle,WA,61695,47.447731,-122.446871,single-family,3,2,2233,1957,665000,active,2025-10-07
LIST-002171,5974 Lake Pl,Seattle,WA,71469,47.630542,-122.115438,single-family,4,3,1512,1920,540000,withdrawn,2025-08-25
LIST-002172,3378 Mission Blvd,Chicago,IL,71150,41.941764,-87.713768,single-family,2,2,1834,1987,430000,sold,2024-07-14
LIST-002173,582 Winter Way,Austin,TX,65063,30.474766,-97.736148,multi-family,7,5,2687,1988,775000,sold,2025-07-02
LIST-002174,8139 Oak Blvd,Austin,TX,63834,30.41204,-97.807357,single-family,5,4,2702,2006,705000,sold,2024-09-29
LIST-002175,6318 Washington Ln,Seattle,WA,95959,47.536982,-122.253098,single-family,5,4,1195,2002,435000,pending,2025-04-11
LIST-002176,5248 Mission St,Miami,FL,68111,25.938215,-80.226074,condo,2,3,794,1980,310000,active,2026-02-23
LIST-002177,5168 Hill Ln,Austin,TX,78710,30.347431,-97.729273,single-family,5,4,2519,1971,745000,sold,2025-12-03
LIST-002178,8727 Walnut Dr,Los Angeles,CA,10955,34.017721,-118.227503,condo,2,2,1479,2020,535000,expired,2025-06-12
LIST-002179,488 Sunrise Dr,Austin,TX,46267,30.154626,-97.651999,single-family,6,6,2111,1938,605000,sold,2025-10-24
LIST-002180,5158 Cedar St,Seattle,WA,43759,47.623501,-122.406393,single-family,4,4,2913,1992,1360000,active,2026-01-20
LIST-002181,4375 Spring Ct,Miami,FL,46848,25.58508,-80.063175,single-family,6,5,1668,1925,545000,withdrawn,2025-04-28
LIST-002182,9752 Birch St,New York,NY,44662,40.715684,-73.749463,townhouse,2,1,1386,1925,625000,sold,2025-05-04
LIST-002183,5382 Cedar Ct,Austin,TX,99399,30.226019,-97.521141,condo,0,1,1518,1955,300000,sold,2024-07-25
LIST-002184,4328 Ridge Dr,Los Angeles,CA,12847,33.916414,-118.350471,single-family,6,5,2211,1925,735000,expired,2026-03-02
LIST-002185,6725 Oak Blvd,New York,NY,94060,40.628379,-74.170552,single-family,5,5,2179,2003,1360000,sold,2025-12-18
LIST-002186,1971 Elm Blvd,Miami,FL,81008,25.730188,-80.167532,single-family,4,3,1997,1996,710000,sold,2025-09-07
LIST-002187,1688 Spring Dr,Los Angeles,CA,49006,34.22092,-118.351618,townhouse,4,4,2024,1932,645000,sold,2025-06-09
LIST-002188,745 Mission Ct,New York,NY,74130,40.617551,-73.927605,single-family,2,1,2601,2017,1555000,sold,2024-05-10
LIST-002189,4415 Madison Dr,Miami,FL,67850,25.864351,-80.290459,condo,2,3,1422,1926,440000,sold,2024-12-21
LIST-002190,4778 Ridge Blvd,Miami,FL,98918,25.65481,-80.204937,condo,3,4,1173,2019,530000,sold,2025-10-19
LIST-002191,8517 Park Ln,Seattle,WA,66101,47.484627,-122.489744,single-family,5,5,2373,2002,1190000,active,2024-07-04
LIST-002192,6100 Forest St,New York,NY,92000,40.884682,-74.196594,condo,2,2,591,1975,245000,active,2024-09-22
LIST-002193,6599 River Dr,Miami,FL,88396,25.87719,-80.004338,condo,0,1,968,2016,395000,sold,2025-08-15
LIST-002194,9795 Mission Ave,Los Angeles,CA,42089,34.149279,-118.482795,single-family,3,2,2411,2008,1310000,pending,2024-05-03
LIST-002195,9159 Park St,Miami,FL,56829,25.794555,-80.317812,single-family,3,2,2192,1915,485000,expired,2025-08-17
LIST-002196,918 Valley Ave,San Francisco,CA,77787,37.845908,-122.371192,townhouse,2,2,1930,1997,1390000,sold,2026-04-25
LIST-002197,3361 Lincoln Blvd,Miami,FL,73624,25.764884,-80.146832,multi-family,6,5,1966,1927,655000,pending,2025-12-09
LIST-002198,3086 Winter Blvd,Los Angeles,CA,29049,33.928903,-118.419241,single-family,6,6,1919,1947,805000,sold,2025-05-13
LIST-002199,1308 Park Way,Seattle,WA,78937,47.686159,-122.203393,single-family,2,1,2327,1982,880000,sold,2025-06-15
LIST-002200,5557 Maple Ln,Chicago,IL,60814,41.980645,-87.687497,single-family,5,4,2621,2008,650000,sold,2025-04-18
LIST-002201,448 Sunset Ct,Denver,CO,41106,39.731282,-105.145421,townhouse,3,3,1483,1932,320000,sold,2024-06-01
LIST-002202,2207 Market Blvd,Chicago,IL,76556,41.906673,-87.807478,condo,1,2,1089,1942,235000,active,2024-06-18
LIST-002203,8436 Sunset Blvd,Seattle,WA,25397,47.544862,-122.052254,condo,3,3,1318,1973,575000,pending,2026-03-15
LIST-002204,5976 Washington Ln,Miami,FL,47358,25.835377,-80.39024,single-family,6,5,1906,1978,505000,sold,2025-11-04
LIST-002205,5414 Lake Dr,Denver,CO,74039,39.691526,-105.141286,single-family,4,4,1805,1986,545000,sold,2025-09-24
LIST-002206,2517 Sunrise Blvd,Los Angeles,CA,26243,34.071219,-118.202706,single-family,5,4,2224,1979,1000000,active,2024-12-20
LIST-002207,925 Park Ln,Austin,TX,93488,30.313316,-97.587644,single-family,4,3,2974,1925,595000,sold,2026-04-22
LIST-002208,6956 Jefferson Dr,New York,NY,34554,40.720462,-73.833961,single-family,4,3,1806,2013,1130000,withdrawn,2026-01-13
LIST-002209,8246 Forest St,Los Angeles,CA,86091,34.232625,-118.349887,single-family,5,4,1331,2000,610000,sold,2024-12-21
LIST-002210,3803 Hill Ct,Los Angeles,CA,85901,34.10606,-118.203133,townhouse,4,3,1671,1971,605000,active,2025-08-30
LIST-002211,410 Pine St,Denver,CO,76346,39.776902,-105.261785,condo,1,1,946,1967,270000,expired,2025-06-07
LIST-002212,3120 Market Dr,Los Angeles,CA,47360,33.862546,-118.321058,condo,0,1,827,2007,315000,active,2025-03-12
LIST-002213,1038 Jefferson Dr,Austin,TX,77994,30.067615,-97.640381,single-family,2,2,2848,2013,770000,sold,2025-04-13
LIST-002214,8917 Hill Ln,Denver,CO,27709,39.850422,-105.048485,single-family,5,4,1622,1955,410000,sold,2024-11-29
LIST-002215,9165 Walnut Blvd,Denver,CO,43771,39.720505,-104.904499,condo,3,3,930,2004,280000,active,2024-05-24
LIST-002216,4963 Ridge Blvd,Miami,FL,68147,25.602084,-80.113904,single-family,6,5,2141,1966,565000,sold,2025-05-04
LIST-002217,5421 Autumn Ct,Los Angeles,CA,22039,33.967911,-118.412681,single-family,4,3,2267,2001,1020000,sold,2024-11-10
LIST-002218,6154 Ridge Ct,Seattle,WA,82813,47.666818,-122.07744,single-family,3,2,1715,2001,795000,sold,2026-02-17
LIST-002219,2244 Ridge Ct,Seattle,WA,92594,47.671599,-122.587242,single-family,2,2,2520,2001,860000,sold,2025-09-17
LIST-002220,1063 Walnut Ct,Chicago,IL,60699,41.946641,-87.693795,single-family,3,3,1435,1962,365000,sold,2024-06-11
LIST-002221,5343 Market Pl,Denver,CO,99979,39.830955,-105.097851,single-family,4,3,1904,1933,520000,pending,2025-02-24
LIST-002222,5536 Pine Blvd,Austin,TX,17092,30.175713,-97.92503,condo,2,2,1099,1958,280000,sold,2024-05-02
LIST-002223,7127 Lake Dr,New York,NY,24073,40.53458,-73.974761,single-family,4,3,2235,1928,750000,active,2025-03-16
LIST-002224,6050 Birch St,New York,NY,69757,40.801323,-73.767337,single-family,3,3,2705,2025,1650000,sold,2024-11-11
LIST-002225,8977 Park St,Los Angeles,CA,51497,33.994344,-118.27897,condo,2,2,802,1952,275000,active,2024-10-21
LIST-002226,9693 Spring St,Denver,CO,34401,39.916952,-105.006461,townhouse,2,1,1096,2015,340000,sold,2024-10-07
LIST-002227,5967 Birch Blvd,Miami,FL,74364,25.784522,-80.10568,single-family,5,5,2968,1964,1010000,active,2026-01-30
LIST-002228,2184 Sunrise St,Chicago,IL,88459,41.782194,-87.451504,townhouse,4,3,1382,1974,390000,sold,2025-08-24
LIST-002229,7860 Summer Way,Austin,TX,10817,30.170133,-97.84922,single-family,2,1,2378,1964,710000,active,2026-03-05
LIST-002230,3305 Sunset Ave,San Francisco,CA,69739,37.814874,-122.392903,condo,1,1,1733,2025,920000,sold,2025-07-31
LIST-002231,6533 Oak Blvd,Los Angeles,CA,65703,34.199445,-118.281756,single-family,4,4,2370,1936,720000,active,2025-03-18
LIST-002232,2464 Forest Pl,Los Angeles,CA,52711,34.169925,-118.341143,multi-family,6,4,3406,1902,975000,active,2025-04-18
LIST-002233,9018 Sunrise St,New York,NY,99808,40.615455,-74.255919,single-family,5,5,2694,1914,780000,sold,2025-02-01
LIST-002234,9821 Walnut Blvd,Seattle,WA,69459,47.594738,-122.328003,single-family,2,2,2856,1910,900000,active,2025-02-22
LIST-002235,1351 Forest Way,New York,NY,86383,40.751369,-74.178146,condo,1,1,1148,2010,580000,sold,2025-11-22
LIST-002236,4352 Forest Way,Seattle,WA,33152,47.55633,-122.304077,single-family,3,3,2046,1990,815000,active,2024-11-27
LIST-002237,5188 Cedar St,Chicago,IL,81352,41.865487,-87.879419,condo,1,1,901,1983,270000,pending,2024-12-23
LIST-002238,6044 Spring Ln,Chicago,IL,51380,41.801855,-87.54654,single-family,3,3,3212,2025,890000,sold,2024-05-06
LIST-002239,7586 Maple Ln,Los Angeles,CA,29231,34.230381,-118.169412,condo,2,3,1130,1957,505000,active,2025-09-15
LIST-002240,7721 Pine Pl,Seattle,WA,92258,47.636504,-122.23011,condo,1,1,867,1987,390000,active,2024-10-12
LIST-002241,9230 Hill St,Chicago,IL,41031,41.732363,-87.43187,single-family,5,4,1640,1945,375000,sold,2025-11-26
LIST-002242,1216 Sunrise Dr,Miami,FL,42420,25.817157,-80.168662,single-family,4,4,1743,1999,600000,sold,2024-09-24
LIST-002243,5483 Lincoln Dr,New York,NY,56523,40.62721,-74.148927,single-family,6,5,2069,1944,965000,sold,2024-12-16
LIST-002244,5258 Forest Blvd,New York,NY,11618,40.848301,-73.981755,single-family,5,4,1924,1900,700000,pending,2026-03-07
LIST-002245,7155 Madison St,Chicago,IL,18500,41.696126,-87.550672,condo,1,1,1152,2006,330000,pending,2025-11-26
LIST-002246,67 Jefferson Ave,Austin,TX,46482,30.238483,-97.76935,townhouse,2,1,900,2007,205000,sold,2025-08-01
LIST-002247,7576 Sunset Pl,Chicago,IL,97422,41.912748,-87.677907,multi-family,7,5,2796,1903,475000,sold,2025-10-02
LIST-002248,7002 Mission Ct,Miami,FL,23786,25.933687,-80.079466,condo,3,4,1201,1949,365000,sold,2024-07-18
LIST-002249,1978 Walnut Way,Los Angeles,CA,29568,34.01446,-118.24108,single-family,4,3,1271,1987,435000,sold,2024-09-07
LIST-002250,8136 Lake Ave,Seattle,WA,56098,47.579225,-122.638471,condo,3,3,1441,1993,580000,sold,2024-09-13
LIST-002251,7370 Valley Pl,Seattle,WA,75095,47.747498,-122.530691,condo,3,3,1239,1970,375000,active,2025-11-16
LIST-002252,7705 Winter Ave,Seattle,WA,89221,47.678101,-122.455674,condo,2,2,1447,1939,410000,active,2025-02-25
LIST-002253,1468 Lincoln Ct,San Francisco,CA,74343,37.85835,-122.395036,single-family,3,3,1686,1954,900000,active,2025-02-21
LIST-002254,5268 Mission Ct,New York,NY,82982,40.754428,-73.787442,single-family,2,2,903,1980,350000,sold,2025-05-07
LIST-002255,9002 Sunrise Ln,Denver,CO,98543,39.727062,-105.200021,condo,2,3,971,1954,275000,active,2025-08-08
LIST-002256,2099 Birch Dr,Denver,CO,84787,39.77009,-104.895355,single-family,6,6,2572,1937,705000,active,2024-10-27
LIST-002257,5191 Park Pl,San Francisco,CA,94432,37.594454,-122.434747,single-family,2,2,1659,1992,1090000,sold,2026-02-09
LIST-002258,5240 Walnut Way,Austin,TX,49487,30.109703,-97.722986,townhouse,2,1,1567,1938,315000,withdrawn,2025-10-02
LIST-002259,3091 River Way,Los Angeles,CA,77576,34.244274,-118.122829,condo,3,4,1202,2023,550000,active,2024-11-28
LIST-002260,8543 Jefferson Way,Seattle,WA,70373,47.489988,-122.234079,townhouse,3,3,1527,1925,485000,sold,2025-02-18
LIST-002261,9725 Sunrise Ln,Los Angeles,CA,73803,34.060263,-118.415293,single-family,6,5,2071,2000,990000,active,2024-08-22
LIST-002262,1871 Walnut Blvd,Chicago,IL,93935,41.950425,-87.779735,single-family,2,2,2382,2008,660000,active,2025-06-28
LIST-002263,3100 Valley Pl,Miami,FL,75468,25.582467,-80.311571,single-family,4,4,1046,2013,420000,active,2025-01-08
LIST-002264,5487 Park Ln,Los Angeles,CA,34559,34.095622,-118.20927,multi-family,7,6,2944,2007,1575000,sold,2025-02-23
LIST-002265,74 Sunrise Ave,Seattle,WA,42762,47.683512,-122.402833,multi-family,5,4,2838,1979,1180000,active,2025-09-28
LIST-002266,822 Summer St,Austin,TX,43972,30.235957,-97.61889,single-family,5,5,1070,2017,400000,sold,2025-01-20
LIST-002267,1409 Summer Blvd,Seattle,WA,44047,47.606408,-122.034043,condo,0,1,643,1913,175000,pending,2024-06-27
LIST-002268,1417 Madison Way,San Francisco,CA,54228,37.751173,-122.305652,single-family,4,3,1612,1908,630000,active,2025-08-15
LIST-002269,5244 Jefferson Ave,Los Angeles,CA,66504,34.006936,-118.349457,single-family,4,4,2447,2020,1185000,withdrawn,2025-01-11
LIST-002270,1413 Lincoln Ave,Seattle,WA,87679,47.518361,-122.558793,condo,1,1,1311,1990,475000,sold,2024-12-23
LIST-002271,9530 Walnut Ave,Chicago,IL,62005,41.863183,-87.534981,condo,2,2,1038,1996,220000,sold,2025-02-06
LIST-002272,8301 Mission Ln,Los Angeles,CA,15630,34.012088,-118.143197,single-family,2,2,2575,2005,1250000,active,2024-12-21
LIST-002273,9838 Cedar Dr,Austin,TX,34460,30.414681,-97.765007,single-family,6,5,1410,1969,300000,sold,2025-04-25
LIST-002274,5144 Walnut Blvd,Austin,TX,26220,30.192195,-97.896526,townhouse,2,1,2019,1939,580000,sold,2025-07-22
LIST-002275,3873 Valley Blvd,Austin,TX,79942,30.433557,-97.712051,single-family,3,3,865,1927,155000,sold,2026-03-13
LIST-002276,1348 Mission Dr,Denver,CO,61519,39.953715,-105.038363,condo,1,1,1032,2012,365000,active,2024-09-13
LIST-002277,2215 Washington Dr,New York,NY,13884,40.802309,-74.009718,single-family,4,4,2132,2002,875000,sold,2025-02-23
LIST-002278,8842 Spring Pl,Chicago,IL,71573,41.783035,-87.834138,condo,3,3,1414,2016,470000,sold,2026-04-07
LIST-002279,315 Spring Pl,Denver,CO,58545,39.81912,-104.963811,condo,1,1,1153,1930,315000,sold,2026-03-17
LIST-002280,8723 Lincoln Dr,New York,NY,67261,40.738387,-74.113846,condo,1,2,1018,1923,385000,active,2024-06-20
LIST-002281,6257 Mission Dr,Chicago,IL,77015,41.965485,-87.804843,condo,1,1,1019,1971,265000,sold,2024-09-09
LIST-002282,3815 Lake Pl,New York,NY,45939,40.742972,-74.237806,single-family,5,5,2448,1961,1310000,sold,2024-05-31
LIST-002283,5129 Spring Pl,Miami,FL,35056,25.654401,-80.207661,condo,1,2,1376,1974,480000,sold,2025-09-18
LIST-002284,9477 Washington Ct,Austin,TX,48998,30.319902,-97.883875,multi-family,4,3,3609,1961,875000,sold,2025-07-03
LIST-002285,4224 Jefferson Ln,Los Angeles,CA,56976,33.95677,-118.132621,single-family,5,5,2151,2019,770000,pending,2025-07-24
LIST-002286,5374 Washington Ave,Austin,TX,34763,30.323538,-97.622091,townhouse,4,3,1407,1943,275000,sold,2026-01-31
LIST-002287,3784 Autumn Ct,Los Angeles,CA,54908,33.992395,-118.20007,condo,2,3,1089,1912,265000,sold,2024-12-26
LIST-002288,4283 Birch Ct,Los Angeles,CA,28659,34.032707,-118.478933,single-family,4,4,800,1932,215000,active,2026-03-17
LIST-002289,1323 Sunset Ave,New York,NY,24684,40.555664,-74.009033,condo,0,1,1337,1986,560000,sold,2025-06-28
LIST-002290,1976 Pine Blvd,New York,NY,51963,40.797606,-74.26012,condo,1,2,1810,2010,885000,sold,2025-10-12
LIST-002291,8265 River Blvd,Seattle,WA,12116,47.495567,-122.424122,single-family,5,5,2563,2007,1295000,active,2024-07-21
LIST-002292,316 Hill Ct,New York,NY,22520,40.665241,-73.977425,condo,2,2,1209,1903,335000,sold,2025-06-18
LIST-002293,4299 Forest Ave,Los Angeles,CA,15969,34.004621,-118.502619,condo,0,1,844,1990,315000,sold,2025-04-13
LIST-002294,2113 Maple Ln,Seattle,WA,11408,47.442715,-122.383045,condo,1,2,1098,1908,280000,sold,2025-05-07
LIST-002295,6483 Maple Ave,Los Angeles,CA,12727,33.926568,-118.239484,single-family,3,2,2003,1952,690000,sold,2026-01-16
LIST-002296,2414 Market Blvd,San Francisco,CA,16202,37.813053,-122.273105,single-family,4,3,2364,2022,1665000,sold,2024-08-12
LIST-002297,9173 Lincoln Pl,Austin,TX,88631,30.158549,-97.585754,condo,3,4,1351,1999,320000,sold,2025-12-15
LIST-002298,1262 Birch Dr,Austin,TX,72964,30.362336,-97.965568,single-family,5,4,2397,2017,700000,active,2025-05-24
LIST-002299,8223 Forest Ave,Chicago,IL,43149,41.942302,-87.64571,single-family,5,5,2788,1928,445000,pending,2025-07-30
LIST-002300,666 Hill Ave,Chicago,IL,50854,41.972681,-87.86683,single-family,2,2,2284,1963,650000,sold,2025-03-09
LIST-002301,4579 Valley Dr,Los Angeles,CA,14321,33.986347,-118.071996,single-family,3,3,2180,1941,675000,pending,2024-08-17
LIST-002302,148 Birch St,Miami,FL,65112,25.598734,-80.130555,condo,2,3,728,2020,270000,sold,2026-02-18
LIST-002303,5246 Ridge Ln,Austin,TX,54115,30.464371,-97.627316,single-family,5,4,2458,1944,555000,sold,2025-11-10
LIST-002304,9640 Elm Blvd,New York,NY,78895,40.515312,-73.921663,townhouse,4,3,2260,1958,1000000,expired,2026-03-11
LIST-002305,1124 Cedar Blvd,New York,NY,91074,40.728326,-74.270818,single-family,2,1,2267,1901,960000,active,2025-12-09
LIST-002306,6708 Sunrise Ave,Los Angeles,CA,50714,33.983543,-118.213036,condo,0,1,655,1935,180000,sold,2025-10-22
LIST-002307,1893 Autumn St,Denver,CO,64319,39.722454,-104.843389,multi-family,5,4,2593,1963,560000,active,2025-07-01
LIST-002308,487 Sunset Dr,New York,NY,96456,40.556796,-73.961624,single-family,3,3,3482,1941,1440000,active,2024-12-08
LIST-002309,3738 Madison Ave,San Francisco,CA,17477,37.663638,-122.639391,condo,3,3,1078,1986,480000,active,2025-12-24
LIST-002310,1995 Cedar Dr,Miami,FL,47029,25.637707,-80.285114,condo,1,2,1647,2007,635000,active,2024-05-18
LIST-002311,2730 Sunset Way,San Francisco,CA,76860,37.792884,-122.621946,single-family,3,3,2506,1945,1320000,sold,2024-07-15
LIST-002312,6257 Autumn Pl,Chicago,IL,30258,41.66743,-87.584311,single-family,4,4,2336,2015,730000,active,2025-11-18
LIST-002313,1098 Cedar St,Los Angeles,CA,54113,34.112754,-118.501619,condo,2,3,1184,1983,525000,active,2024-06-26
LIST-002314,5077 Ridge Blvd,Chicago,IL,33138,41.915532,-87.626136,single-family,5,5,2300,1906,480000,pending,2024-08-08
LIST-002315,6716 Cedar Way,Chicago,IL,25718,42.009757,-87.716487,condo,1,1,966,1933,215000,pending,2025-03-26
LIST-002316,7195 Winter Way,Austin,TX,53181,30.228938,-97.943795,single-family,3,2,2399,2001,775000,sold,2026-02-21
LIST-002317,2198 Walnut Way,Denver,CO,33982,39.652314,-105.01183,condo,2,3,1559,1974,505000,sold,2024-05-25
LIST-002318,8133 Park St,Denver,CO,54048,39.818413,-105.190984,single-family,3,2,2826,2012,970000,sold,2024-05-24
LIST-002319,7765 Sunrise Pl,New York,NY,46765,40.522483,-74.019391,condo,3,3,761,2005,360000,active,2024-09-18
LIST-002320,152 River Blvd,Denver,CO,16929,39.840666,-105.074334,condo,2,2,1505,1931,280000,sold,2026-01-17
LIST-002321,4765 Mission Ct,Seattle,WA,83724,47.723243,-122.156515,condo,3,4,964,1959,355000,sold,2026-01-24
LIST-002322,9890 Forest St,San Francisco,CA,56429,37.826598,-122.35698,townhouse,3,3,1904,1959,820000,pending,2026-01-20
LIST-002323,1716 Spring Pl,San Francisco,CA,27835,37.642048,-122.50306,multi-family,5,5,3923,1959,1575000,sold,2025-03-05
LIST-002324,9799 Madison Ln,Los Angeles,CA,86610,33.989671,-118.184581,single-family,3,2,1272,1907,410000,active,2025-10-11
LIST-002325,5517 Autumn Ln,New York,NY,64282,40.501565,-73.934315,condo,1,1,1105,2008,590000,withdrawn,2025-07-17
LIST-002326,4726 Market Blvd,Chicago,IL,24312,41.75931,-87.422361,condo,3,3,1230,2012,280000,sold,2024-09-27
LIST-002327,1687 Sunset Ct,Seattle,WA,26953,47.61606,-122.224085,townhouse,4,3,1893,1976,865000,pending,2025-09-30
LIST-002328,6199 Hill Ave,New York,NY,20586,40.827835,-73.976655,condo,0,1,997,2018,520000,sold,2024-07-17
LIST-002329,5851 Elm Blvd,New York,NY,93418,40.582523,-73.77011,townhouse,4,4,1167,1904,410000,sold,2025-10-10
LIST-002330,3765 Mission Pl,Seattle,WA,38445,47.415739,-122.176798,single-family,4,4,1937,1926,635000,pending,2024-11-22
LIST-002331,33 Sunrise Pl,Los Angeles,CA,11562,34.009153,-118.479276,single-family,3,2,2197,1910,780000,pending,2024-06-01
LIST-002332,5634 Walnut Pl,Austin,TX,97357,30.287499,-97.679443,condo,2,2,708,1989,200000,expired,2025-07-17
LIST-002333,9321 Lake St,San Francisco,CA,13974,37.563271,-122.37941,single-family,2,1,2420,1971,1110000,sold,2024-10-20
LIST-002334,5111 Madison Way,Seattle,WA,46065,47.617232,-122.180045,single-family,3,3,2799,2025,1020000,sold,2024-09-27
LIST-002335,7744 Birch Blvd,San Francisco,CA,10033,37.894397,-122.181477,condo,2,2,1321,1967,580000,sold,2024-05-15
LIST-002336,629 Birch Dr,San Francisco,CA,52382,37.594396,-122.387029,townhouse,2,1,1157,1944,475000,sold,2025-09-12
LIST-002337,9034 Madison St,Los Angeles,CA,31934,34.127771,-118.471181,townhouse,4,3,1886,1946,660000,sold,2024-10-01
LIST-002338,3631 Maple St,Miami,FL,46657,25.919569,-80.344413,single-family,2,1,2001,1943,460000,expired,2025-11-22
LIST-002339,4870 Washington Pl,Seattle,WA,49801,47.448442,-122.20952,condo,3,4,988,1900,280000,sold,2024-07-15
LIST-002340,2055 Valley Blvd,San Francisco,CA,23681,37.679319,-122.34509,single-family,5,5,1602,1957,690000,sold,2025-01-19
LIST-002341,6335 Ridge Dr,San Francisco,CA,23899,37.949983,-122.543252,condo,2,2,1058,2022,725000,withdrawn,2024-08-22
LIST-002342,559 Sunset Ct,New York,NY,59500,40.765678,-73.785708,condo,2,3,1182,2000,720000,withdrawn,2025-12-06
LIST-002343,2487 Forest Ln,Chicago,IL,67246,42.005759,-87.82455,condo,2,2,705,2022,225000,active,2025-09-14
LIST-002344,4576 Lincoln Dr,New York,NY,19500,40.599606,-74.154987,condo,3,3,1237,2014,615000,sold,2024-06-10
LIST-002345,4806 Oak Pl,New York,NY,45442,40.70837,-74.104157,single-family,6,6,2515,1931,1245000,sold,2024-05-12
LIST-002346,832 Winter Dr,Chicago,IL,87265,41.821587,-87.517451,condo,3,4,996,2000,275000,expired,2026-03-31
LIST-002347,89 Maple Way,Austin,TX,30224,30.385856,-97.52949,multi-family,6,5,3762,2014,1150000,active,2024-06-26
LIST-002348,123 Lincoln St,Seattle,WA,60903,47.463968,-122.441443,condo,0,1,1292,1918,420000,active,2025-12-24
LIST-002349,6656 Park Dr,New York,NY,42229,40.582909,-73.996413,single-family,5,5,1968,1925,920000,active,2026-01-28
LIST-002350,6992 Oak St,San Francisco,CA,75317,37.627016,-122.336592,townhouse,3,2,1443,2010,970000,sold,2024-05-22
LIST-002351,5070 Valley Dr,Denver,CO,96569,39.916284,-104.824498,single-family,3,3,2205,1906,535000,sold,2024-07-01
LIST-002352,7841 Spring Pl,Seattle,WA,20398,47.526611,-122.518933,condo,3,4,1045,2016,490000,sold,2026-03-11
LIST-002353,8022 Madison Way,Miami,FL,18790,25.747577,-80.419431,single-family,4,3,1440,1937,470000,sold,2024-12-25
LIST-002354,2244 Walnut Dr,New York,NY,20768,40.712023,-73.770577,condo,3,4,1257,1926,545000,sold,2024-09-11
LIST-002355,120 Valley Ln,Chicago,IL,28168,41.932376,-87.849426,townhouse,2,2,1425,1901,250000,sold,2024-10-12
LIST-002356,6233 River St,New York,NY,70903,40.73466,-74.154314,single-family,5,5,3068,1946,1520000,sold,2024-07-25
LIST-002357,6555 Lake Pl,Los Angeles,CA,97472,33.928858,-118.336994,single-family,2,2,1195,1939,390000,sold,2025-05-17
LIST-002358,2298 Lincoln Ct,Austin,TX,54829,30.357159,-97.866887,single-family,5,5,2741,1971,680000,active,2025-10-04
LIST-002359,2362 Sunset Way,Los Angeles,CA,75703,34.241441,-118.357248,single-family,4,4,1904,1966,735000,active,2025-07-08
LIST-002360,7668 Autumn Dr,Los Angeles,CA,87976,34.111384,-118.120074,single-family,6,5,2915,1988,960000,sold,2024-09-10
LIST-002361,1447 Ridge Dr,Chicago,IL,31263,41.819811,-87.812505,single-family,5,4,2496,2022,690000,sold,2024-11-07
LIST-002362,8338 Ridge St,San Francisco,CA,24685,37.752661,-122.499596,multi-family,5,5,3837,2005,1790000,active,2026-04-16
LIST-002363,6761 Washington Pl,Seattle,WA,19806,47.495474,-122.365333,single-family,5,4,1459,1945,410000,pending,2025-01-22
LIST-002364,7485 Spring Ave,New York,NY,36177,40.677828,-74.174697,single-family,4,4,2769,2019,1495000,sold,2025-06-29
LIST-002365,8811 Forest Ln,Chicago,IL,85388,42.004666,-87.663469,multi-family,8,7,3794,1926,880000,sold,2026-01-16
LIST-002366,7090 Birch Ln,San Francisco,CA,24528,37.936278,-122.525988,single-family,5,5,2024,1988,945000,sold,2025-07-27
LIST-002367,7960 Lincoln Pl,New York,NY,57433,40.637106,-73.736716,single-family,3,3,1121,2019,630000,active,2025-06-12
LIST-002368,9950 Winter St,Los Angeles,CA,74808,34.029585,-118.430321,condo,0,1,1487,2012,515000,sold,2026-04-23
LIST-002369,9383 Oak Ln,Austin,TX,57884,30.180746,-97.502756,condo,1,1,1384,1958,295000,withdrawn,2024-08-05
LIST-002370,3873 Washington Dr,New York,NY,65708,40.570217,-73.835248,condo,2,2,1791,1923,585000,active,2025-01-17
LIST-002371,5152 Park Ln,New York,NY,17032,40.580289,-74.030235,single-family,3,2,2408,1968,910000,active,2024-10-30
LIST-002372,9844 Walnut Dr,San Francisco,CA,46702,37.838265,-122.293734,single-family,4,3,2421,1924,1205000,pending,2025-05-14
LIST-002373,7943 Cedar Blvd,New York,NY,91229,40.811886,-74.174595,condo,3,4,1097,2018,685000,active,2026-04-05
LIST-002374,7232 River Ave,Los Angeles,CA,56477,34.004269,-118.388377,townhouse,2,1,1735,1960,695000,active,2025-04-04
LIST-002375,5573 Market Dr,Seattle,WA,63252,47.457886,-122.298413,single-family,4,3,1833,1959,780000,active,2025-02-27
LIST-002376,1619 Walnut Ln,Chicago,IL,19040,41.699984,-87.755694,townhouse,4,3,1632,1922,320000,active,2024-08-16
LIST-002377,7324 Sunrise Dr,Miami,FL,33715,25.761993,-80.073815,single-family,3,2,1375,2024,570000,sold,2025-05-27
LIST-002378,7245 Lake Dr,Los Angeles,CA,24371,33.85778,-118.345196,townhouse,4,4,1253,1928,405000,active,2025-08-10
LIST-002379,6425 Mission Way,Chicago,IL,33235,41.798655,-87.38348,condo,0,1,1140,1994,240000,withdrawn,2024-09-23
LIST-002380,2637 Summer Ct,Chicago,IL,42896,41.868213,-87.693201,townhouse,2,1,1541,1932,375000,pending,2024-12-12
LIST-002381,2585 Sunset St,Chicago,IL,75565,41.940988,-87.503289,condo,0,1,933,2017,310000,sold,2025-11-09
LIST-002382,6107 Walnut St,Miami,FL,38612,25.880347,-80.311672,single-family,6,5,2178,1985,750000,active,2026-04-12
LIST-002383,4657 River Way,San Francisco,CA,68450,37.91431,-122.548371,condo,1,1,1328,2010,780000,expired,2026-04-24
LIST-002384,4712 River Way,Denver,CO,38389,39.778718,-104.902525,condo,3,3,1378,1930,295000,sold,2025-09-08
LIST-002385,5131 Sunrise Dr,Chicago,IL,53633,41.771306,-87.891294,townhouse,4,3,2336,1942,455000,sold,2024-10-03
LIST-002386,5891 Spring Way,Los Angeles,CA,84564,34.255965,-118.131752,multi-family,6,6,2680,2000,1290000,expired,2025-03-04
LIST-002387,2298 Pine St,New York,NY,77611,40.747778,-74.190193,single-family,3,3,1606,1923,645000,pending,2024-11-28
LIST-002388,2147 Hill Pl,Chicago,IL,35947,41.951488,-87.714194,single-family,4,3,2268,1945,490000,sold,2025-02-11
LIST-002389,9682 Jefferson Blvd,Seattle,WA,73791,47.649455,-122.301868,single-family,5,4,2186,2008,900000,sold,2024-10-19
LIST-002390,549 Pine Ln,San Francisco,CA,89607,37.829364,-122.205891,condo,1,2,1286,2025,885000,sold,2024-09-07
LIST-002391,8182 River Pl,Chicago,IL,96018,41.678234,-87.730254,single-family,5,4,2164,1969,510000,withdrawn,2025-09-25
LIST-002392,9217 Hill Ct,Austin,TX,89634,30.300476,-97.755382,single-family,3,2,2290,1938,515000,expired,2025-02-18
LIST-002393,9500 Elm Way,New York,NY,79386,40.625993,-74.249403,condo,2,3,951,1987,525000,withdrawn,2024-05-13
LIST-002394,2612 Sunrise Dr,Miami,FL,28710,25.628848,-80.262195,condo,3,4,1195,1996,500000,active,2026-04-10
LIST-002395,4160 Mission Ln,Chicago,IL,98076,41.936506,-87.777037,single-family,6,6,1901,1987,435000,active,2025-12-28
LIST-002396,799 River Ct,New York,NY,60637,40.520229,-73.8583,single-family,4,4,2133,2019,1425000,sold,2025-11-29
LIST-002397,5911 Pine Ct,San Francisco,CA,12491,37.621562,-122.250768,condo,3,3,963,2024,540000,sold,2024-11-14
LIST-002398,1672 Jefferson Dr,Chicago,IL,95953,41.917718,-87.793556,single-family,4,3,1856,1906,400000,expired,2024-10-24
LIST-002399,4068 Mission St,Denver,CO,74727,39.670294,-105.039052,single-family,5,4,1169,1982,390000,withdrawn,2025-05-19
LIST-002400,2521 Hill Ave,San Francisco,CA,33642,37.87613,-122.223756,townhouse,2,2,1329,1949,565000,sold,2025-02-10
LIST-002401,4014 Cedar Ct,Los Angeles,CA,73574,34.146452,-118.298827,single-family,5,5,1884,1900,575000,active,2024-09-08
LIST-002402,6544 Lincoln St,Denver,CO,73695,39.771242,-104.954758,condo,0,1,875,2021,255000,sold,2025-04-20
LIST-002403,8686 Hill Ln,San Francisco,CA,48538,37.788327,-122.40619,condo,0,1,904,2022,670000,sold,2024-09-13
LIST-002404,1870 Sunset St,New York,NY,67063,40.513776,-74.023038,condo,0,1,1292,1909,430000,sold,2024-12-23
LIST-002405,8944 Summer Dr,New York,NY,78114,40.534096,-73.932977,single-family,3,3,3060,1906,875000,active,2025-11-21
LIST-002406,3527 Elm Ln,Los Angeles,CA,59107,33.93234,-118.421994,single-family,3,3,1456,1914,430000,sold,2024-05-20
LIST-002407,1627 Forest Pl,Austin,TX,21568,30.374258,-97.595483,condo,2,3,931,1918,215000,active,2024-09-05
LIST-002408,8292 Cedar Ave,Chicago,IL,20936,41.975108,-87.407509,multi-family,5,5,3343,2013,880000,sold,2024-07-18
LIST-002409,7092 Sunset Dr,Miami,FL,43631,25.542348,-80.142607,condo,3,3,1134,1940,270000,active,2025-03-05
LIST-002410,205 Lake Dr,Miami,FL,13035,25.851696,-80.16561,condo,0,1,1089,2003,480000,pending,2025-09-10
LIST-002411,8028 Sunset St,San Francisco,CA,81794,37.804692,-122.621771,single-family,4,4,1089,1900,440000,sold,2024-09-05
LIST-002412,6444 Ridge Ln,Los Angeles,CA,13105,34.051698,-118.052142,single-family,5,5,2447,1993,805000,sold,2024-10-24
LIST-002413,2263 Jefferson Blvd,Miami,FL,41768,25.630678,-80.200895,single-family,2,2,1741,1921,460000,sold,2025-04-09
LIST-002414,7008 Walnut Ct,Chicago,IL,35333,41.849464,-87.726237,townhouse,2,2,1703,1946,305000,sold,2024-06-19
LIST-002415,7786 Autumn Ave,Denver,CO,45804,39.694309,-105.043724,single-family,2,2,1901,1908,330000,sold,2025-11-06
LIST-002416,1477 Elm Ln,Austin,TX,35590,30.192106,-97.897314,single-family,4,3,2674,1972,695000,sold,2025-03-11
LIST-002417,4505 Park Ct,Miami,FL,26291,25.681135,-80.33324,single-family,4,4,2797,1984,980000,sold,2026-04-10
LIST-002418,9320 Birch Ave,Denver,CO,22639,39.556004,-104.936611,single-family,2,1,1823,1916,365000,pending,2024-05-23
LIST-002419,8280 Elm Pl,Seattle,WA,40146,47.71725,-122.248045,townhouse,3,3,1858,1926,590000,active,2025-01-27
LIST-002420,9251 Jefferson Pl,Seattle,WA,79745,47.659956,-122.426003,condo,0,1,1225,1945,435000,sold,2024-09-19
LIST-002421,270 Elm Ln,Miami,FL,71944,25.626433,-80.193717,single-family,5,5,1202,1924,285000,sold,2025-10-27
LIST-002422,4695 Ridge Blvd,San Francisco,CA,60347,37.784254,-122.162343,single-family,5,5,1263,1991,760000,sold,2025-12-16
LIST-002423,2558 Sunrise Dr,Austin,TX,69503,30.162116,-97.788845,single-family,5,4,2402,1909,510000,sold,2025-09-26
LIST-002424,3195 Hill Ln,Los Angeles,CA,23678,34.086055,-117.977628,single-family,4,4,2425,2020,1070000,active,2026-02-21
LIST-002425,2817 Autumn Ct,Miami,FL,64473,25.733898,-80.271455,single-family,4,3,1929,1988,830000,active,2026-03-10
LIST-002426,3342 Ridge Ln,Los Angeles,CA,95512,33.983072,-118.148384,single-family,4,3,1671,1946,560000,sold,2025-11-26
LIST-002427,8717 Spring Ln,New York,NY,20623,40.764331,-73.953093,single-family,6,5,1892,1961,915000,active,2026-01-22
LIST-002428,8056 Mission Blvd,San Francisco,CA,63460,37.719586,-122.205191,single-family,2,1,2848,1909,1000000,active,2026-04-07
LIST-002429,9347 Autumn Ave,New York,NY,74991,40.669201,-73.771441,condo,3,4,910,1927,385000,sold,2025-06-15
LIST-002430,4564 Sunrise Blvd,Los Angeles,CA,79341,34.245166,-118.149526,single-family,2,1,2247,1947,990000,sold,2026-01-09
LIST-002431,4922 Hill Pl,New York,NY,42898,40.916273,-73.921166,multi-family,8,8,3116,1909,890000,sold,2024-08-17
LIST-002432,227 Forest Ct,Denver,CO,45212,39.923305,-105.022873,townhouse,3,3,2355,1995,565000,sold,2024-06-25
LIST-002433,8055 Washington St,Austin,TX,18370,30.397556,-97.611326,single-family,6,5,2131,1939,530000,sold,2024-08-23
LIST-002434,3139 Pine Ct,Seattle,WA,51736,,,condo,3,4,1425,1974,410000,active,2024-09-05
LIST-002435,2199 Cedar Blvd,San Francisco,CA,77035,37.790463,-122.69047,single-family,5,5,1075,1969,545000,expired,2026-02-28
LIST-002436,7426 Madison Ln,San Francisco,CA,59902,37.898353,-122.333602,condo,2,3,904,1904,425000,sold,2025-12-14
LIST-002437,8746 Forest Ave,San Francisco,CA,42334,37.644204,-122.639139,single-family,4,3,2491,1982,1370000,sold,2024-09-09
LIST-002438,8034 Spring Blvd,Austin,TX,67254,30.176574,-97.628818,single-family,4,3,2552,1958,795000,sold,2025-10-24
LIST-002439,9926 Ridge Ave,Chicago,IL,58361,41.863077,-87.58268,single-family,5,5,1606,1960,340000,sold,2024-06-01
LIST-002440,9046 Mission Ct,Los Angeles,CA,27480,34.133411,-118.461487,single-family,2,2,2508,1943,1085000,sold,2024-05-20
LIST-002441,1351 Autumn Blvd,Chicago,IL,73723,41.680749,-87.495868,single-family,6,5,2223,1959,610000,pending,2026-04-05
LIST-002442,2150 Ridge Way,San Francisco,CA,78995,37.757835,-122.337377,single-family,3,2,2599,1939,1425000,active,2024-07-20
LIST-002443,9688 Park St,Chicago,IL,69396,41.845706,-87.569152,condo,1,2,909,2002,215000,active,2025-12-22
LIST-002444,5787 Summer Blvd,Miami,FL,43031,25.595466,-80.086297,condo,2,2,1293,1941,375000,active,2026-03-12
LIST-002445,2595 Sunrise Blvd,Los Angeles,CA,52548,34.139323,-118.282931,townhouse,4,3,1079,2008,510000,active,2025-05-17
LIST-002446,9246 Washington St,Chicago,IL,98951,41.889539,-87.85617,multi-family,6,6,3889,1926,895000,pending,2024-11-14
LIST-002447,6806 Lincoln Way,San Francisco,CA,26895,37.670835,-122.641298,single-family,2,1,2869,1997,1360000,sold,2024-07-03
LIST-002448,4668 Forest Ave,Seattle,WA,42460,47.672552,-122.493476,single-family,2,2,2104,1986,985000,sold,2025-02-16
LIST-002449,8172 Madison Pl,Los Angeles,CA,19037,34.049597,-118.474823,single-family,2,1,2483,1931,725000,sold,2024-06-29
LIST-002450,1090 Sunrise Ave,Los Angeles,CA,23423,34.088795,-118.15051,single-family,4,4,2567,1984,920000,sold,2024-12-09
LIST-002451,7053 Oak Blvd,Miami,FL,65002,25.954601,-80.124771,single-family,3,3,1519,1936,355000,sold,2024-11-11
LIST-002452,6817 Sunrise Ct,Austin,TX,86067,30.422834,-97.845089,single-family,5,5,2083,1993,505000,withdrawn,2024-05-25
LIST-002453,8271 Cedar Way,Denver,CO,17624,39.590759,-104.94559,single-family,5,4,2163,1939,500000,active,2025-08-23
LIST-002454,3860 Oak Blvd,Miami,FL,51305,25.817458,-79.992594,condo,0,1,770,1906,160000,sold,2025-07-20
LIST-002455,2357 River Ln,Los Angeles,CA,13734,33.987688,-118.354936,townhouse,2,1,1204,1939,510000,sold,2025-01-17
LIST-002456,8317 Sunrise Ct,San Francisco,CA,48922,37.798619,-122.521154,single-family,5,4,800,1991,375000,sold,2024-08-04
LIST-002457,903 Elm Ln,San Francisco,CA,85877,37.954378,-122.574823,single-family,4,4,2055,1917,865000,sold,2026-03-24
LIST-002458,3389 Sunset Pl,San Francisco,CA,57346,37.851929,-122.610506,townhouse,3,3,1394,1985,615000,active,2026-01-10
LIST-002459,1362 River Way,Miami,FL,89082,25.675161,-80.220503,single-family,6,6,1042,1991,385000,expired,2026-02-04
LIST-002460,5276 Birch Dr,Chicago,IL,66696,41.862468,-87.705364,condo,2,2,756,1950,180000,active,2024-12-18
LIST-002461,4198 Sunrise St,Miami,FL,80561,25.760849,-80.172606,multi-family,5,4,4746,2012,2100000,sold,2025-05-20
LIST-002462,3753 Forest Pl,Miami,FL,15700,25.604947,-80.158514,single-family,4,4,911,1915,285000,pending,2025-04-16
LIST-002463,8124 Hill Ln,San Francisco,CA,14253,37.674702,-122.229584,single-family,3,3,2960,1985,1335000,sold,2025-11-04
LIST-002464,1448 River Ln,Austin,TX,91013,30.19897,-97.893262,single-family,2,2,2424,1984,615000,sold,2025-07-31
LIST-002465,5827 Market St,Los Angeles,CA,54361,34.108576,-118.104834,single-family,3,3,2790,1996,1145000,sold,2025-05-26
LIST-002466,1336 Forest Ct,Seattle,WA,64510,47.396232,-122.373568,single-family,4,3,1357,1995,535000,sold,2025-02-08
LIST-002467,6781 Cedar Ave,Denver,CO,58561,39.684537,-104.778409,single-family,3,2,2506,1932,575000,active,2025-07-16
LIST-002468,6630 Pine Blvd,Los Angeles,CA,58915,33.90349,-118.138048,single-family,3,2,1921,2016,825000,active,2024-08-24
LIST-002469,8324 Mission Ct,San Francisco,CA,78890,37.753037,-122.524444,townhouse,3,2,1068,2012,620000,sold,2024-12-23
LIST-002470,3011 Elm Way,Austin,TX,60945,30.208625,-97.708468,single-family,4,4,1738,1963,475000,active,2024-10-07
LIST-002471,1778 Winter Ave,Miami,FL,73944,25.591737,-80.091051,single-family,2,2,2424,1975,970000,sold,2024-07-25
LIST-002472,2857 Walnut St,Chicago,IL,65058,41.735746,-87.532757,single-family,2,1,2464,1985,580000,sold,2024-05-04
LIST-002473,4891 Maple St,Seattle,WA,18504,,,condo,2,2,807,1937,220000,sold,2024-12-27
LIST-002474,5332 Birch Dr,Los Angeles,CA,59930,33.861595,-118.197975,single-family,3,2,2695,1998,1180000,sold,2024-12-23
LIST-002475,9556 Park Ct,Miami,FL,98158,25.941945,-80.080355,condo,1,2,1136,1900,305000,sold,2026-01-31
LIST-002476,9887 Maple Dr,New York,NY,20302,40.543446,-74.098023,single-family,2,2,3733,1912,1490000,active,2025-12-13
LIST-002477,4595 Park St,Chicago,IL,52777,41.763232,-87.507382,single-family,6,5,1391,1983,310000,sold,2026-02-19
LIST-002478,3252 Market Ave,Los Angeles,CA,55224,33.82989,-118.229078,single-family,3,2,2188,1903,755000,sold,2024-10-17
LIST-002479,6609 Madison Pl,Austin,TX,42705,30.266679,-97.640336,single-family,5,4,1128,1974,320000,active,2026-01-17
LIST-002480,8210 Lake Blvd,Denver,CO,81016,39.878,-104.909401,condo,3,4,1389,1936,395000,sold,2026-01-08
LIST-002481,1472 Hill Ct,Miami,FL,64218,25.587427,-80.198285,single-family,3,3,2295,1915,545000,sold,2025-05-21
LIST-002482,9307 Mission Way,Austin,TX,60689,30.181127,-97.609581,single-family,4,4,1970,1965,610000,active,2024-08-12
LIST-002483,5250 Sunset Pl,Chicago,IL,43557,41.703445,-87.728787,condo,1,1,882,1999,210000,sold,2025-11-30
LIST-002484,9555 Pine Way,Miami,FL,14451,25.908004,-80.379742,single-family,3,2,1922,1943,605000,active,2025-11-24
LIST-002485,6295 Autumn St,Chicago,IL,87483,41.871873,-87.886383,single-family,3,3,1299,1994,385000,pending,2026-04-27
LIST-002486,572 Spring Pl,New York,NY,97995,40.675644,-73.785247,single-family,5,5,1757,1953,730000,sold,2025-01-10
LIST-002487,1102 Elm St,Denver,CO,81975,39.531163,-104.879909,single-family,3,3,3160,2018,1100000,active,2026-04-30
LIST-002488,4109 Madison Dr,Austin,TX,68169,30.113725,-97.655247,townhouse,3,3,1202,1956,255000,active,2025-09-15
LIST-002489,8023 Sunrise St,New York,NY,35400,40.591665,-73.918831,single-family,2,2,1593,1941,665000,active,2026-03-01
LIST-002490,6984 Jefferson Pl,Los Angeles,CA,54789,33.918083,-118.191768,condo,0,1,1460,1992,645000,sold,2025-11-28
LIST-002491,6884 Birch Way,Austin,TX,33081,30.20858,-97.851672,condo,3,3,1265,1927,345000,active,2025-08-02
LIST-002492,5178 Washington Pl,Los Angeles,CA,48519,33.893906,-118.253782,single-family,2,1,2226,1966,685000,active,2024-07-10
LIST-002493,3807 Mission Ln,Miami,FL,43768,25.787045,-80.187238,townhouse,4,4,2590,1957,705000,sold,2025-01-04
LIST-002494,9420 Madison Way,Austin,TX,23714,30.334272,-97.858069,condo,1,1,955,1981,320000,sold,2024-12-01
LIST-002495,2879 Lake Ave,New York,NY,95818,40.838932,-73.930635,single-family,2,2,2638,1916,1200000,sold,2024-11-13
LIST-002496,1043 Elm Way,San Francisco,CA,96747,37.582863,-122.558839,single-family,4,3,1958,2010,1330000,sold,2024-09-06
LIST-002497,604 Mission Ct,Chicago,IL,61011,41.865094,-87.867619,condo,1,1,1345,1990,335000,sold,2025-04-29
LIST-002498,7716 Jefferson Dr,Miami,FL,37846,25.557353,-80.225677,townhouse,2,2,2092,1999,920000,pending,2025-09-16
LIST-002499,7345 Spring St,Denver,CO,93052,39.680513,-105.127328,condo,0,1,793,1920,195000,sold,2024-10-06
LIST-002500,3654 Hill Ave,Los Angeles,CA,82211,34.061578,-118.008222,single-family,2,1,2059,1915,605000,pending,2024-07-02
LIST-002501,9951 Birch St,San Francisco,CA,97148,37.642028,-122.31993,single-family,5,4,2483,1975,1120000,sold,2026-03-10
LIST-002502,3052 Hill St,New York,NY,91821,40.74326,-73.945993,multi-family,7,6,2419,2002,1230000,active,2025-05-27
LIST-002503,6643 Valley Ct,Los Angeles,CA,70992,34.028487,-118.23193,single-family,2,2,2017,1984,1000000,pending,2025-01-21
LIST-002504,4878 Market Blvd,Seattle,WA,49380,47.531254,-122.203573,condo,2,3,1502,1957,490000,active,2025-04-10
LIST-002505,7814 Hill Dr,New York,NY,51244,40.689047,-74.171975,condo,0,1,1215,1913,505000,active,2024-07-27
LIST-002506,9979 Jefferson Dr,Denver,CO,79737,39.683104,-104.834683,single-family,5,4,1576,1904,355000,active,2025-03-18
LIST-002507,4912 Summer Way,Denver,CO,42587,39.833103,-104.934967,condo,2,2,1044,1962,255000,expired,2024-06-10
LIST-002508,5564 Pine Way,Los Angeles,CA,52077,34.165886,-118.422652,condo,1,2,920,1979,455000,pending,2024-12-03
LIST-002509,2391 Sunset Ave,New York,NY,45303,40.676561,-74.279607,townhouse,4,4,1294,1900,520000,active,2024-09-07
LIST-002510,2956 Walnut Pl,Los Angeles,CA,73098,34.049247,-118.465364,single-family,3,2,2527,1974,1210000,expired,2024-11-11
LIST-002511,2549 Elm Ln,San Francisco,CA,34800,37.670603,-122.224035,multi-family,7,5,3262,1988,1580000,sold,2025-07-18
LIST-002512,3952 Market Ln,San Francisco,CA,61348,37.970218,-122.477885,townhouse,4,4,1032,1917,445000,sold,2026-03-05
LIST-002513,68 Oak Dr,New York,NY,41330,40.643461,-74.007035,single-family,4,3,2786,1921,985000,sold,2026-03-21
LIST-002514,7329 Lincoln Ct,Los Angeles,CA,90264,34.083253,-118.120426,townhouse,4,4,1896,1955,695000,pending,2024-12-22
LIST-002515,6691 Jefferson Way,Los Angeles,CA,32625,34.085894,-118.319562,single-family,5,5,2383,1994,1155000,active,2025-03-21
LIST-002516,8540 Washington Ln,Seattle,WA,81352,47.660652,-122.014845,single-family,2,2,2286,1926,550000,active,2025-02-05
LIST-002517,2504 Madison St,Seattle,WA,30669,47.494735,-122.609177,single-family,2,1,2132,1970,710000,active,2025-04-30
LIST-002518,7106 Autumn Dr,Los Angeles,CA,20582,34.131473,-118.322298,single-family,2,1,2204,2000,1130000,sold,2025-07-18
LIST-002519,2364 Madison Ln,Los Angeles,CA,59197,34.083389,-118.027453,multi-family,4,4,3465,2021,1755000,pending,2024-10-30
LIST-002520,5777 Pine Ave,Los Angeles,CA,31343,34.16633,-118.176356,condo,2,2,1062,2016,580000,expired,2024-08-27
LIST-002521,9695 Maple Ave,Chicago,IL,10803,41.719349,-87.666389,single-family,5,4,2084,2001,445000,sold,2026-03-24
LIST-002522,4555 Pine St,Seattle,WA,27576,47.515998,-122.107493,single-family,6,6,1115,2016,550000,pending,2026-01-28
LIST-002523,3474 Winter Dr,Seattle,WA,99560,47.435227,-122.406965,single-family,5,5,2296,1909,635000,active,2024-09-16
LIST-002524,6151 Maple Blvd,Los Angeles,CA,32483,34.163434,-118.435653,single-family,2,2,1823,1982,895000,sold,2025-12-09
LIST-002525,8195 Winter Ave,Los Angeles,CA,36109,34.234677,-118.256904,condo,0,1,977,1969,355000,withdrawn,2025-09-23
LIST-002526,9496 Elm Blvd,Los Angeles,CA,31736,33.98262,-118.055469,single-family,2,2,2208,1972,1045000,sold,2025-10-22
LIST-002527,6440 Jefferson St,San Francisco,CA,24504,37.575834,-122.431507,condo,0,1,1046,1975,660000,sold,2024-08-16
LIST-002528,2236 Ridge Ave,San Francisco,CA,39880,37.598528,-122.291298,single-family,4,4,1946,2008,1085000,active,2025-11-24
LIST-002529,8297 Valley Ln,Los Angeles,CA,41419,34.064683,-118.033537,single-family,3,2,3065,1962,1035000,pending,2024-08-27
LIST-002530,2539 Summer Way,San Francisco,CA,86550,37.979023,-122.505452,multi-family,5,4,3581,1982,1895000,active,2025-08-07
LIST-002531,5241 Autumn St,Austin,TX,95046,30.272122,-97.707459,single-family,5,4,2313,1952,615000,sold,2025-08-02
LIST-002532,2062 Walnut Pl,Los Angeles,CA,51281,34.078119,-118.30071,townhouse,4,3,1403,1984,470000,sold,2026-02-09
LIST-002533,171 Maple Dr,Denver,CO,73494,39.6843,-105.052678,single-family,4,3,1196,1972,275000,active,2024-08-05
LIST-002534,7855 Valley Ln,Austin,TX,73801,30.134772,-97.770231,townhouse,4,3,1812,2017,680000,pending,2025-10-06
LIST-002535,9157 Cedar St,Chicago,IL,23570,42.013126,-87.694281,single-family,3,2,1950,1937,480000,sold,2024-11-21
LIST-002536,5025 Walnut Dr,Los Angeles,CA,91939,34.091768,-118.054213,condo,2,2,1171,1916,420000,sold,2025-07-29
LIST-002537,3565 Market Ave,Miami,FL,83258,25.838224,-80.182033,single-family,4,3,2672,1988,1120000,sold,2024-12-11
LIST-002538,4394 Elm Dr,Seattle,WA,41995,47.465204,-122.362855,single-family,3,2,2006,2006,890000,active,2025-01-18
LIST-002539,3093 Elm Pl,Austin,TX,80424,30.294003,-97.624728,condo,2,3,770,2012,270000,active,2025-09-20
LIST-002540,3314 Market Pl,New York,NY,45695,40.793091,-74.126034,single-family,4,3,2832,2006,1655000,sold,2025-01-11
LIST-002541,5521 Lincoln Pl,Miami,FL,61034,25.764649,-80.239754,multi-family,4,2,4081,1908,1095000,pending,2026-01-06
LIST-002542,6587 Jefferson Ave,New York,NY,36947,40.631273,-73.91111,condo,0,1,1064,1998,595000,active,2025-05-01
LIST-002543,2656 Autumn Ave,New York,NY,72102,40.708538,-74.219964,single-family,2,1,2609,1979,1345000,sold,2024-05-25
LIST-002544,5257 Madison Pl,New York,NY,87095,40.75542,-74.209066,single-family,5,5,1990,1986,1090000,expired,2025-07-22
LIST-002545,6318 Park Pl,Los Angeles,CA,24467,34.000617,-118.081113,single-family,2,1,1576,1971,740000,sold,2026-04-25
LIST-002546,8347 Lake Blvd,Austin,TX,94061,30.419678,-97.664485,multi-family,8,8,3029,1921,770000,sold,2025-08-28
LIST-002547,3177 Sunset Dr,Los Angeles,CA,53874,33.860986,-118.375339,condo,3,4,964,1989,375000,expired,2025-12-26
LIST-002548,2029 Forest Ln,San Francisco,CA,12857,37.819311,-122.171661,townhouse,2,2,1665,1967,805000,sold,2025-05-19
LIST-002549,2025 Oak Ct,Los Angeles,CA,15916,34.16122,-118.431186,single-family,4,4,3093,1934,830000,sold,2025-03-15
LIST-002550,5419 Summer Ln,Los Angeles,CA,83638,33.865784,-118.16195,multi-family,7,7,3239,1974,1240000,sold,2024-09-15
LIST-002551,7881 Spring Dr,San Francisco,CA,94158,37.764893,-122.692998,single-family,6,5,1223,1919,630000,pending,2026-01-10
LIST-002552,3997 Market Pl,Miami,FL,70482,25.826203,-80.334553,single-family,4,3,1648,1993,705000,sold,2026-02-09
LIST-002553,5315 Walnut Ct,New York,NY,70239,40.827377,-74.245827,single-family,6,6,1520,1907,625000,sold,2025-05-20
LIST-002554,974 Oak Ln,San Francisco,CA,59416,37.597529,-122.384529,townhouse,4,4,2201,1932,805000,withdrawn,2025-01-28
LIST-002555,7689 Cedar Pl,San Francisco,CA,68704,37.595173,-122.273106,single-family,5,4,1689,1900,655000,expired,2026-03-16
LIST-002556,3461 Madison Ave,Seattle,WA,13082,47.517302,-122.076491,single-family,4,4,2649,1989,1020000,sold,2025-08-15
LIST-002557,5229 Madison Ln,Denver,CO,40426,39.553644,-104.931332,single-family,3,2,3059,1939,670000,active,2025-09-10
LIST-002558,744 Market Dr,New York,NY,30653,40.595895,-73.988965,single-family,2,1,2312,1949,1145000,expired,2025-06-02
LIST-002559,7731 Hill Ave,Seattle,WA,91766,47.594776,-122.377988,single-family,4,4,1900,2016,650000,active,2025-10-27
LIST-002560,3848 Summer Blvd,New York,NY,95981,,,single-family,5,4,1772,1956,765000,expired,2024-12-09
LIST-002561,7650 Jefferson St,Los Angeles,CA,66929,33.949113,-118.419391,condo,3,3,1053,1989,370000,expired,2025-11-30
LIST-002562,9186 River Ln,Los Angeles,CA,68141,34.065857,-117.987856,multi-family,4,3,3911,1957,1280000,active,2025-02-18
LIST-002563,2573 Washington Way,Los Angeles,CA,57732,34.18963,-118.059365,single-family,2,2,800,1944,305000,expired,2024-05-07
LIST-002564,8958 Lincoln Ct,San Francisco,CA,86354,37.632875,-122.411166,condo,2,3,1444,1998,725000,withdrawn,2025-07-30
LIST-002565,1441 Sunrise Pl,Chicago,IL,55329,41.788009,-87.363887,single-family,3,2,2113,1904,365000,active,2025-09-29
LIST-002566,4386 Winter Ln,Austin,TX,69551,30.357604,-97.860336,single-family,6,5,2736,1975,685000,active,2024-09-12
LIST-002567,5250 Birch Ct,Miami,FL,99554,25.68278,-80.306796,condo,3,3,1207,1934,330000,active,2024-12-02
LIST-002568,1781 Elm Pl,Miami,FL,24052,25.804585,-80.306947,single-family,4,3,2435,1905,685000,sold,2024-05-02
LIST-002569,6593 Madison Ave,San Francisco,CA,25648,37.751219,-122.208598,condo,2,3,1182,1970,675000,withdrawn,2025-09-16
LIST-002570,8330 Oak Ave,Denver,CO,53214,39.739555,-104.708458,condo,0,1,450,1969,140000,sold,2024-05-10
LIST-002571,8500 Summer Ct,Los Angeles,CA,39013,34.032084,-118.126901,townhouse,3,3,1078,1988,495000,active,2025-02-17
LIST-002572,2256 Mission Ave,Miami,FL,49775,25.929968,-80.146278,single-family,2,2,1778,1908,370000,sold,2025-07-16
LIST-002573,3125 River Blvd,San Francisco,CA,55444,37.719315,-122.149817,single-family,5,4,2153,1914,765000,sold,2025-11-16
LIST-002574,6379 Maple Blvd,San Francisco,CA,19810,37.752574,-122.163202,single-family,6,5,1769,1974,1135000,sold,2025-08-09
LIST-002575,8054 Madison Ave,San Francisco,CA,64993,37.757556,-122.55249,single-family,5,4,1306,1963,745000,sold,2025-12-11
LIST-002576,1655 River Ln,Los Angeles,CA,61916,33.944888,-118.309387,single-family,2,1,2554,1930,1030000,sold,2025-12-07
LIST-002577,9063 Sunrise Ct,Los Angeles,CA,45548,34.153216,-118.088204,condo,2,3,1490,2008,580000,sold,2024-08-23
LIST-002578,6512 Cedar St,Los Angeles,CA,42937,33.867812,-118.108705,townhouse,4,3,1255,2004,640000,sold,2025-05-16
LIST-002579,5791 Lincoln Ave,Austin,TX,72105,30.331467,-97.513706,single-family,2,2,1521,2018,425000,active,2025-09-09
LIST-002580,7146 Spring Blvd,Chicago,IL,28621,41.856934,-87.653898,single-family,6,6,2723,1922,510000,withdrawn,2025-03-19
LIST-002581,7715 Jefferson St,San Francisco,CA,55139,37.787676,-122.236703,condo,3,4,1227,1926,580000,sold,2025-12-06
LIST-002582,9251 Valley Way,San Francisco,CA,13504,37.973762,-122.541063,townhouse,2,2,1585,1911,775000,sold,2025-10-09
LIST-002583,4052 Washington Ave,New York,NY,94218,40.712593,-74.045564,condo,2,3,1147,1927,405000,expired,2026-02-11
LIST-002584,6965 Forest Pl,San Francisco,CA,85119,37.874629,-122.460588,condo,0,1,1381,1955,805000,sold,2025-04-30
LIST-002585,7682 Jefferson Blvd,New York,NY,42810,40.599344,-73.989066,condo,0,1,1461,1907,480000,sold,2025-05-31
LIST-002586,5326 Walnut Dr,Seattle,WA,47028,47.480762,-122.56406,single-family,5,4,2608,1982,870000,sold,2025-12-02
LIST-002587,1757 Market Way,New York,NY,16278,40.705839,-73.899397,single-family,5,4,1738,1958,690000,sold,2025-01-19
LIST-002588,8762 Sunrise Ln,Los Angeles,CA,86341,34.115714,-118.282414,single-family,5,5,2215,1929,815000,active,2024-10-26
LIST-002589,9743 Valley Pl,San Francisco,CA,96951,37.785069,-122.671334,condo,2,2,1440,2013,920000,sold,2025-02-11
LIST-002590,5207 Valley Ct,Austin,TX,93750,30.227603,-97.701812,condo,1,1,853,1922,190000,active,2025-09-14
LIST-002591,7129 Walnut Ct,San Francisco,CA,84646,37.700757,-122.578386,condo,2,2,1530,1967,865000,active,2025-12-13
LIST-002592,9189 Park Pl,Austin,TX,18472,30.277135,-97.670982,condo,2,2,1065,1941,310000,sold,2025-10-30
LIST-002593,9568 River Way,San Francisco,CA,76215,37.666346,-122.177526,condo,0,1,760,1973,395000,sold,2024-09-30
LIST-002594,2224 Maple St,Los Angeles,CA,92793,34.259183,-118.336033,townhouse,4,3,1814,1972,580000,sold,2025-08-31
LIST-002595,5307 Lincoln Way,Denver,CO,21246,39.91813,-104.956077,single-family,4,4,1486,1953,405000,pending,2025-01-04
LIST-002596,139 Maple Ln,San Francisco,CA,11837,37.797545,-122.683173,condo,3,3,1091,1980,655000,sold,2026-01-15
LIST-002597,6949 Lake Blvd,Chicago,IL,87216,41.83248,-87.798765,townhouse,3,3,1450,1986,435000,active,2025-11-11
LIST-002598,3567 Ridge Dr,Chicago,IL,53501,41.942947,-87.370783,single-family,4,4,1519,1958,290000,sold,2025-11-29
LIST-002599,5495 Jefferson Pl,Austin,TX,27049,30.279513,-97.617488,single-family,4,3,1799,1927,355000,sold,2026-01-28
LIST-002600,2997 Madison St,Los Angeles,CA,72571,34.144987,-118.191345,single-family,6,5,1463,1976,475000,active,2026-04-09
LIST-002601,4482 Sunrise Blvd,New York,NY,89199,40.84749,-74.075876,multi-family,8,8,2577,1950,1065000,sold,2025-03-17
LIST-002602,836 Walnut Blvd,Miami,FL,96040,25.761674,-80.428774,single-family,3,2,2154,1998,685000,pending,2025-05-24
LIST-002603,5255 Summer St,Los Angeles,CA,59775,34.142766,-118.29494,townhouse,4,3,1519,1941,540000,sold,2026-03-22
LIST-002604,4401 Summer Ct,Seattle,WA,70457,47.746446,-122.193363,single-family,5,5,885,1966,345000,sold,2024-12-18
LIST-002605,6479 Elm Pl,Austin,TX,24066,30.466221,-97.631151,condo,0,1,929,1926,220000,sold,2024-10-31
LIST-002606,280 Oak Ct,Los Angeles,CA,62546,34.045502,-118.016727,condo,0,1,599,1908,190000,sold,2025-03-02
LIST-002607,4932 Madison Ave,Los Angeles,CA,94931,34.128782,-118.290372,condo,0,1,1305,1957,490000,sold,2026-01-20
LIST-002608,2632 Sunrise Blvd,San Francisco,CA,89213,37.647662,-122.234354,townhouse,2,1,1844,1995,1135000,sold,2024-11-08
LIST-002609,2994 Spring Ct,Miami,FL,14840,25.609763,-80.285577,single-family,5,4,1890,1946,515000,sold,2025-11-06
LIST-002610,4061 Walnut Ave,Chicago,IL,96095,42.021869,-87.496617,single-family,6,6,2141,2024,705000,sold,2024-06-08
LIST-002611,7907 Pine Blvd,Los Angeles,CA,19927,33.971542,-118.249404,single-family,4,3,2317,1955,965000,sold,2024-12-10
LIST-002612,5983 Park Blvd,Austin,TX,21137,30.046064,-97.7858,single-family,4,4,2127,1992,635000,sold,2025-12-06
LIST-002613,2432 Jefferson Blvd,San Francisco,CA,97411,37.654028,-122.23813,single-family,6,5,1264,2011,945000,sold,2024-05-05
LIST-002614,9817 Mission Ct,Chicago,IL,35413,41.887747,-87.487609,multi-family,8,7,2787,1967,700000,active,2025-11-16
LIST-002615,170 Cedar Way,Los Angeles,CA,42163,33.867118,-118.102993,condo,3,4,1052,1904,305000,active,2025-06-08
LIST-002616,5554 Jefferson Ave,Austin,TX,13350,30.219305,-97.759715,townhouse,3,2,2072,1951,570000,sold,2025-01-28
LIST-002617,8716 Autumn Ct,Chicago,IL,87105,42.005239,-87.618478,single-family,6,5,1404,2023,355000,sold,2024-07-01
LIST-002618,9415 Forest Dr,Los Angeles,CA,68023,34.097976,-118.485126,single-family,4,4,2159,2019,870000,pending,2025-04-11
LIST-002619,8181 Hill Ln,Los Angeles,CA,48033,34.17493,-118.359852,single-family,5,5,1269,1909,360000,active,2025-05-12
LIST-002620,442 Washington Pl,New York,NY,27113,40.761989,-74.021093,single-family,4,4,2089,1940,1040000,active,2025-05-03
LIST-002621,5205 Lincoln Ave,New York,NY,79813,40.551008,-73.900712,condo,2,3,819,2024,560000,pending,2025-07-19
LIST-002622,8594 Sunset Ln,Chicago,IL,79300,41.878694,-87.72211,single-family,3,2,1756,1955,375000,sold,2025-09-14
LIST-002623,9855 River Ave,Denver,CO,44595,39.665163,-105.194811,townhouse,3,2,1845,1980,560000,active,2024-11-20
LIST-002624,2330 Hill Ln,New York,NY,93913,40.610732,-74.063757,single-family,5,4,2296,1961,1030000,active,2025-04-06
LIST-002625,3629 Birch Blvd,Denver,CO,97662,39.627528,-104.859795,condo,0,1,1121,1960,275000,sold,2026-03-08
LIST-002626,9029 Lake Ln,Miami,FL,40161,25.769904,-80.24129,townhouse,3,3,944,1940,250000,sold,2025-04-06
LIST-002627,4056 Oak Ct,San Francisco,CA,34699,37.950376,-122.319737,single-family,4,4,2021,1984,1255000,sold,2024-08-13
LIST-002628,6497 Autumn Blvd,Los Angeles,CA,81001,34.124829,-118.328882,single-family,4,3,2400,1940,1010000,sold,2025-10-03
LIST-002629,7810 Walnut Pl,Denver,CO,82355,39.879468,-104.818921,single-family,2,1,1152,1941,305000,sold,2026-02-27
LIST-002630,6758 Maple Pl,Miami,FL,67323,25.902052,-80.143962,townhouse,3,3,1449,1974,515000,sold,2024-11-09
LIST-002631,2311 Washington Ct,Chicago,IL,96738,41.653399,-87.635954,single-family,4,4,2355,1987,640000,active,2025-02-07
LIST-002632,2427 River Way,San Francisco,CA,33850,37.948256,-122.456943,multi-family,4,2,1904,1910,615000,sold,2024-10-27
LIST-002633,3340 Lincoln Pl,San Francisco,CA,70137,37.683362,-122.250439,single-family,2,1,1452,1994,780000,sold,2024-06-22
LIST-002634,5405 Spring Way,San Francisco,CA,49866,37.693969,-122.185743,single-family,6,5,1483,1985,650000,sold,2025-05-24
LIST-002635,403 Lake Ave,Miami,FL,14356,25.826667,-80.386715,single-family,5,4,1597,1955,500000,sold,2025-02-13
LIST-002636,7381 Autumn St,Miami,FL,81763,25.587049,-80.066577,single-family,3,3,1636,1999,490000,active,2025-02-26
LIST-002637,1393 Hill Pl,Miami,FL,85170,25.825468,-80.272059,single-family,4,4,931,1971,345000,active,2025-11-15
LIST-002638,4283 Market Dr,San Francisco,CA,14369,37.851043,-122.520961,single-family,3,3,2481,2006,1810000,pending,2024-10-15
LIST-002639,6094 Lake Way,New York,NY,62309,40.846971,-74.084709,single-family,2,1,1725,1950,725000,sold,2024-06-05
LIST-002640,7897 Market Blvd,Seattle,WA,97698,47.701512,-122.416891,condo,2,3,1169,1900,295000,sold,2025-09-09
LIST-002641,8265 Valley Way,Los Angeles,CA,37686,34.07607,-118.236476,single-family,6,6,2838,1940,1135000,sold,2024-08-26
LIST-002642,4973 Lincoln Dr,Miami,FL,71199,25.932805,-80.134702,single-family,4,4,2220,1902,625000,active,2024-06-16
LIST-002643,4523 Sunset Way,San Francisco,CA,47294,37.637694,-122.444658,single-family,2,2,1782,1948,1065000,active,2025-09-16
LIST-002644,6664 Lincoln St,San Francisco,CA,92076,37.796798,-122.470354,single-family,4,4,2577,2021,1730000,sold,2024-08-10
LIST-002645,3700 Autumn Ct,New York,NY,15337,40.603534,-74.12072,single-family,3,2,1587,1989,925000,sold,2025-05-29
LIST-002646,8594 Summer Dr,Los Angeles,CA,22750,34.024238,-118.121487,single-family,3,2,2313,1946,765000,sold,2025-11-29
LIST-002647,9962 Oak St,Los Angeles,CA,62609,34.056935,-118.312567,single-family,3,2,1981,2000,905000,sold,2025-03-13
LIST-002648,8918 Autumn Ct,Austin,TX,82107,30.294549,-97.613997,townhouse,4,4,2263,1934,575000,sold,2025-11-14
LIST-002649,237 Lincoln Ave,Denver,CO,19635,39.702166,-104.881227,single-family,6,5,2597,1972,755000,withdrawn,2024-10-11
LIST-002650,1789 Market Blvd,New York,NY,48542,40.927348,-74.080104,townhouse,2,2,1972,2014,830000,sold,2025-06-28
LIST-002651,2094 Sunset Ct,Denver,CO,38709,39.848679,-104.885284,single-family,4,3,1840,1956,425000,active,2025-01-27
LIST-002652,5971 Oak St,Chicago,IL,50511,41.949227,-87.450156,townhouse,4,3,1852,2018,520000,sold,2025-07-28
LIST-002653,2836 River Ave,Chicago,IL,14826,41.743586,-87.792939,single-family,5,5,1949,1943,475000,active,2025-03-26
LIST-002654,4290 Valley Way,Los Angeles,CA,58493,34.048864,-117.984667,single-family,5,4,1887,1904,655000,active,2024-07-21
LIST-002655,7594 Jefferson St,Austin,TX,25008,30.160269,-97.879804,condo,3,3,904,1932,165000,sold,2025-07-20
LIST-002656,5339 Summer Blvd,Los Angeles,CA,87886,34.128046,-118.414022,single-family,6,6,3809,2003,1715000,active,2024-11-08
LIST-002657,7142 Spring Ave,Los Angeles,CA,10445,33.959489,-118.226137,single-family,5,4,1936,1955,640000,sold,2024-11-26
LIST-002658,3414 Jefferson Ln,Los Angeles,CA,29980,34.107607,-118.145401,single-family,5,5,1842,1971,625000,sold,2025-03-31
LIST-002659,6035 River St,New York,NY,73077,40.579339,-73.793397,single-family,2,1,2053,2023,1215000,sold,2026-03-04
LIST-002660,544 Spring Blvd,Denver,CO,34660,39.823489,-105.097442,townhouse,4,4,1911,1956,425000,active,2025-02-28
LIST-002661,7047 Sunset Ln,Chicago,IL,68828,41.776201,-87.65546,single-family,3,3,1806,1931,330000,sold,2024-08-06
LIST-002662,4830 Lincoln Blvd,Seattle,WA,93907,47.756155,-122.470284,condo,0,1,1197,2008,450000,pending,2025-04-12
LIST-002663,4280 Spring St,New York,NY,62859,40.618029,-74.105649,single-family,2,2,1619,2013,875000,expired,2026-02-04
LIST-002664,3391 Cedar Pl,New York,NY,26179,40.60604,-73.909422,single-family,5,5,2375,1997,1045000,active,2025-03-05
LIST-002665,1736 River Ct,Seattle,WA,22561,47.607349,-122.291478,single-family,3,3,2203,1940,820000,sold,2026-03-20
LIST-002666,5996 Walnut Ave,Los Angeles,CA,79272,34.164002,-118.038217,single-family,6,6,2358,2011,875000,sold,2025-05-24
LIST-002667,1393 Maple Ct,San Francisco,CA,51618,37.863806,-122.518193,townhouse,4,3,1528,1962,695000,sold,2026-02-28
LIST-002668,2870 Autumn Blvd,Miami,FL,63791,25.739782,-80.178468,single-family,5,4,2026,1907,465000,active,2024-08-18
LIST-002669,1636 Autumn Dr,Los Angeles,CA,65870,33.844169,-118.329128,condo,1,1,1236,2000,550000,sold,2026-03-06
LIST-002670,299 River Blvd,Los Angeles,CA,86275,34.207507,-118.055371,single-family,4,4,2028,1909,570000,sold,2025-08-20
LIST-002671,9059 Pine Ct,Austin,TX,79913,30.461944,-97.646709,condo,3,3,1402,1967,350000,withdrawn,2024-06-08
LIST-002672,7438 Pine Ln,Denver,CO,78872,39.924075,-105.098209,single-family,2,1,3472,2022,1005000,expired,2024-06-11
LIST-002673,2914 Mission Ln,Austin,TX,15185,30.325219,-97.556469,single-family,3,3,2569,2001,845000,pending,2025-03-05
LIST-002674,2511 Washington Dr,Denver,CO,53276,39.664685,-104.804086,condo,1,2,958,1921,215000,sold,2026-03-23
LIST-002675,6036 Valley Dr,San Francisco,CA,48763,37.693215,-122.60913,single-family,4,3,2589,1985,1695000,active,2025-10-14
LIST-002676,9414 Elm Ln,Chicago,IL,92467,41.747437,-87.505339,single-family,6,5,2216,1958,520000,active,2026-01-23
LIST-002677,8851 Sunrise Way,Austin,TX,54064,30.178297,-97.678761,condo,1,1,610,1983,155000,active,2026-02-05
LIST-002678,1284 Autumn Dr,San Francisco,CA,22450,37.564281,-122.419068,single-family,2,2,3439,1993,1700000,sold,2024-08-21
LIST-002679,1376 Valley Ct,Miami,FL,12409,25.701322,-80.431605,single-family,3,3,2192,1947,715000,sold,2024-11-22
LIST-002680,6288 Oak Dr,San Francisco,CA,32826,37.681214,-122.660109,multi-family,5,4,4644,1923,1590000,withdrawn,2024-09-07
LIST-002681,1055 Sunrise Ave,San Francisco,CA,34943,37.751806,-122.244392,condo,3,3,1121,1912,425000,withdrawn,2024-08-30
LIST-002682,482 Jefferson Ave,Austin,TX,93471,30.288567,-97.830401,single-family,5,4,2396,1905,450000,active,2025-09-30
LIST-002683,6057 Pine Pl,Chicago,IL,39600,42.067724,-87.620708,townhouse,3,2,1795,1929,390000,active,2025-03-21
LIST-002684,1612 Oak Ct,Miami,FL,59331,25.807216,-80.08058,single-family,2,2,1036,1990,310000,withdrawn,2025-06-14
LIST-002685,1410 Sunrise Way,Seattle,WA,15746,47.79847,-122.292971,single-family,3,3,1664,1956,525000,sold,2025-07-25
LIST-002686,8572 Washington Ave,Los Angeles,CA,51406,33.971488,-118.241245,condo,3,3,1342,1986,625000,active,2024-08-03
LIST-002687,8214 Valley Way,Seattle,WA,30606,47.730481,-122.549672,single-family,2,1,2295,1908,580000,sold,2024-07-30
LIST-002688,18 Market Ct,New York,NY,44563,40.507171,-73.897803,single-family,3,2,1880,1909,825000,sold,2026-02-13
LIST-002689,6617 Pine Pl,Seattle,WA,21896,47.711632,-122.43881,single-family,2,1,1011,1924,275000,sold,2025-09-17
LIST-002690,1449 Sunset Blvd,San Francisco,CA,97119,37.732246,-122.493922,single-family,2,2,2268,1957,1000000,active,2024-07-10
LIST-002691,5206 Valley Blvd,San Francisco,CA,95191,37.728826,-122.291163,condo,2,2,1058,1908,450000,sold,2026-02-21
LIST-002692,2836 Valley Ave,Miami,FL,46721,25.713624,-80.397602,townhouse,4,4,1729,2009,585000,active,2026-03-07
LIST-002693,4824 Birch Ave,Miami,FL,18185,25.875089,-80.192935,single-family,4,3,2413,2016,1035000,active,2024-10-25
LIST-002694,6933 River Way,Miami,FL,41203,25.615627,-80.203246,single-family,3,2,1981,1912,545000,pending,2024-08-24
LIST-002695,562 Winter Way,San Francisco,CA,51218,37.567895,-122.411576,single-family,4,4,2130,2021,1300000,sold,2025-07-25
LIST-002696,3976 Mission Ave,Chicago,IL,65743,41.977583,-87.537606,townhouse,3,3,1408,2019,345000,sold,2025-09-10
LIST-002697,8642 Hill St,Austin,TX,17014,30.242656,-97.742451,condo,0,1,716,1987,225000,sold,2025-02-16
LIST-002698,6090 Mission Pl,Los Angeles,CA,45057,33.969343,-118.040246,townhouse,3,2,1583,1962,550000,sold,2024-11-01
LIST-002699,5249 Oak Ln,Los Angeles,CA,73397,33.857878,-118.210794,single-family,5,4,2919,2007,1145000,sold,2026-02-13
LIST-002700,5883 Elm St,New York,NY,45214,40.757514,-73.747689,single-family,2,1,3325,1979,1535000,sold,2025-04-13
LIST-002701,823 River Dr,Los Angeles,CA,61192,34.237173,-118.335217,single-family,4,3,2404,1908,745000,sold,2024-08-28
LIST-002702,6256 Elm Pl,Austin,TX,45311,30.151308,-97.895506,single-family,2,1,1936,2020,645000,active,2025-01-25
LIST-002703,9554 Park Blvd,Denver,CO,25433,39.576516,-105.168509,single-family,6,6,1255,1911,310000,active,2025-10-01
LIST-002704,3519 Madison Way,New York,NY,55379,,,single-family,3,3,2765,1923,995000,sold,2024-08-15
LIST-002705,3312 Park Pl,New York,NY,74823,40.864817,-73.80972,single-family,5,5,2550,1924,895000,active,2025-09-19
LIST-002706,3916 Sunrise Ln,Los Angeles,CA,14546,34.047861,-118.053471,townhouse,2,1,1618,1992,575000,sold,2024-09-21
LIST-002707,45 Winter Way,San Francisco,CA,53254,37.600488,-122.35581,condo,2,3,1664,1942,980000,active,2026-02-17
LIST-002708,5715 Sunset Blvd,Los Angeles,CA,37637,33.968467,-118.472782,single-family,6,6,2470,1950,815000,sold,2025-05-15
LIST-002709,3409 Oak Ave,Los Angeles,CA,19653,34.20731,-118.108499,multi-family,4,4,2907,1941,835000,sold,2025-09-07
LIST-002710,1707 Elm Dr,San Francisco,CA,47794,37.684846,-122.302504,condo,0,1,1036,1933,455000,sold,2025-06-12
LIST-002711,9439 Valley Dr,San Francisco,CA,17763,37.855304,-122.198346,townhouse,2,1,1807,1941,1015000,sold,2025-05-04
LIST-002712,2039 Hill Ave,Chicago,IL,72878,41.879971,-87.353604,single-family,6,5,1387,1971,395000,expired,2024-10-07
LIST-002713,7368 Jefferson Ln,Seattle,WA,40393,47.399544,-122.440048,single-family,2,2,1290,1926,390000,pending,2025-08-29
LIST-002714,3799 Jefferson Ave,Los Angeles,CA,67366,33.889831,-118.320029,condo,1,1,732,1925,235000,active,2025-09-17
LIST-002715,3821 Lake Way,San Francisco,CA,11999,37.586032,-122.334031,condo,2,3,1000,1939,370000,sold,2026-03-17
LIST-002716,9261 Mission Dr,Chicago,IL,82798,41.987833,-87.472525,single-family,4,4,2637,1985,550000,sold,2025-10-01
LIST-002717,3601 Sunset Ave,Denver,CO,73743,39.783227,-105.146334,single-family,6,5,1298,1970,405000,expired,2025-06-05
LIST-002718,8094 Oak Ct,New York,NY,63866,40.671969,-73.819655,single-family,3,3,2139,1995,855000,sold,2025-02-21
LIST-002719,8039 Walnut Ave,Los Angeles,CA,13350,34.232706,-118.104264,condo,0,1,737,2023,360000,pending,2024-10-19
LIST-002720,3470 Maple Ct,Miami,FL,73654,25.868331,-80.147424,single-family,6,6,800,2024,310000,sold,2024-10-14
LIST-002721,4438 Sunset Ln,San Francisco,CA,61269,37.882528,-122.260727,single-family,2,1,2675,1916,905000,active,2024-07-14
LIST-002722,2212 Lincoln St,San Francisco,CA,65653,37.75634,-122.233682,single-family,3,2,2045,2012,1425000,pending,2025-12-18
LIST-002723,9000 Market St,Los Angeles,CA,91447,33.893082,-118.073505,townhouse,3,3,2204,1920,845000,sold,2024-05-27
LIST-002724,4319 Ridge Way,Miami,FL,64317,25.886346,-80.21345,single-family,6,6,2899,1972,1010000,sold,2026-02-20
LIST-002725,5933 Pine Way,Seattle,WA,44118,47.398714,-122.225002,multi-family,8,8,3592,1937,1435000,active,2024-12-31
LIST-002726,5186 Washington Dr,New York,NY,94671,40.55183,-73.888951,condo,2,3,808,2000,355000,active,2025-03-02
LIST-002727,1192 Ridge Ln,San Francisco,CA,72751,37.975804,-122.296749,townhouse,4,4,1665,1994,1020000,active,2025-09-02
LIST-002728,5888 Ridge Pl,New York,NY,64046,40.578763,-74.027377,single-family,2,2,2247,1905,955000,active,2024-12-14
LIST-002729,6503 Forest Blvd,Seattle,WA,28608,47.549447,-122.046991,multi-family,7,6,3591,1936,1425000,sold,2025-08-13
LIST-002730,1759 Autumn Ct,Los Angeles,CA,24693,34.178997,-118.15557,single-family,2,1,2637,1977,980000,active,2025-05-29
LIST-002731,4216 Pine Ct,Los Angeles,CA,19258,33.922525,-118.082932,condo,0,1,1069,1930,295000,withdrawn,2025-04-07
LIST-002732,3757 Winter Blvd,Austin,TX,23306,30.319146,-97.913669,townhouse,4,3,1774,2012,465000,sold,2026-01-23
LIST-002733,4644 Lake Blvd,Austin,TX,59771,30.191295,-97.719689,single-family,3,2,1894,1952,475000,withdrawn,2024-12-02
LIST-002734,4464 Summer Ln,Los Angeles,CA,68187,34.168897,-118.297963,single-family,3,3,2645,2010,960000,sold,2024-11-05
LIST-002735,9434 Valley St,Miami,FL,79503,25.582254,-80.328488,condo,3,3,922,1991,380000,withdrawn,2024-12-19
LIST-002736,4748 Jefferson Pl,New York,NY,86026,40.650424,-73.796371,single-family,6,5,2799,2014,1455000,sold,2026-01-08
LIST-002737,4502 Birch Way,Chicago,IL,15935,41.699306,-87.594224,single-family,5,4,1699,1973,405000,active,2025-06-17
LIST-002738,6568 Winter St,San Francisco,CA,65719,37.705833,-122.44068,single-family,3,2,2326,1939,1070000,sold,2025-04-01
LIST-002739,9502 Sunrise St,Austin,TX,24840,30.313968,-97.691935,single-family,4,4,1764,1943,440000,sold,2024-10-11
LIST-002740,9696 Mission Ct,Denver,CO,37860,39.740907,-105.164807,single-family,6,6,2412,1903,540000,sold,2025-04-04
LIST-002741,917 Birch Way,Denver,CO,71350,39.852134,-105.177877,condo,3,3,1936,1934,365000,sold,2026-02-17
LIST-002742,8828 Park Pl,New York,NY,91383,40.649292,-74.249281,single-family,4,3,1134,1979,495000,sold,2025-12-31
LIST-002743,6405 Winter Ct,Miami,FL,97700,25.698789,-80.133599,condo,3,4,1681,1970,495000,pending,2025-01-17
LIST-002744,171 Market Pl,Los Angeles,CA,54756,33.97657,-118.473611,multi-family,4,2,2166,2015,1210000,active,2025-07-14
LIST-002745,4477 Elm Ct,San Francisco,CA,82787,37.561678,-122.368203,single-family,3,2,1690,1964,1035000,sold,2025-11-09
LIST-002746,4338 Jefferson Blvd,Miami,FL,99305,25.732983,-80.171493,single-family,6,6,2442,2000,950000,sold,2025-04-04
LIST-002747,7844 Sunrise Pl,Chicago,IL,66669,42.070283,-87.691912,condo,2,3,1034,1961,250000,pending,2024-07-19
LIST-002748,365 Market Pl,Austin,TX,66141,30.247117,-97.613211,single-family,4,4,2257,1975,500000,active,2025-10-11
LIST-002749,764 Maple Ave,Miami,FL,37283,25.820904,-80.060893,single-family,5,5,1619,1967,420000,sold,2024-08-19
LIST-002750,2886 Winter Ln,Los Angeles,CA,66648,34.051623,-118.479778,condo,0,1,1436,2021,750000,active,2024-09-16
LIST-002751,1126 Cedar Blvd,Chicago,IL,44451,41.948468,-87.627554,condo,2,2,986,1988,215000,sold,2025-03-23
LIST-002752,9232 Summer St,Denver,CO,34715,39.92541,-105.153362,single-family,4,3,1903,1912,510000,sold,2024-05-22
LIST-002753,5863 Market Ln,New York,NY,37237,40.581804,-73.853198,single-family,5,4,2543,2018,1265000,active,2025-10-07
LIST-002754,169 Summer Blvd,New York,NY,17039,40.662225,-73.800251,single-family,5,5,2745,1939,1215000,sold,2025-01-08
LIST-002755,7276 Washington Blvd,New York,NY,35934,40.814235,-73.851015,condo,3,3,1218,1945,410000,sold,2025-01-29
LIST-002756,3951 Summer Ln,Los Angeles,CA,73886,33.914262,-118.42943,condo,1,1,820,1918,245000,sold,2025-04-24
LIST-002757,4836 Maple Pl,New York,NY,90815,40.742833,-73.932327,single-family,5,4,2450,1932,990000,sold,2026-04-15
LIST-002758,8427 Oak Blvd,Los Angeles,CA,73711,34.097202,-118.491664,condo,3,4,1399,2006,690000,active,2025-01-02
LIST-002759,2959 Forest Way,San Francisco,CA,42570,37.803182,-122.400457,townhouse,3,3,1503,1999,1010000,active,2025-10-17
LIST-002760,507 Cedar Way,Seattle,WA,18270,47.550929,-122.021784,single-family,4,3,1968,1903,440000,active,2024-10-10
LIST-002761,3132 Pine Pl,Denver,CO,70446,39.611025,-104.927817,single-family,2,2,1185,1992,390000,active,2025-09-28
LIST-002762,3501 Hill Pl,Los Angeles,CA,68366,34.122595,-118.494894,multi-family,4,4,3376,2020,1280000,withdrawn,2026-02-20
LIST-002763,2599 Elm Ln,Miami,FL,82299,25.919982,-80.090192,townhouse,2,2,1187,1972,335000,active,2026-02-02
LIST-002764,5139 Pine Ln,San Francisco,CA,16947,37.77675,-122.418164,single-family,4,3,880,2008,580000,sold,2025-03-09
LIST-002765,5184 Summer Dr,Los Angeles,CA,54428,34.212499,-118.192172,single-family,5,5,2804,2009,985000,sold,2024-12-22
LIST-002766,4499 Autumn Pl,New York,NY,34974,40.542476,-74.115513,single-family,5,5,2400,2006,1545000,sold,2025-08-10
LIST-002767,4285 Winter St,New York,NY,50581,40.560582,-73.890851,townhouse,3,2,1451,1944,475000,active,2024-09-17
LIST-002768,8500 Elm Pl,Seattle,WA,43797,47.496492,-122.599228,condo,3,3,1283,1999,575000,sold,2026-02-22
LIST-002769,8039 Oak Blvd,Miami,FL,53295,25.817321,-80.136792,condo,0,1,839,2021,260000,sold,2026-01-01
LIST-002770,4279 Winter Blvd,Seattle,WA,46568,47.463981,-122.13752,multi-family,4,3,3947,1934,1400000,active,2024-12-19
LIST-002771,2906 Forest Ln,Austin,TX,96235,30.158261,-97.875999,single-family,2,1,2226,2004,550000,sold,2025-06-02
LIST-002772,101 Sunset Ct,New York,NY,48641,40.506897,-73.906744,single-family,4,4,1920,1952,930000,sold,2024-07-30
LIST-002773,7669 River Ct,Chicago,IL,39573,41.84208,-87.699451,single-family,6,6,2444,1946,555000,active,2026-04-24
LIST-002774,7500 Lake Ave,Austin,TX,11822,30.19554,-97.54417,single-family,5,5,1855,1941,345000,sold,2025-04-01
LIST-002775,7926 Sunrise St,Austin,TX,91937,30.432112,-97.735938,townhouse,3,2,1841,1947,420000,sold,2025-06-16
LIST-002776,184 Mission Blvd,Seattle,WA,25377,47.546495,-122.54803,condo,1,1,1321,1922,410000,active,2025-07-30
LIST-002777,9450 Cedar Blvd,San Francisco,CA,17128,37.860513,-122.453053,condo,3,3,1346,1959,820000,active,2025-10-17
LIST-002778,8849 Maple Ave,Austin,TX,79914,30.227378,-97.773598,condo,2,2,1801,1980,585000,pending,2025-11-22
LIST-002779,640 Autumn Ave,San Francisco,CA,29493,37.666367,-122.209625,single-family,3,3,1491,1995,670000,sold,2024-05-30
LIST-002780,1740 Park Ave,Miami,FL,54177,25.865043,-79.987948,single-family,5,5,1975,1958,495000,withdrawn,2026-04-21
LIST-002781,900 Birch Way,Seattle,WA,35278,47.610597,-122.648768,single-family,5,5,2708,2003,1355000,sold,2025-03-05
LIST-002782,9014 Maple Ct,Los Angeles,CA,57131,33.843869,-118.264972,single-family,3,3,2033,1979,690000,pending,2024-12-01
LIST-002783,4720 Cedar St,Chicago,IL,80230,41.849797,-87.614526,condo,3,3,1386,2010,390000,withdrawn,2026-01-25
LIST-002784,457 Winter St,New York,NY,83867,40.546581,-73.914388,single-family,4,3,927,2022,625000,active,2025-11-04
LIST-002785,4023 Sunrise Way,Los Angeles,CA,60307,34.035398,-118.308265,single-family,5,5,1890,2009,1025000,sold,2024-05-30
LIST-002786,8014 Mission St,Chicago,IL,71589,41.874755,-87.60821,townhouse,2,1,1169,1995,315000,active,2024-11-21
LIST-002787,8946 Park Pl,San Francisco,CA,25501,37.762608,-122.227732,single-family,3,3,1696,1941,965000,sold,2026-03-28
LIST-002788,5343 Autumn St,Los Angeles,CA,76915,34.180384,-118.351849,single-family,2,1,1157,1923,375000,active,2024-09-02
LIST-002789,1515 Autumn Pl,Seattle,WA,43147,47.627948,-122.13871,single-family,3,2,3133,2014,1060000,active,2024-08-30
LIST-002790,4388 Pine St,Denver,CO,25776,39.749684,-105.191486,condo,0,1,1355,1915,260000,sold,2025-12-01
LIST-002791,9901 Walnut Dr,Los Angeles,CA,53413,34.035368,-118.163518,single-family,2,1,2028,2025,855000,expired,2024-06-22
LIST-002792,3337 Oak Blvd,Miami,FL,76968,25.687923,-80.137743,condo,3,3,1781,2014,810000,active,2024-10-23
LIST-002793,3371 Washington Ln,Austin,TX,26134,30.294493,-97.637662,single-family,2,1,1572,1905,310000,active,2026-02-04
LIST-002794,3410 Forest Way,Chicago,IL,34863,41.845998,-87.526514,multi-family,4,2,3629,1928,875000,pending,2024-12-10
LIST-002795,1793 Valley Ct,Austin,TX,86501,30.212752,-97.83945,townhouse,3,2,1408,1997,335000,active,2025-06-26
LIST-002796,138 Ridge Blvd,Austin,TX,16077,30.447814,-97.842974,single-family,5,4,2549,2012,750000,active,2025-10-06
LIST-002797,274 Ridge St,Miami,FL,96371,25.801477,-80.297605,condo,1,2,1075,1918,265000,sold,2025-11-06
LIST-002798,6378 Oak Blvd,San Francisco,CA,75489,37.794358,-122.576214,single-family,5,4,2076,1954,1050000,sold,2026-01-21
LIST-002799,8625 Birch Dr,Seattle,WA,17586,47.450827,-122.341139,single-family,5,5,1975,1926,745000,sold,2025-06-16
LIST-002800,8589 Spring Ct,Los Angeles,CA,71172,33.860741,-118.342392,single-family,6,6,2175,1937,740000,active,2025-10-16
LIST-002801,9414 River St,San Francisco,CA,65524,37.76221,-122.420107,condo,3,3,797,1987,380000,sold,2024-06-22
LIST-002802,2687 Lake Blvd,San Francisco,CA,50839,37.934371,-122.568471,townhouse,4,4,1978,2012,1440000,sold,2024-06-06
LIST-002803,9914 Sunset St,Denver,CO,89907,39.688055,-104.854587,townhouse,3,3,1463,1920,355000,active,2025-08-18
LIST-002804,8705 Sunset St,Los Angeles,CA,43879,34.094504,-118.22263,single-family,6,6,1373,1979,570000,sold,2026-03-19
LIST-002805,991 Elm Ave,New York,NY,93152,40.685414,-73.74298,townhouse,2,2,1673,1940,710000,withdrawn,2025-04-21
LIST-002806,4985 Hill St,Los Angeles,CA,85754,33.867919,-118.249787,single-family,5,4,3387,1938,935000,withdrawn,2025-08-14
LIST-002807,8626 Madison Pl,Denver,CO,24013,39.930665,-104.97681,condo,3,3,1480,1942,405000,sold,2025-04-06
LIST-002808,1285 Valley Blvd,San Francisco,CA,67620,37.971369,-122.28215,condo,2,2,898,2021,600000,active,2025-11-22
LIST-002809,8933 Elm Pl,New York,NY,24576,40.635702,-73.991863,single-family,3,2,1291,2023,795000,active,2026-02-08
LIST-002810,7227 Madison Ln,Los Angeles,CA,11839,33.931359,-118.047801,townhouse,3,2,1766,1955,545000,sold,2026-01-31
LIST-002811,7013 Park Blvd,Austin,TX,76977,30.380915,-97.84276,condo,2,2,881,1917,155000,sold,2025-05-13
LIST-002812,7599 Elm Blvd,Los Angeles,CA,89574,34.132484,-118.370196,single-family,4,3,3631,1951,1305000,sold,2025-07-19
LIST-002813,8817 Madison Dr,New York,NY,40590,40.603851,-74.134157,single-family,2,2,1692,1913,550000,active,2025-11-09
LIST-002814,6912 Elm Ct,New York,NY,65470,40.771099,-74.22619,townhouse,4,3,2333,1917,745000,sold,2024-11-13
LIST-002815,9506 Elm Ct,New York,NY,20381,40.920212,-73.896873,single-family,4,3,2010,1971,1130000,active,2025-09-19
LIST-002816,605 Lincoln Ct,San Francisco,CA,47403,37.702865,-122.316852,condo,0,1,1478,1909,515000,sold,2026-03-01
LIST-002817,5105 Summer Dr,San Francisco,CA,52346,37.945539,-122.369347,townhouse,2,2,1881,1950,865000,sold,2026-03-10
LIST-002818,79 Mission Way,San Francisco,CA,95303,37.827294,-122.477775,townhouse,3,3,1755,1983,1085000,sold,2024-12-18
LIST-002819,6561 Lincoln Ave,Los Angeles,CA,62014,33.950346,-118.049651,condo,3,3,1146,1999,600000,active,2025-03-16
LIST-002820,4152 Maple Blvd,San Francisco,CA,37970,37.669853,-122.556023,condo,3,3,1008,1908,485000,sold,2024-07-12
LIST-002821,2306 Forest Way,Los Angeles,CA,98011,33.868945,-118.097705,single-family,5,4,2487,1939,1000000,sold,2025-12-14
LIST-002822,9398 Lake Dr,San Francisco,CA,76629,37.819954,-122.268659,single-family,5,4,1847,1910,620000,sold,2024-08-30
LIST-002823,1152 Market Way,Austin,TX,34549,30.481134,-97.816887,single-family,5,4,1557,1971,415000,pending,2026-04-24
LIST-002824,345 Market Dr,New York,NY,45884,40.735106,-74.122545,single-family,3,3,2763,1906,1140000,active,2026-04-18
LIST-002825,7490 Madison Ct,Chicago,IL,50512,41.698832,-87.811986,single-family,4,3,1793,1929,415000,expired,2025-08-04
LIST-002826,6454 Summer Ln,New York,NY,44318,40.637563,-74.272361,condo,0,1,906,2009,575000,withdrawn,2024-08-09
LIST-002827,366 Oak Pl,New York,NY,96390,40.748874,-74.206467,condo,1,1,990,1901,335000,sold,2026-01-06
LIST-002828,6951 Lake Way,Denver,CO,26865,39.795267,-104.849956,single-family,6,6,2840,1908,580000,active,2024-08-03
LIST-002829,8673 Summer Ln,New York,NY,84432,40.736775,-74.207199,multi-family,5,4,2893,1943,1310000,sold,2025-07-20
LIST-002830,7667 Spring St,Los Angeles,CA,46075,33.94245,-118.063159,single-family,2,2,2077,1998,785000,active,2024-11-23
LIST-002831,5353 Washington St,Denver,CO,95959,39.758507,-105.023384,single-family,3,2,1716,1941,515000,sold,2025-12-30
LIST-002832,2503 Cedar Ave,Austin,TX,61570,30.229856,-97.854282,townhouse,2,2,1487,1909,325000,sold,2024-09-19
LIST-002833,337 Mission Ct,Los Angeles,CA,13294,33.93683,-118.240012,condo,1,1,882,1962,265000,sold,2025-04-10
LIST-002834,7432 Birch St,New York,NY,27039,40.741294,-73.825547,single-family,3,2,1601,1991,865000,sold,2024-10-05
LIST-002835,8181 Sunrise Way,New York,NY,89202,40.556171,-74.039095,single-family,5,5,1269,2001,735000,sold,2025-04-08
LIST-002836,4550 Ridge Ave,San Francisco,CA,78049,37.855527,-122.157878,condo,3,3,1149,1924,485000,sold,2026-01-20
LIST-002837,302 Cedar Ct,New York,NY,29242,40.518691,-74.081006,single-family,6,5,1187,1972,470000,active,2026-01-19
LIST-002838,5926 Mission Way,Miami,FL,74766,25.708115,-80.055903,condo,2,3,1240,2018,430000,sold,2025-06-27
LIST-002839,6283 Pine Ct,Austin,TX,74894,30.294942,-97.633112,multi-family,7,5,3735,2001,1190000,sold,2026-01-25
LIST-002840,5051 Market Way,Austin,TX,75367,30.115485,-97.577019,condo,1,2,1021,1902,230000,sold,2024-09-11
LIST-002841,6920 Walnut Ave,New York,NY,95438,40.614811,-74.242292,condo,3,4,1252,1916,570000,active,2026-03-29
LIST-002842,8168 Valley Ct,Chicago,IL,99609,41.88775,-87.639175,townhouse,3,3,1706,1921,375000,sold,2025-07-22
LIST-002843,2205 Market St,Miami,FL,37054,25.842417,-80.248026,condo,3,4,1521,1944,380000,active,2026-01-07
LIST-002844,9258 River Ln,Seattle,WA,25078,47.659092,-122.12324,single-family,4,3,2626,1983,1060000,sold,2026-01-11
LIST-002845,7329 Market Ave,Los Angeles,CA,28495,34.234695,-118.284002,condo,3,4,1083,1935,285000,sold,2026-04-25
LIST-002846,2566 Lake Ave,Miami,FL,24392,25.895716,-80.269448,condo,3,3,1301,1900,340000,active,2025-10-06
LIST-002847,1274 Washington Ct,Chicago,IL,58927,41.954238,-87.609948,single-family,6,5,800,1961,170000,active,2024-12-02
LIST-002848,3047 River Way,Miami,FL,20639,,,condo,0,1,1399,1906,390000,active,2024-05-02
LIST-002849,971 Park St,Los Angeles,CA,49434,34.006003,-118.08603,single-family,5,4,2069,1992,730000,sold,2025-05-08
LIST-002850,3054 Cedar Ln,Seattle,WA,65866,47.733368,-122.307053,condo,1,2,479,1906,140000,active,2026-03-09
LIST-002851,4865 Elm St,Austin,TX,52202,30.385019,-97.900175,townhouse,3,2,1841,1959,410000,sold,2024-05-10
LIST-002852,5770 Oak Pl,New York,NY,95110,40.884283,-73.899018,townhouse,3,3,2449,1974,1005000,withdrawn,2026-01-14
LIST-002853,9416 Mission Pl,San Francisco,CA,25520,37.586876,-122.310788,single-family,6,6,2316,1958,940000,sold,2024-11-26
LIST-002854,4452 Washington Ct,Seattle,WA,16381,47.649458,-122.122457,condo,2,2,1671,1904,480000,sold,2025-10-05
LIST-002855,8843 Madison Blvd,Miami,FL,69286,25.885134,-80.004216,townhouse,4,4,2291,1962,745000,pending,2025-04-30
LIST-002856,3080 Spring Dr,Los Angeles,CA,43244,33.991515,-118.140474,single-family,6,5,2202,1968,935000,expired,2025-04-13
LIST-002857,3550 River Pl,San Francisco,CA,35480,37.968734,-122.363363,condo,0,1,1074,1975,715000,active,2026-01-22
LIST-002858,8770 Elm Ln,Miami,FL,12328,25.925198,-80.080003,townhouse,3,2,2433,1997,975000,expired,2024-12-02
LIST-002859,3559 Market Ave,Austin,TX,31976,30.399979,-97.805987,condo,0,1,802,1941,150000,active,2025-09-10
LIST-002860,1750 Madison Ave,Los Angeles,CA,90118,33.942728,-118.400757,single-family,6,6,2295,2001,875000,sold,2026-02-04
LIST-002861,8961 Pine Way,Austin,TX,55497,30.145433,-97.820856,single-family,4,3,1676,1993,440000,sold,2024-06-16
LIST-002862,8773 Washington St,San Francisco,CA,99873,37.628567,-122.58517,townhouse,3,3,1510,2010,1005000,expired,2025-08-27
LIST-002863,7000 Summer Ct,San Francisco,CA,20580,37.934109,-122.427676,multi-family,4,2,1601,1909,785000,sold,2024-12-26
LIST-002864,498 Park Way,San Francisco,CA,71445,37.622776,-122.378403,single-family,6,5,2732,1920,1455000,sold,2026-03-04
LIST-002865,972 Walnut Ave,Denver,CO,10886,39.687324,-105.129872,single-family,5,4,1909,1989,520000,sold,2024-12-08
LIST-002866,4986 Mission Pl,Los Angeles,CA,29966,33.859139,-118.273026,single-family,5,4,1322,1975,540000,sold,2025-12-22
LIST-002867,4308 Washington Blvd,Seattle,WA,62889,47.752206,-122.173638,single-family,4,4,2338,1976,910000,active,2024-08-14
LIST-002868,3856 Washington Way,New York,NY,65396,40.714604,-74.203769,condo,3,4,1358,1941,590000,sold,2024-09-06
LIST-002869,4539 Winter Ave,Austin,TX,72559,30.227408,-97.868895,single-family,3,3,2147,1915,375000,sold,2025-01-19
LIST-002870,238 Madison Dr,Austin,TX,36841,30.402504,-97.768856,single-family,6,5,2948,2025,885000,expired,2024-08-31
LIST-002871,9331 Lake Pl,Chicago,IL,22583,41.770262,-87.595361,townhouse,3,3,1434,1918,250000,active,2024-08-21
LIST-002872,4253 Spring Way,Miami,FL,11614,25.664401,-79.982684,single-family,6,6,1233,1962,340000,active,2024-05-15
LIST-002873,5700 Madison Pl,Miami,FL,59681,25.94551,-80.133478,townhouse,4,4,1447,1960,535000,sold,2025-06-08
LIST-002874,3574 River St,Austin,TX,76406,30.382128,-97.889726,condo,0,1,937,2012,320000,sold,2025-02-05
LIST-002875,1050 Pine Way,Denver,CO,58925,39.606694,-105.032808,condo,1,1,1125,1985,265000,sold,2025-04-23
LIST-002876,5539 Winter Ct,Los Angeles,CA,68173,34.129549,-118.279901,condo,1,1,450,1998,155000,withdrawn,2024-12-08
LIST-002877,5462 Hill Blvd,Miami,FL,14066,25.706957,-80.366094,single-family,5,5,2155,1975,750000,sold,2025-06-12
LIST-002878,5418 Sunset Way,Denver,CO,90182,39.726893,-105.213427,single-family,3,3,2743,1983,905000,active,2025-09-24
LIST-002879,3377 Autumn Ln,Miami,FL,30079,25.566105,-80.173637,condo,2,2,1012,1941,355000,active,2024-09-09
LIST-002880,9168 Market Ct,Miami,FL,17455,25.670335,-80.395974,condo,1,1,1253,1987,485000,active,2025-06-07
LIST-002881,2318 Pine Ct,San Francisco,CA,77986,37.601069,-122.523396,condo,1,1,1090,2021,650000,sold,2024-10-03
LIST-002882,4031 Forest Dr,San Francisco,CA,23868,37.946754,-122.419495,single-family,4,4,2334,1962,1210000,sold,2026-01-08
LIST-002883,8973 Madison St,Chicago,IL,38083,41.767983,-87.735132,condo,3,3,1067,1974,245000,pending,2024-08-17
LIST-002884,9772 Summer Blvd,Austin,TX,70344,30.435377,-97.905047,condo,3,3,1172,1967,245000,sold,2024-05-03
LIST-002885,8004 Birch Ave,New York,NY,45650,40.630338,-73.927224,single-family,5,5,1559,1971,790000,active,2025-12-29
LIST-002886,1200 Spring Ave,Miami,FL,39314,25.821039,-80.272593,condo,3,3,1087,2009,390000,sold,2025-12-28
LIST-002887,4293 Elm Ave,Austin,TX,59256,30.31761,-97.918847,single-family,4,4,2868,1960,760000,sold,2025-12-21
LIST-002888,2623 River Way,Denver,CO,39936,39.902083,-105.043605,single-family,6,5,2331,1935,560000,sold,2025-11-06
LIST-002889,4015 Birch Pl,Chicago,IL,50425,41.764308,-87.499517,single-family,3,3,2281,1967,445000,sold,2024-05-14
LIST-002890,1916 River Way,Miami,FL,13185,25.606818,-80.249363,townhouse,4,3,1796,1978,695000,active,2024-10-17
LIST-002891,2973 Winter Way,San Francisco,CA,19102,37.883369,-122.553531,single-family,6,6,2650,1912,1345000,active,2026-03-30
LIST-002892,9278 Mission Ave,San Francisco,CA,33150,37.682561,-122.555717,single-family,6,6,2133,1909,770000,sold,2024-05-25
LIST-002893,8053 Elm St,Miami,FL,71004,25.873835,-80.128606,townhouse,3,2,1576,1990,490000,sold,2026-04-27
LIST-002894,3398 Lake St,Chicago,IL,55984,41.992246,-87.581511,condo,0,1,1017,2007,325000,sold,2026-03-21
LIST-002895,5960 Market Ave,San Francisco,CA,14652,37.82957,-122.25244,single-family,2,2,1666,1934,730000,active,2024-11-06
LIST-002896,2464 Valley St,Miami,FL,86872,25.938672,-80.048097,single-family,3,3,3150,1975,1005000,active,2026-03-03
LIST-002897,5939 Sunrise Ln,Seattle,WA,77826,47.643975,-122.41742,single-family,5,4,1869,1906,460000,pending,2025-09-26
LIST-002898,8007 Lake St,Los Angeles,CA,28561,33.903143,-118.354794,townhouse,2,2,1950,1903,660000,active,2025-03-01
LIST-002899,5920 Madison Ln,San Francisco,CA,58518,37.650425,-122.438807,condo,2,3,1664,1902,585000,active,2025-09-04
LIST-002900,1565 River Way,Seattle,WA,37998,47.485143,-122.55718,single-family,6,6,2138,1997,920000,sold,2024-08-18
LIST-002901,6397 Sunset Pl,San Francisco,CA,85808,37.922749,-122.505534,single-family,2,2,2709,1904,1080000,pending,2026-04-14
LIST-002902,3225 Summer Ct,Chicago,IL,92220,41.839594,-87.363816,single-family,5,5,1279,1984,270000,sold,2025-06-05
LIST-002903,499 Hill Ct,Los Angeles,CA,73723,34.045427,-118.442909,condo,3,3,1184,1900,305000,expired,2025-07-06
LIST-002904,9546 Sunset Ln,Miami,FL,71474,25.733638,-80.049488,single-family,4,4,2385,1932,610000,active,2025-11-04
LIST-002905,7718 Walnut Way,Los Angeles,CA,86380,34.035702,-118.177637,condo,2,3,1009,1918,340000,sold,2025-03-28
LIST-002906,8541 Elm Ln,Seattle,WA,89980,47.748624,-122.09179,single-family,3,2,2028,1926,600000,active,2025-12-30
LIST-002907,2851 Lake Blvd,Los Angeles,CA,66084,34.186801,-118.097863,condo,2,2,1216,1900,345000,active,2024-06-16
LIST-002908,9447 Lake Ln,Los Angeles,CA,81563,34.115754,-117.996277,condo,1,2,1261,1911,380000,active,2024-09-23
LIST-002909,7310 Walnut Dr,New York,NY,31590,40.697044,-73.798666,single-family,5,5,2748,1904,915000,sold,2025-07-05
LIST-002910,6945 Mission Way,Los Angeles,CA,31447,34.042945,-118.493752,condo,0,1,1053,2017,585000,sold,2025-06-26
LIST-002911,6275 Elm Way,Seattle,WA,82745,47.634532,-122.434117,condo,3,4,1046,2020,560000,pending,2025-04-26
LIST-002912,5845 Sunset St,New York,NY,86067,40.860698,-74.110578,single-family,2,1,2705,1931,1240000,sold,2025-07-20
LIST-002913,5291 Market Way,New York,NY,98628,40.794762,-73.807448,single-family,2,2,1262,1997,750000,active,2025-06-15
LIST-002914,8678 Oak Way,San Francisco,CA,83767,37.878483,-122.472402,condo,3,4,1044,1972,460000,sold,2024-08-03
LIST-002915,879 Hill Ln,Los Angeles,CA,97915,34.128094,-118.47797,condo,0,1,1072,1955,395000,sold,2025-11-22
LIST-002916,294 Park St,San Francisco,CA,94763,37.649133,-122.605335,single-family,5,5,2188,1989,1355000,active,2026-03-03
LIST-002917,1916 Valley Dr,Miami,FL,67212,25.575569,-80.303129,single-family,4,3,1745,1939,475000,sold,2024-05-20
LIST-002918,6966 Washington Way,Denver,CO,58845,39.541316,-104.94259,condo,2,3,1736,1998,580000,sold,2025-11-30
LIST-002919,1301 Lincoln St,Chicago,IL,15621,41.957253,-87.453852,single-family,5,5,2450,1921,590000,withdrawn,2025-05-15
LIST-002920,6517 Madison Dr,Los Angeles,CA,12760,33.990203,-118.087606,condo,0,1,1392,1933,375000,active,2024-09-26
LIST-002921,7723 Autumn St,San Francisco,CA,21370,37.60394,-122.428939,single-family,6,6,1469,1904,715000,sold,2025-08-31
LIST-002922,3579 Pine Ln,San Francisco,CA,80007,37.852393,-122.529626,single-family,3,2,1328,1932,675000,active,2024-11-10
LIST-002923,2804 Maple Pl,Los Angeles,CA,70459,34.017688,-118.181956,condo,0,1,1099,1915,275000,sold,2024-12-09
LIST-002924,6851 Valley Pl,Los Angeles,CA,55742,33.90027,-118.22226,condo,1,1,933,1939,265000,sold,2025-01-07
LIST-002925,8573 Washington Ln,New York,NY,81491,40.918885,-73.889942,single-family,5,4,1589,1929,625000,sold,2024-05-11
LIST-002926,170 Madison St,Los Angeles,CA,58958,34.122595,-118.159188,single-family,4,3,1764,1964,750000,sold,2025-03-11
LIST-002927,2803 Forest Ave,New York,NY,34193,40.694433,-73.742645,single-family,6,6,2105,1936,780000,sold,2025-11-07
LIST-002928,3207 Spring Ave,Seattle,WA,20248,47.523347,-122.213065,townhouse,4,3,1103,1927,385000,sold,2024-10-04
LIST-002929,3775 Ridge Ave,Denver,CO,94172,39.822383,-105.058096,condo,1,1,1356,1900,300000,active,2026-03-29
LIST-002930,3841 Summer Pl,Chicago,IL,22551,41.735605,-87.61786,single-family,3,2,2085,1925,430000,expired,2025-07-06
LIST-002931,569 Elm Ave,Chicago,IL,76041,41.990285,-87.387817,single-family,6,6,1567,2014,375000,sold,2025-02-08
LIST-002932,2541 Madison Pl,Los Angeles,CA,69647,33.920557,-118.14017,condo,1,1,997,1909,365000,sold,2025-06-09
LIST-002933,8377 Market Dr,Los Angeles,CA,19769,33.831088,-118.196392,single-family,4,4,3024,1931,1065000,sold,2025-06-22
LIST-002934,3021 Autumn Pl,Seattle,WA,30350,47.462309,-122.490745,single-family,6,6,2122,2020,1030000,active,2025-07-06
LIST-002935,2752 Mission Ln,Chicago,IL,32850,41.85388,-87.414769,condo,1,1,1115,1975,275000,active,2025-12-24
LIST-002936,1067 Market Ln,Miami,FL,75312,25.853978,-80.315952,single-family,5,5,3134,1929,1085000,sold,2025-02-26
LIST-002937,9215 Walnut Ct,Seattle,WA,30769,47.643743,-122.299333,condo,0,1,450,1932,125000,active,2026-03-20
LIST-002938,7868 Hill Blvd,San Francisco,CA,65801,37.71587,-122.222026,single-family,3,3,1360,2004,795000,sold,2025-07-06
LIST-002939,5903 Winter Pl,Miami,FL,86300,25.634282,-80.098518,condo,1,1,941,1908,260000,sold,2025-07-16
LIST-002940,6097 Forest Ave,Los Angeles,CA,72341,33.895683,-118.369777,single-family,3,2,1663,1951,730000,active,2024-11-08
LIST-002941,6792 Pine Dr,New York,NY,54459,40.615651,-73.837614,single-family,5,4,1821,1946,805000,sold,2024-12-01
LIST-002942,6398 Sunrise St,Seattle,WA,10569,47.69582,-122.463073,townhouse,2,1,900,1904,225000,active,2025-01-07
LIST-002943,2661 Lincoln Ln,San Francisco,CA,63875,37.859855,-122.681147,single-family,4,4,2965,1992,1315000,active,2025-11-11
LIST-002944,9003 Maple Ct,San Francisco,CA,90077,37.569467,-122.432358,condo,0,1,837,1962,380000,sold,2025-04-05
LIST-002945,1321 Hill Blvd,Los Angeles,CA,91873,34.259945,-118.219712,single-family,2,1,2141,1963,955000,sold,2024-10-08
LIST-002946,5988 Park Pl,Chicago,IL,58952,41.860013,-87.678415,condo,2,3,1088,2015,240000,sold,2025-03-10
LIST-002947,7855 Walnut Ln,Los Angeles,CA,54221,33.960364,-118.368794,condo,0,1,875,1996,290000,pending,2024-06-16
LIST-002948,5627 Walnut Ave,San Francisco,CA,98348,37.945128,-122.410424,single-family,5,4,1327,2005,655000,sold,2026-01-15
LIST-002949,6351 Washington Pl,Seattle,WA,40165,47.654385,-122.53256,single-family,4,3,1622,1975,490000,active,2024-10-13
LIST-002950,3194 Hill Blvd,Los Angeles,CA,64777,34.086139,-118.394978,single-family,2,1,2568,1971,870000,sold,2024-09-18
LIST-002951,7649 Winter Way,Miami,FL,99850,25.726266,-80.325434,multi-family,8,7,3016,1990,1205000,withdrawn,2026-01-22
LIST-002952,6405 Cedar Dr,Denver,CO,53731,39.772561,-104.955327,condo,1,1,1167,1928,330000,sold,2024-11-19
LIST-002953,1398 Autumn Dr,New York,NY,19195,40.830146,-74.179515,single-family,6,6,2689,1988,1215000,active,2026-04-30
LIST-002954,9136 Sunrise Blvd,Los Angeles,CA,60772,33.959636,-118.019379,townhouse,4,4,1326,2017,480000,active,2025-03-08
LIST-002955,871 Valley Ave,New York,NY,24307,40.67857,-74.061033,townhouse,3,2,2411,1956,1175000,sold,2025-02-12
LIST-002956,2182 Ridge Ct,Los Angeles,CA,26858,33.896104,-118.223829,single-family,5,4,866,2002,390000,sold,2024-10-04
LIST-002957,2684 Jefferson Ln,Seattle,WA,44599,47.475785,-122.453755,single-family,4,3,1838,1916,425000,sold,2025-01-15
LIST-002958,7987 Ridge Ct,New York,NY,98485,40.803521,-74.06626,single-family,5,4,1950,1951,880000,expired,2024-10-30
LIST-002959,3931 Park St,Miami,FL,26017,25.609954,-80.288783,condo,0,1,787,1972,310000,expired,2024-12-17
LIST-002960,4927 Ridge Way,Austin,TX,69340,30.220216,-97.501883,single-family,4,3,2183,1933,495000,active,2024-06-11
LIST-002961,4035 Washington Ave,Austin,TX,51629,30.13437,-97.648142,single-family,4,3,1258,1970,330000,withdrawn,2025-04-20
LIST-002962,314 Jefferson Way,New York,NY,89863,40.851826,-73.997592,single-family,3,3,2315,1929,845000,sold,2025-08-08
LIST-002963,6460 Sunset Pl,Denver,CO,32720,39.89529,-104.989759,condo,2,3,1257,1979,315000,sold,2025-08-31
LIST-002964,6667 Forest Pl,Austin,TX,77996,30.211827,-97.871922,single-family,3,3,2915,1997,1040000,sold,2024-06-22
LIST-002965,6728 Birch Ln,Austin,TX,35936,30.090982,-97.615699,single-family,3,3,2158,2001,650000,active,2026-04-29
LIST-002966,5134 Hill Ct,Austin,TX,73767,30.111694,-97.646139,single-family,4,3,1504,1950,345000,sold,2025-07-15
LIST-002967,2903 Madison Dr,Los Angeles,CA,14116,34.124295,-118.495985,condo,2,3,1394,1948,425000,withdrawn,2025-09-19
LIST-002968,5824 River Ct,New York,NY,52119,40.824363,-73.762326,single-family,2,2,2743,2005,1125000,active,2025-02-24
LIST-002969,7483 Park Ln,Chicago,IL,26099,42.047331,-87.573951,single-family,3,3,2499,1940,445000,pending,2024-11-28
LIST-002970,3243 Autumn Dr,Austin,TX,84792,30.191138,-97.696934,single-family,2,2,3074,1961,775000,withdrawn,2026-02-13
LIST-002971,2881 Lincoln Way,Los Angeles,CA,21006,33.863551,-118.146676,townhouse,3,3,2202,1932,850000,sold,2025-02-18
LIST-002972,6693 Lake Blvd,San Francisco,CA,42207,37.907845,-122.346202,single-family,6,5,2194,1908,965000,withdrawn,2025-05-14
LIST-002973,6749 Sunset Blvd,Los Angeles,CA,80994,33.890825,-118.149079,condo,2,3,1097,1984,515000,active,2025-12-11
LIST-002974,5481 Walnut Way,Seattle,WA,49331,47.723612,-122.273332,townhouse,4,4,1491,1990,720000,sold,2024-07-28
LIST-002975,8385 Pine Dr,New York,NY,75078,40.795196,-74.217527,single-family,5,5,2454,2010,1270000,sold,2024-05-02
LIST-002976,1455 Madison Way,Miami,FL,70712,25.714351,-79.94742,condo,2,2,774,1931,240000,active,2024-06-03
LIST-002977,6588 Washington St,San Francisco,CA,20234,37.591335,-122.472347,multi-family,6,6,3261,1940,1745000,sold,2025-01-28
LIST-002978,3811 Cedar Way,Austin,TX,41247,30.407511,-97.61101,condo,2,2,652,1958,140000,sold,2025-01-10
LIST-002979,2711 Winter Dr,Denver,CO,18019,39.758381,-104.811819,condo,2,3,1178,1902,270000,active,2024-05-14
LIST-002980,631 Hill Ln,San Francisco,CA,34765,37.894403,-122.496594,multi-family,8,7,2838,1931,1010000,sold,2025-10-14
LIST-002981,6278 Birch Ln,Chicago,IL,58193,41.928039,-87.374126,single-family,6,6,2342,2014,600000,pending,2025-11-02
LIST-002982,4749 Walnut Ave,Chicago,IL,41843,41.917768,-87.806297,condo,3,3,986,1928,230000,sold,2025-08-05
LIST-002983,9281 Park Pl,San Francisco,CA,11982,37.938206,-122.30675,single-family,6,5,2156,1967,1360000,sold,2025-06-16
LIST-002984,9652 Winter Ln,Los Angeles,CA,57364,33.84263,-118.259199,condo,1,2,723,2009,260000,sold,2025-04-01
LIST-002985,3437 Elm Pl,Seattle,WA,71309,,,single-family,5,4,1759,1985,625000,sold,2025-09-10
LIST-002986,576 Sunrise Way,San Francisco,CA,14176,37.669059,-122.57893,single-family,6,5,2625,2005,1450000,sold,2025-07-03
LIST-002987,4128 Sunrise Pl,New York,NY,44039,40.840941,-73.832918,single-family,6,6,3377,1926,1385000,sold,2026-02-01
LIST-002988,7936 Pine St,Los Angeles,CA,93289,34.106867,-118.154021,condo,2,2,548,1999,210000,sold,2024-10-30
LIST-002989,7113 Pine Ct,San Francisco,CA,43118,37.779286,-122.540457,condo,3,3,488,1909,225000,sold,2025-09-02
LIST-002990,418 Jefferson Dr,Seattle,WA,65089,47.460978,-122.309574,multi-family,7,5,1842,1973,595000,active,2025-01-21
LIST-002991,9328 Oak St,San Francisco,CA,53323,37.922189,-122.56386,condo,0,1,1363,1981,880000,active,2024-07-10
LIST-002992,2440 Jefferson Dr,Miami,FL,13172,25.904911,-80.117624,condo,3,3,1234,1934,305000,active,2025-02-18
LIST-002993,7451 Mission Dr,San Francisco,CA,61570,37.811964,-122.225376,townhouse,3,2,1858,1935,855000,active,2024-06-07
LIST-002994,4224 Sunrise St,Denver,CO,89701,39.590575,-105.029231,condo,0,1,904,1969,205000,active,2024-09-03
LIST-002995,358 Hill Dr,Austin,TX,57796,30.09177,-97.685608,condo,3,4,807,1994,215000,sold,2025-04-19
LIST-002996,9577 Mission Dr,Seattle,WA,86429,47.585344,-122.556834,condo,2,2,756,2019,340000,active,2024-05-17
LIST-002997,3483 Maple Ln,Austin,TX,35375,30.052335,-97.789349,single-family,5,4,2639,1968,535000,pending,2024-10-14
LIST-002998,7328 Lake Dr,Chicago,IL,55811,42.042085,-87.593439,single-family,2,2,2977,1903,455000,expired,2025-04-29
LIST-002999,3163 Autumn Way,Miami,FL,93185,25.580051,-80.103261,single-family,2,1,2180,1910,460000,sold,2024-08-18
LIST-003000,4240 Jefferson St,Denver,CO,16937,39.760655,-105.073483,single-family,5,5,2418,1987,630000,active,2025-12-17
LIST-003001,5229 Market Pl,Denver,CO,17874,39.696606,-105.227456,townhouse,2,2,1892,1902,360000,sold,2024-10-27
LIST-003002,6818 Forest Dr,New York,NY,96442,40.777724,-73.943832,single-family,5,5,2596,1900,940000,sold,2026-02-21
LIST-003003,8627 Mission Ct,New York,NY,61765,40.672185,-73.913852,townhouse,3,3,1906,1909,540000,sold,2026-04-28
LIST-003004,3146 Mission Pl,Los Angeles,CA,81992,34.162082,-118.479757,single-family,5,5,1519,1944,635000,sold,2025-03-29
LIST-003005,6330 Oak Dr,Los Angeles,CA,60859,34.097676,-118.140201,single-family,5,4,1877,1928,680000,sold,2024-07-08
LIST-003006,7217 Autumn Ave,Austin,TX,94735,30.137458,-97.952097,condo,0,1,563,1986,175000,sold,2025-01-30
LIST-003007,9693 Forest Ave,Los Angeles,CA,74396,34.235984,-118.087603,condo,3,3,955,1928,250000,pending,2026-04-08
LIST-003008,1511 River Blvd,Austin,TX,76207,30.399243,-97.777777,condo,2,2,943,1980,300000,active,2025-12-26
LIST-003009,3172 Maple St,New York,NY,62114,40.803412,-74.276084,condo,0,1,612,1911,205000,sold,2025-03-14
LIST-003010,8567 Sunrise Pl,Los Angeles,CA,67031,33.987604,-118.254534,single-family,3,2,1799,2004,820000,sold,2025-01-05
LIST-003011,8050 Summer Ln,Chicago,IL,22365,42.089106,-87.691363,single-family,5,5,1840,1912,385000,sold,2024-08-21
LIST-003012,9906 Summer Blvd,Los Angeles,CA,78484,34.012462,-118.035588,single-family,6,6,2996,1917,905000,active,2024-12-21
LIST-003013,3667 Cedar Blvd,Chicago,IL,72492,41.763518,-87.545983,single-family,6,6,1579,1967,425000,pending,2025-04-06
LIST-003014,7257 Summer Ln,Los Angeles,CA,43568,34.018706,-118.317679,multi-family,8,7,2942,1950,1315000,active,2024-05-06
LIST-003015,7819 Lake Ave,Los Angeles,CA,87688,33.852593,-118.121566,condo,1,2,1270,2002,510000,sold,2025-03-17
LIST-003016,126 Mission St,Seattle,WA,92074,47.563431,-122.485719,single-family,6,5,1597,1941,465000,sold,2025-11-04
LIST-003017,1958 Elm Pl,Los Angeles,CA,81516,34.039143,-117.988512,single-family,6,6,1477,1968,565000,active,2024-10-23
LIST-003018,5946 Birch Ln,Seattle,WA,26717,47.629054,-122.564765,single-family,6,5,2160,1969,670000,withdrawn,2025-12-28
LIST-003019,1757 Autumn Ln,Miami,FL,56248,25.566504,-80.249022,single-family,2,2,2893,1939,695000,sold,2026-02-04
LIST-003020,1312 Mission Blvd,San Francisco,CA,94001,37.615718,-122.527982,single-family,2,1,1354,1986,860000,sold,2025-07-16
LIST-003021,7258 Sunrise Ave,Miami,FL,72236,25.669352,-80.337261,townhouse,3,2,1473,1990,400000,active,2025-04-22
LIST-003022,4145 Maple St,New York,NY,45574,40.573029,-74.008204,single-family,6,6,3781,2006,2090000,sold,2024-12-05
LIST-003023,5347 Jefferson Ln,Chicago,IL,90965,41.890392,-87.678403,townhouse,4,4,1984,2010,520000,sold,2025-08-13
LIST-003024,2772 Hill Ct,San Francisco,CA,26973,37.780672,-122.182045,single-family,4,4,2837,2005,1635000,pending,2025-04-17
LIST-003025,123 Spring Dr,Los Angeles,CA,82313,33.970603,-118.184664,multi-family,8,8,2536,1985,1230000,sold,2025-12-18
LIST-003026,2542 Oak Dr,San Francisco,CA,95936,37.818781,-122.264841,single-family,6,5,2663,2010,1640000,sold,2024-09-02
LIST-003027,6011 Ridge Ave,San Francisco,CA,61326,37.834446,-122.426499,single-family,5,5,2477,1990,1475000,pending,2025-09-15
LIST-003028,2740 Spring Ln,Los Angeles,CA,27575,34.255037,-118.132676,condo,0,1,1024,2007,515000,sold,2025-04-18
LIST-003029,7994 Mission Ln,Miami,FL,93465,25.647737,-80.397435,single-family,4,4,1974,2012,710000,sold,2025-12-21
LIST-003030,2443 Madison Dr,Chicago,IL,69708,41.991479,-87.535235,condo,1,1,1270,1946,260000,sold,2025-01-26
LIST-003031,2460 Lincoln Ct,Los Angeles,CA,57930,33.942901,-118.419722,condo,0,1,1453,1944,475000,withdrawn,2025-05-15
LIST-003032,7615 Washington Ave,San Francisco,CA,95469,37.621365,-122.563251,condo,2,3,1299,1959,685000,sold,2024-08-30
LIST-003033,4228 Oak St,Los Angeles,CA,73392,34.235577,-118.361533,single-family,2,2,1748,1935,555000,sold,2025-06-21
LIST-003034,360 Oak St,Chicago,IL,74651,41.916068,-87.514261,townhouse,4,3,1739,1944,420000,sold,2026-03-19
LIST-003035,5643 Spring Way,Los Angeles,CA,90859,34.228765,-118.125961,townhouse,3,3,2271,1941,780000,sold,2025-09-23
LIST-003036,2102 Winter Dr,New York,NY,95630,40.857324,-73.976426,condo,2,2,1002,1976,530000,active,2025-01-19
LIST-003037,7357 Birch Ln,Seattle,WA,15214,47.580995,-122.457011,single-family,4,3,2074,2024,1085000,active,2025-10-20
LIST-003038,6339 Hill St,Austin,TX,73490,30.456272,-97.671031,townhouse,3,2,1665,2014,430000,active,2025-05-08
LIST-003039,7549 Valley Ave,New York,NY,64731,40.630736,-73.818389,single-family,6,6,2351,2000,1320000,active,2025-10-19
LIST-003040,7492 Hill Dr,Denver,CO,72486,39.895833,-105.160158,single-family,3,3,2009,1924,360000,sold,2025-07-12
LIST-003041,6786 Jefferson Way,New York,NY,28190,40.917293,-74.018458,condo,1,1,1270,2022,690000,sold,2025-01-25
LIST-003042,5087 Madison Pl,New York,NY,31994,40.578278,-73.79172,condo,3,3,862,1934,430000,sold,2025-06-12
LIST-003043,4360 Mission Ln,San Francisco,CA,55760,37.81996,-122.39938,single-family,4,3,1753,1931,705000,sold,2025-05-31
LIST-003044,7012 Washington Way,Los Angeles,CA,35667,34.059487,-118.262934,condo,2,3,887,1942,335000,pending,2025-12-16
LIST-003045,9428 Madison Ave,Chicago,IL,46622,41.672206,-87.669289,condo,0,1,738,1946,170000,pending,2025-07-12
LIST-003046,1778 Spring Ct,Austin,TX,20614,30.368619,-97.797415,single-family,2,1,1167,2008,425000,sold,2024-07-07
LIST-003047,4241 Hill Ct,Seattle,WA,30348,47.551158,-122.047852,condo,3,4,1063,1900,340000,sold,2025-08-12
LIST-003048,6857 Pine Ct,Chicago,IL,37818,41.875967,-87.472268,condo,2,2,1517,1949,365000,sold,2025-07-27
LIST-003049,5221 Elm Ave,Chicago,IL,91043,41.938043,-87.672415,condo,3,4,1356,1986,275000,active,2024-07-03
LIST-003050,8039 Valley St,New York,NY,12600,40.574369,-74.084194,single-family,2,1,1994,1924,840000,active,2025-03-23
LIST-003051,1551 Mission Blvd,San Francisco,CA,59064,37.829849,-122.63428,condo,2,2,830,2023,635000,sold,2025-01-05
LIST-003052,5040 Cedar Blvd,Seattle,WA,55685,47.672335,-122.31034,single-family,5,5,1585,1913,525000,sold,2024-11-04
LIST-003053,8201 Pine Ave,Austin,TX,55551,30.463716,-97.758776,single-family,3,3,2357,1966,490000,sold,2024-12-11
LIST-003054,3305 Birch Pl,Miami,FL,77413,25.845613,-80.423041,single-family,3,2,2616,1913,815000,active,2024-08-06
LIST-003055,4871 Ridge Dr,Austin,TX,73516,30.338791,-97.683167,single-family,2,2,1867,2023,560000,sold,2026-02-22
LIST-003056,2946 Lincoln Pl,Los Angeles,CA,19677,34.237872,-118.2408,condo,3,3,1081,1926,315000,pending,2024-12-02
LIST-003057,3253 Market Ct,San Francisco,CA,72239,37.829298,-122.323734,single-family,2,1,1443,1929,790000,sold,2024-07-14
LIST-003058,4037 Park Ln,New York,NY,28574,40.701482,-73.826896,condo,2,2,450,1921,165000,sold,2025-12-05
LIST-003059,79 Ridge Way,Chicago,IL,39581,41.921395,-87.526415,single-family,4,3,2516,1905,520000,sold,2024-07-30
LIST-003060,3704 Hill Way,Chicago,IL,59027,42.02019,-87.412778,single-family,3,3,891,1934,145000,sold,2025-12-06
LIST-003061,6392 Lincoln St,Los Angeles,CA,67509,34.060775,-118.081447,single-family,6,6,1757,1933,705000,sold,2025-12-26
LIST-003062,2070 River Ct,San Francisco,CA,91755,37.690821,-122.290112,condo,1,1,1071,2007,555000,sold,2025-04-23
LIST-003063,8461 Washington St,San Francisco,CA,55483,37.959409,-122.404654,single-family,4,4,2970,1901,1100000,sold,2025-03-01
LIST-003064,1013 River Dr,Chicago,IL,43037,41.995043,-87.699753,townhouse,3,3,2136,1920,360000,active,2024-06-02
LIST-003065,1499 Valley Blvd,Austin,TX,98035,30.38198,-97.889328,condo,3,3,1569,1948,430000,pending,2024-06-30
LIST-003066,2166 Mission Ln,Miami,FL,25809,25.887931,-79.988358,single-family,3,3,2788,1927,655000,sold,2026-02-25
LIST-003067,2130 Sunset Blvd,New York,NY,13569,40.787757,-73.877445,condo,1,2,1110,1988,460000,sold,2024-05-12
LIST-003068,9908 Park Ct,Denver,CO,40179,39.722104,-104.751215,single-family,2,1,2439,1972,555000,withdrawn,2025-01-16
LIST-003069,7519 Lincoln Way,San Francisco,CA,88129,37.993349,-122.423878,single-family,4,3,1518,1948,670000,sold,2025-06-22
LIST-003070,2121 Sunrise Dr,Los Angeles,CA,41127,34.042911,-118.17312,condo,0,1,1289,1905,405000,pending,2026-03-28
LIST-003071,9811 Market Pl,New York,NY,29081,40.616092,-73.788268,single-family,3,2,3001,2017,1860000,sold,2025-07-31
LIST-003072,2631 Elm Blvd,Austin,TX,66646,30.337556,-97.514663,condo,1,1,1308,1924,350000,active,2024-12-03
LIST-003073,7961 Market St,New York,NY,13663,40.846141,-74.235322,single-family,2,2,800,1922,340000,active,2025-08-11
LIST-003074,2638 Elm Blvd,Miami,FL,32514,25.708091,-79.967403,multi-family,4,2,3198,1987,910000,active,2024-06-27
LIST-003075,3109 Walnut Pl,Los Angeles,CA,64392,33.924017,-118.185545,single-family,6,6,1717,2011,845000,pending,2024-12-04
LIST-003076,1315 Summer St,Los Angeles,CA,57868,34.096104,-118.091273,single-family,3,3,1904,1991,815000,sold,2025-07-27
LIST-003077,2990 Summer Dr,Los Angeles,CA,72521,33.879452,-118.357142,condo,2,2,922,1965,385000,active,2026-01-19
LIST-003078,4681 Sunset Way,San Francisco,CA,61618,37.629348,-122.491718,townhouse,2,1,1981,1977,1240000,sold,2024-12-18
LIST-003079,21 Summer Blvd,San Francisco,CA,28271,37.753919,-122.196653,single-family,4,3,2218,1981,1385000,sold,2025-09-29
LIST-003080,6735 Elm Ln,Los Angeles,CA,58228,34.019071,-118.333263,condo,2,2,1036,1913,365000,sold,2024-06-18
LIST-003081,7937 Oak Dr,New York,NY,84504,40.667061,-74.100708,single-family,6,6,2412,2005,1135000,active,2024-12-30
LIST-003082,3695 Birch Ct,Los Angeles,CA,45475,34.149952,-118.027402,single-family,4,4,800,2025,415000,active,2025-01-04
LIST-003083,1074 Park Ct,Chicago,IL,25697,41.900524,-87.468308,townhouse,4,4,1335,2013,430000,active,2026-01-08
LIST-003084,5964 Elm Ct,Denver,CO,34423,39.917606,-104.945796,townhouse,4,3,1749,1930,460000,withdrawn,2025-12-02
LIST-003085,500 Sunset Ave,Los Angeles,CA,40507,33.913325,-118.174921,single-family,5,4,1578,1937,490000,sold,2025-08-31
LIST-003086,2120 Cedar Ave,Austin,TX,93908,30.246856,-97.964922,single-family,4,3,1377,1967,405000,pending,2025-08-14
LIST-003087,1179 Summer Ln,Austin,TX,32223,30.234477,-97.920206,condo,0,1,615,1984,205000,sold,2025-04-07
LIST-003088,976 Sunset St,New York,NY,21219,40.80473,-73.982258,condo,1,2,816,2022,435000,active,2024-11-22
LIST-003089,6813 Maple Ct,Austin,TX,51483,30.382789,-97.770584,single-family,4,3,2193,1946,590000,sold,2025-07-01
LIST-003090,4365 Summer Blvd,Seattle,WA,84292,47.484486,-122.572481,single-family,4,4,1690,1944,675000,pending,2024-05-17
LIST-003091,7724 Cedar Ln,New York,NY,32828,40.651477,-74.193924,single-family,3,2,3264,1915,1010000,withdrawn,2025-04-03
LIST-003092,8184 Elm Way,Los Angeles,CA,92811,34.100364,-118.088954,single-family,5,5,3124,1982,1495000,expired,2024-05-09
LIST-003093,2906 Valley St,Los Angeles,CA,50131,34.027363,-118.333582,single-family,5,5,2127,1918,625000,active,2025-09-16
LIST-003094,1634 Market St,Denver,CO,40774,39.777283,-105.17747,condo,3,3,1132,1916,230000,withdrawn,2026-01-22
LIST-003095,8285 Cedar Blvd,New York,NY,13373,40.616095,-74.193446,condo,0,1,985,1998,555000,active,2024-06-15
LIST-003096,5021 Summer Ave,Miami,FL,68650,25.562225,-80.122395,condo,1,1,1026,2008,435000,active,2025-06-09
LIST-003097,3988 Jefferson Ct,Los Angeles,CA,94511,34.19472,-118.362421,condo,2,3,1268,2005,440000,sold,2024-11-19
LIST-003098,2232 Spring Pl,Chicago,IL,32421,41.989471,-87.865999,townhouse,4,4,2285,2012,510000,pending,2025-12-16
LIST-003099,2217 Ridge St,San Francisco,CA,74640,,,single-family,5,4,1776,1949,855000,sold,2024-05-09
LIST-003100,9216 Elm Dr,Denver,CO,85541,39.604787,-105.183748,single-family,3,3,1805,1995,615000,expired,2025-04-18
LIST-003101,6258 Mission Ct,Miami,FL,25353,25.827996,-80.328478,single-family,3,3,3075,2017,995000,sold,2025-01-08
LIST-003102,3931 Washington St,San Francisco,CA,82702,37.93572,-122.537616,single-family,6,5,2655,1999,1280000,active,2024-05-16
LIST-003103,9565 Washington Way,Austin,TX,37103,30.213511,-97.834818,townhouse,3,2,1924,1952,370000,sold,2024-10-25
LIST-003104,614 Park St,San Francisco,CA,94618,37.658711,-122.318693,multi-family,7,7,2866,2001,1870000,pending,2025-06-13
LIST-003105,4843 Valley Ave,Austin,TX,58597,30.277552,-97.684079,single-family,6,6,1510,1975,460000,sold,2025-01-29
LIST-003106,9584 Washington St,Chicago,IL,33600,41.908391,-87.888377,townhouse,3,3,2171,1953,390000,active,2024-05-10
LIST-003107,2204 Pine Pl,Seattle,WA,89942,47.656742,-122.263759,condo,0,1,1433,1968,450000,sold,2024-11-21
LIST-003108,4582 Walnut Pl,Seattle,WA,97540,47.768749,-122.401059,single-family,2,1,1615,1955,545000,pending,2025-10-21
LIST-003109,9167 River St,Los Angeles,CA,80566,34.036119,-118.496626,single-family,5,4,1554,1916,580000,sold,2024-06-10
LIST-003110,5334 Pine Way,New York,NY,58132,40.917124,-73.901446,single-family,4,3,1400,1956,725000,sold,2025-05-02
LIST-003111,8853 Pine St,Los Angeles,CA,13377,34.23406,-118.270058,single-family,3,3,1375,1921,350000,sold,2025-12-14
LIST-003112,412 Lincoln Pl,San Francisco,CA,63086,37.844735,-122.307967,townhouse,4,4,1710,2008,910000,withdrawn,2026-01-22
LIST-003113,3669 Autumn Ln,Los Angeles,CA,88541,33.867678,-118.293142,condo,0,1,789,1963,355000,active,2024-11-23
LIST-003114,1724 Maple Way,Austin,TX,68184,30.410679,-97.885993,condo,3,3,1329,1918,235000,active,2025-04-28
LIST-003115,1501 Spring Way,Los Angeles,CA,53396,34.165311,-118.414756,single-family,5,5,2089,1983,780000,sold,2025-02-01
LIST-003116,9946 Pine St,Seattle,WA,56173,47.476022,-122.19313,single-family,6,6,1722,2008,615000,sold,2024-11-30
LIST-003117,616 Washington St,San Francisco,CA,40388,37.619541,-122.492204,single-family,4,3,2069,2008,1095000,sold,2025-04-08
LIST-003118,9388 Maple St,Denver,CO,95711,39.764631,-104.799219,condo,2,2,1586,1996,420000,sold,2024-10-17
LIST-003119,6997 Sunrise Ct,San Francisco,CA,30925,37.884503,-122.181739,single-family,4,4,2387,1992,1660000,active,2024-06-23
LIST-003120,7313 Madison Blvd,Austin,TX,76279,30.452554,-97.841824,single-family,2,2,1688,1948,500000,sold,2025-01-02
LIST-003121,4934 Summer Ln,Austin,TX,15440,30.21191,-97.674516,single-family,6,6,2114,2004,580000,sold,2026-04-12
LIST-003122,381 Madison Ave,Chicago,IL,61125,41.881382,-87.589727,condo,3,4,889,2013,290000,sold,2025-02-17
LIST-003123,5655 Market Dr,New York,NY,39220,40.592953,-74.037252,multi-family,5,3,2856,1928,970000,sold,2026-03-25
LIST-003124,384 Pine Way,San Francisco,CA,77683,37.79753,-122.442477,condo,0,1,582,2001,310000,sold,2025-05-21
LIST-003125,1434 Madison Dr,San Francisco,CA,42960,37.651377,-122.601852,single-family,3,2,2183,1977,1210000,sold,2025-09-14
LIST-003126,2187 Oak Dr,Los Angeles,CA,50437,33.894915,-118.268744,single-family,5,4,1886,1918,710000,active,2026-01-14
LIST-003127,5231 Sunrise Ct,Chicago,IL,34918,42.068632,-87.529282,condo,0,1,806,1942,160000,active,2025-01-05
LIST-003128,5847 Winter Ave,Austin,TX,46810,30.125264,-97.611374,single-family,3,2,2385,1908,440000,expired,2025-05-02
LIST-003129,6835 Valley Way,Miami,FL,44658,25.875329,-80.01853,single-family,5,5,1648,1998,680000,sold,2025-10-26
LIST-003130,8080 Market Ln,San Francisco,CA,61251,37.719864,-122.614286,condo,3,3,822,1907,380000,active,2026-03-08
LIST-003131,9848 Mission Ct,Miami,FL,98717,25.701214,-80.010886,townhouse,2,2,1942,1941,550000,sold,2024-10-05
LIST-003132,7728 Winter Ave,Miami,FL,49015,25.762261,-80.024769,condo,3,3,744,1948,205000,active,2024-10-22
LIST-003133,2972 Lincoln Dr,Los Angeles,CA,66562,34.078794,-118.157507,single-family,2,2,1073,1953,455000,sold,2025-09-13
LIST-003134,8368 Winter Dr,New York,NY,49970,40.623424,-73.866964,single-family,4,3,1892,1943,865000,active,2024-10-30
LIST-003135,6526 Lake Dr,Chicago,IL,44074,41.793109,-87.48829,single-family,4,4,2179,1974,475000,active,2024-11-16
LIST-003136,7321 Oak Ln,Chicago,IL,89518,41.81988,-87.918614,multi-family,4,2,3430,1993,960000,pending,2025-10-19
LIST-003137,2163 Lincoln Pl,Miami,FL,44932,25.683076,-80.035709,condo,3,4,1465,1966,415000,sold,2025-09-16
LIST-003138,8785 Winter St,New York,NY,44017,40.667123,-73.873472,single-family,3,2,1378,1907,420000,sold,2025-12-19
LIST-003139,7205 Autumn Pl,Los Angeles,CA,73915,33.907319,-118.271574,condo,0,1,909,2014,480000,withdrawn,2024-09-13
LIST-003140,8018 Walnut Ct,San Francisco,CA,62908,37.647971,-122.471433,single-family,6,6,2220,1943,1260000,active,2026-03-18
LIST-003141,6815 Winter Ave,New York,NY,25383,40.732867,-73.734189,single-family,5,5,2211,1981,1320000,withdrawn,2025-07-17
LIST-003142,2961 Valley Pl,Seattle,WA,19961,47.548733,-122.497654,single-family,6,5,2146,1961,900000,pending,2026-04-27
LIST-003143,9361 Lake Pl,Chicago,IL,93606,41.952793,-87.411841,single-family,5,4,800,1958,150000,sold,2024-07-11
LIST-003144,1159 Hill Pl,Chicago,IL,91294,41.751399,-87.669837,condo,1,1,1425,1919,290000,active,2024-05-21
LIST-003145,5469 Pine Pl,Los Angeles,CA,24847,34.143102,-118.12894,single-family,2,2,1804,1923,685000,withdrawn,2025-07-07
LIST-003146,6419 Valley Way,San Francisco,CA,25331,37.949877,-122.416721,condo,3,3,1314,1983,705000,sold,2024-10-01
LIST-003147,1460 Oak Ave,Los Angeles,CA,32915,33.971349,-118.173033,single-family,4,3,3276,2023,1435000,active,2026-04-14
LIST-003148,7366 Sunrise St,San Francisco,CA,84821,37.704663,-122.682211,single-family,6,6,2009,1937,980000,sold,2025-02-03
LIST-003149,6086 River Dr,Los Angeles,CA,38364,33.864851,-118.215262,single-family,6,6,1829,1905,440000,active,2026-04-17
LIST-003150,5120 Summer Ln,Miami,FL,49360,25.604633,-80.347666,single-family,3,2,2389,1964,745000,sold,2026-02-21
LIST-003151,387 Ridge Blvd,New York,NY,59415,40.831793,-73.863925,condo,1,1,1225,1997,540000,active,2024-05-22
LIST-003152,5600 Oak Ct,New York,NY,44425,40.816422,-73.825531,condo,1,1,519,1911,200000,active,2025-04-13
LIST-003153,9710 Washington Dr,Chicago,IL,77056,42.00458,-87.753768,single-family,6,6,1777,1915,275000,withdrawn,2024-10-15
LIST-003154,5734 Valley Pl,Chicago,IL,98809,41.709939,-87.784981,townhouse,2,2,1696,1947,440000,sold,2025-12-28
LIST-003155,4435 Forest St,New York,NY,52825,40.653909,-74.036092,condo,3,3,1179,1993,730000,active,2026-03-03
LIST-003156,1687 Summer Ave,San Francisco,CA,44339,37.832522,-122.192287,condo,2,3,1074,1930,470000,withdrawn,2025-05-19
LIST-003157,783 Washington Ave,San Francisco,CA,59666,37.752368,-122.137935,single-family,6,6,1207,1960,645000,expired,2025-08-07
LIST-003158,3352 Autumn Ct,Los Angeles,CA,49666,33.930566,-118.234561,single-family,6,6,1624,1902,575000,sold,2025-07-20
LIST-003159,6831 Maple Ct,San Francisco,CA,96721,37.94245,-122.382685,townhouse,2,1,1729,1996,810000,sold,2026-01-31
LIST-003160,6793 Oak Ave,Los Angeles,CA,10390,33.936915,-118.083694,townhouse,2,1,1640,2014,785000,active,2024-06-15
LIST-003161,9194 Jefferson St,Los Angeles,CA,50404,34.095644,-118.391986,multi-family,4,3,3462,1944,1500000,sold,2026-04-21
LIST-003162,9351 Summer Dr,New York,NY,22749,40.611108,-74.098337,single-family,5,4,3148,1970,1740000,pending,2025-02-01
LIST-003163,3270 Lincoln Ave,San Francisco,CA,84153,37.84122,-122.545584,townhouse,4,3,1725,2000,920000,active,2025-09-10
LIST-003164,2552 Pine Way,Chicago,IL,98880,41.810692,-87.744934,condo,3,3,652,1951,145000,sold,2025-08-29
LIST-003165,8711 Lincoln Blvd,Austin,TX,77472,30.116925,-97.577081,townhouse,2,1,1612,1933,310000,active,2026-01-06
LIST-003166,398 Walnut Pl,Los Angeles,CA,15909,33.843854,-118.307979,condo,3,3,917,1925,315000,sold,2025-06-27
LIST-003167,9041 Pine Dr,Seattle,WA,43031,47.71756,-122.094229,single-family,6,5,1264,1966,425000,sold,2025-04-20
LIST-003168,6338 Pine Pl,Los Angeles,CA,23235,34.024015,-118.266054,condo,0,1,913,1901,245000,sold,2025-07-04
LIST-003169,8305 Cedar St,New York,NY,35205,40.723515,-74.00885,single-family,4,3,2060,2008,1235000,sold,2025-10-12
LIST-003170,4459 Ridge Ave,New York,NY,57335,40.638025,-74.210234,single-family,4,4,1814,1989,940000,active,2026-02-13
LIST-003171,8140 Autumn Ct,New York,NY,87176,40.674488,-74.242634,condo,3,4,1188,1924,500000,active,2024-08-22
LIST-003172,2230 Market Ct,San Francisco,CA,54929,37.816324,-122.490584,single-family,3,3,1989,1932,1020000,active,2025-03-12
LIST-003173,385 Cedar Ct,Miami,FL,37136,25.699375,-80.133077,condo,2,2,1602,1907,315000,active,2025-11-03
LIST-003174,3158 River Ln,Seattle,WA,94821,47.499537,-122.073062,single-family,5,4,1521,2015,570000,active,2025-11-16
LIST-003175,9371 Winter St,San Francisco,CA,77166,37.753131,-122.282301,townhouse,2,2,1699,1977,990000,pending,2024-10-03
LIST-003176,7310 Sunrise Blvd,Los Angeles,CA,29975,34.228453,-118.233791,condo,2,3,865,1982,280000,sold,2025-03-05
LIST-003177,9390 Madison Ave,San Francisco,CA,70367,37.586782,-122.405119,single-family,2,2,2387,1910,1190000,withdrawn,2025-11-27
LIST-003178,3258 Birch Ln,Los Angeles,CA,28052,33.928476,-118.294105,condo,2,3,848,1954,275000,sold,2024-08-18
LIST-003179,6300 Park Ave,San Francisco,CA,70156,37.578021,-122.387211,condo,1,1,1266,2014,655000,active,2026-04-22
LIST-003180,6231 Birch Way,Chicago,IL,23984,41.869235,-87.480864,single-family,4,3,2230,1966,590000,expired,2024-11-06
LIST-003181,4630 Hill Pl,Los Angeles,CA,50295,34.130637,-118.328536,single-family,2,2,2395,1926,630000,sold,2026-02-06
LIST-003182,395 Market Blvd,Chicago,IL,72707,41.990905,-87.781444,single-family,4,3,2129,1984,640000,active,2024-08-12
LIST-003183,5706 Maple Pl,Seattle,WA,20204,47.427548,-122.443544,single-family,5,4,1913,1985,770000,sold,2024-12-24
LIST-003184,666 Sunset Ave,Austin,TX,76326,30.120019,-97.899394,single-family,3,2,1573,1990,425000,active,2025-03-16
LIST-003185,2342 Birch Way,New York,NY,11076,40.67676,-73.777698,single-family,4,4,2285,1918,1025000,sold,2025-05-11
LIST-003186,1228 Forest Ct,New York,NY,24641,40.730284,-73.754056,condo,1,2,1196,1970,450000,pending,2024-10-12
LIST-003187,1123 Autumn Ave,Austin,TX,86027,30.176312,-97.919697,single-family,4,3,1951,1914,340000,expired,2026-01-17
LIST-003188,8460 River St,San Francisco,CA,58358,37.904492,-122.534447,single-family,6,6,2015,2016,1075000,active,2025-09-15
LIST-003189,7316 Pine Ln,Los Angeles,CA,86121,34.082775,-118.09909,townhouse,4,3,1446,1992,750000,sold,2025-11-27
LIST-003190,5036 Ridge St,Seattle,WA,75237,47.510983,-122.128166,single-family,2,1,2707,1982,1130000,sold,2024-06-22
LIST-003191,8836 Winter Ct,San Francisco,CA,16836,37.862783,-122.6366,condo,2,3,1023,1977,640000,sold,2025-03-29
LIST-003192,4857 Sunset Pl,Miami,FL,67741,25.905108,-80.048314,single-family,2,1,2507,1908,650000,sold,2025-11-08
LIST-003193,8529 Cedar Way,Los Angeles,CA,77696,34.195563,-118.274029,condo,2,2,886,1931,320000,sold,2025-09-10
LIST-003194,499 Summer Pl,Seattle,WA,67433,47.57818,-122.145624,condo,2,3,1150,1998,545000,pending,2025-09-27
LIST-003195,4305 Cedar Blvd,Chicago,IL,73561,41.689233,-87.59156,single-family,2,1,1705,2023,420000,expired,2024-06-25
LIST-003196,2673 Park Ave,Seattle,WA,58067,47.418075,-122.503692,single-family,3,2,1674,1948,550000,active,2024-06-10
LIST-003197,2225 Autumn Blvd,Denver,CO,30244,39.620587,-105.021526,single-family,3,2,1975,2012,705000,active,2024-12-26
LIST-003198,1760 Summer Ln,San Francisco,CA,18087,37.762235,-122.319052,single-family,4,3,2426,1905,970000,pending,2024-08-30
LIST-003199,3206 Autumn Blvd,Denver,CO,85097,39.63472,-105.122647,single-family,3,2,2175,1973,540000,active,2024-07-31
LIST-003200,8527 Ridge Ln,San Francisco,CA,54014,37.604562,-122.305254,single-family,5,4,2237,2016,1470000,sold,2025-12-18
LIST-003201,8065 River St,Austin,TX,80486,30.20329,-97.687119,condo,2,3,1158,1904,265000,sold,2024-05-26
LIST-003202,9878 River Pl,Los Angeles,CA,71112,33.865676,-118.104615,single-family,3,3,2021,2007,840000,sold,2026-02-04
LIST-003203,8124 Oak Ln,Chicago,IL,33348,41.79367,-87.689002,single-family,6,5,1950,1934,440000,active,2026-03-30
LIST-003204,8311 Lincoln Dr,Los Angeles,CA,88309,34.244351,-118.175926,single-family,3,3,2295,1918,755000,active,2026-04-24
LIST-003205,3506 Madison St,Austin,TX,79440,30.225211,-97.567803,single-family,5,5,2999,2013,1005000,sold,2026-03-04
LIST-003206,2703 Birch Dr,San Francisco,CA,57724,37.79021,-122.350118,condo,1,1,1354,1974,610000,active,2024-10-20
LIST-003207,4576 Cedar Blvd,Seattle,WA,42813,47.590047,-122.14012,condo,0,1,1109,1935,365000,sold,2025-07-01
LIST-003208,2177 Cedar Ln,Seattle,WA,84816,47.600479,-122.542147,single-family,4,4,2485,1959,910000,active,2025-07-31
LIST-003209,6018 Ridge Ln,Austin,TX,94999,30.220061,-97.695303,condo,0,1,1043,1919,275000,sold,2025-09-27
LIST-003210,548 Park St,San Francisco,CA,70083,37.784178,-122.665597,single-family,5,4,1895,2010,905000,sold,2025-03-18
LIST-003211,8813 Winter Way,Los Angeles,CA,62064,34.119538,-118.398472,single-family,5,5,2576,1985,955000,pending,2026-01-18
LIST-003212,1177 Winter Ave,New York,NY,62987,40.658059,-74.05387,townhouse,3,2,1660,1993,740000,sold,2025-10-05
LIST-003213,2152 Washington Blvd,San Francisco,CA,28299,37.693013,-122.248625,single-family,6,6,1943,2023,1280000,sold,2024-12-13
LIST-003214,7949 Elm Blvd,New York,NY,63112,40.707707,-73.85855,condo,2,2,928,1961,510000,pending,2025-05-16
LIST-003215,3303 Summer Dr,Austin,TX,47045,30.455987,-97.847482,townhouse,4,4,1638,1974,455000,active,2025-09-27
LIST-003216,8891 Maple Pl,Seattle,WA,94469,47.668181,-122.458161,single-family,6,6,2139,2009,850000,sold,2025-02-22
LIST-003217,103 Washington Blvd,Chicago,IL,12065,41.888526,-87.434948,single-family,3,3,1531,1978,325000,sold,2026-01-23
LIST-003218,9328 Hill Blvd,Chicago,IL,33140,41.897126,-87.485449,condo,2,3,1127,1914,185000,sold,2025-04-15
LIST-003219,4049 River Dr,Chicago,IL,42293,42.064123,-87.646526,condo,2,2,1017,2005,265000,sold,2025-08-18
LIST-003220,6833 Pine St,San Francisco,CA,75842,37.720883,-122.562398,single-family,6,6,2410,2000,1750000,sold,2025-08-19
LIST-003221,2091 Elm Pl,Chicago,IL,49601,41.879269,-87.845003,condo,0,1,946,1992,205000,active,2024-11-25
LIST-003222,3911 Birch Way,Los Angeles,CA,51336,33.964018,-118.155323,single-family,3,2,1792,1922,495000,active,2026-01-12
LIST-003223,8966 River Blvd,San Francisco,CA,18977,37.723493,-122.479331,condo,1,1,1291,1912,440000,sold,2025-01-18
LIST-003224,5597 Sunset Way,Miami,FL,10609,25.659418,-80.266799,single-family,2,2,1848,1925,530000,sold,2025-11-12
LIST-003225,9403 Cedar Ave,Miami,FL,69437,25.611813,-80.080375,condo,3,4,947,1927,315000,active,2024-05-03
LIST-003226,1047 River Pl,Denver,CO,76661,39.632621,-104.736739,single-family,2,1,1449,2019,410000,sold,2025-09-29
LIST-003227,6207 Ridge Ln,New York,NY,34088,40.588039,-74.229004,single-family,6,6,2854,2005,1450000,sold,2024-06-17
LIST-003228,2550 Valley Ave,Chicago,IL,99111,41.929479,-87.848205,condo,2,3,954,1985,185000,active,2026-03-21
LIST-003229,1774 Autumn Pl,Miami,FL,49520,25.790436,-80.098545,single-family,5,4,1975,1923,450000,sold,2025-10-10
LIST-003230,522 Market Blvd,Los Angeles,CA,69467,33.972834,-118.413253,townhouse,4,4,1391,2017,560000,sold,2024-07-20
LIST-003231,3574 Park Ct,Chicago,IL,52287,41.88971,-87.447627,condo,0,1,1149,1912,170000,pending,2025-11-23
LIST-003232,6247 Hill Dr,Austin,TX,18455,30.210214,-97.993318,multi-family,4,2,3667,1956,1125000,sold,2025-09-04
LIST-003233,6730 Jefferson Blvd,Austin,TX,49674,30.18747,-97.839224,condo,2,2,1270,1981,350000,sold,2025-01-07
LIST-003234,5688 Sunset Ave,Austin,TX,77137,30.197936,-97.683327,single-family,6,5,3468,1943,940000,sold,2024-09-12
LIST-003235,1759 Valley Way,Austin,TX,88239,30.406751,-97.790976,multi-family,8,6,1883,1954,525000,pending,2024-12-14
LIST-003236,1349 Forest Ave,Los Angeles,CA,48114,34.170138,-118.140535,single-family,6,5,836,1914,295000,sold,2025-10-20
LIST-003237,7937 Maple Ct,Seattle,WA,75294,47.602865,-122.297661,single-family,2,1,2115,2006,770000,sold,2024-08-07
LIST-003238,16 Market Ct,Chicago,IL,87963,41.725934,-87.425096,single-family,2,2,1034,1913,190000,sold,2025-12-16
LIST-003239,7281 Jefferson Pl,Chicago,IL,23856,42.028879,-87.646024,single-family,3,3,1990,1921,415000,active,2025-12-09
LIST-003240,5654 Hill Ave,Los Angeles,CA,28850,33.877545,-118.324416,condo,3,3,1477,1901,515000,sold,2025-08-15
LIST-003241,7645 Birch Ct,Seattle,WA,16404,47.645896,-122.516226,single-family,2,1,2815,1969,1195000,withdrawn,2024-11-28
LIST-003242,6437 Walnut Ct,Seattle,WA,18101,47.495124,-122.266881,condo,0,1,1404,1911,360000,pending,2025-09-25
LIST-003243,5067 Walnut Way,Austin,TX,73726,30.21389,-97.74677,condo,1,1,907,2020,245000,sold,2025-03-29
LIST-003244,9440 Birch Blvd,Denver,CO,61355,39.616302,-104.808475,condo,3,3,1072,1959,275000,sold,2025-06-02
LIST-003245,3486 Mission Way,Los Angeles,CA,67307,34.232891,-118.259829,single-family,5,5,1771,1963,550000,sold,2024-07-30
LIST-003246,2114 Washington Ln,Chicago,IL,75870,42.00671,-87.654682,condo,2,2,1189,1954,290000,sold,2025-01-17
LIST-003247,3603 Pine Ln,Denver,CO,90772,39.774353,-105.124876,condo,3,3,836,1980,215000,sold,2024-10-06
LIST-003248,6389 Birch Ln,New York,NY,85994,40.697007,-73.757417,townhouse,3,2,1654,1939,760000,expired,2024-05-26
LIST-003249,333 Walnut Way,New York,NY,70980,40.872351,-74.071373,single-family,2,1,3130,1920,1340000,sold,2025-09-07
LIST-003250,8013 Park Ave,Los Angeles,CA,84755,33.940382,-118.117537,condo,1,2,1173,1957,495000,sold,2025-04-08
LIST-003251,6696 Cedar Way,Austin,TX,39945,30.271969,-97.742113,condo,2,2,1233,2008,335000,sold,2026-02-02
LIST-003252,3460 Washington St,Austin,TX,51642,30.239525,-97.87526,single-family,2,2,2042,1972,460000,active,2024-08-20
LIST-003253,6074 Park Blvd,San Francisco,CA,17184,37.66854,-122.247928,single-family,2,1,891,2006,620000,active,2025-07-19
LIST-003254,4649 Valley Blvd,Los Angeles,CA,59380,33.997305,-118.424959,single-family,6,5,2567,1944,905000,sold,2024-12-30
LIST-003255,879 Jefferson Blvd,Miami,FL,48136,25.788186,-80.07502,townhouse,4,3,2299,1943,545000,withdrawn,2024-10-08
LIST-003256,6008 Mission Dr,Los Angeles,CA,86238,34.128253,-118.160166,condo,3,3,699,2001,270000,sold,2024-11-21
LIST-003257,7446 Cedar Blvd,New York,NY,92638,40.823516,-74.071779,multi-family,7,5,4878,1926,1735000,sold,2024-10-29
LIST-003258,6173 Sunset Ave,Miami,FL,38801,25.803771,-80.255549,single-family,5,5,977,2013,360000,active,2024-09-06
LIST-003259,112 Winter Blvd,Austin,TX,99119,30.34938,-97.932637,single-family,2,2,2492,1969,680000,sold,2025-07-23
LIST-003260,3110 Lake Ln,Miami,FL,19110,25.647895,-80.030735,condo,2,3,1000,1945,290000,active,2024-06-19
LIST-003261,3704 Pine Pl,New York,NY,91658,40.773054,-73.822885,single-family,6,5,2668,1984,1105000,sold,2024-11-20
LIST-003262,6175 Washington Dr,Chicago,IL,72817,41.865436,-87.391641,single-family,2,2,3028,1983,655000,sold,2025-12-17
LIST-003263,5252 Walnut Ln,Chicago,IL,60331,41.982223,-87.674493,condo,0,1,1302,1928,230000,sold,2025-04-11
LIST-003264,5663 Summer Way,Denver,CO,83051,39.761749,-104.929958,single-family,5,4,1544,1966,445000,sold,2024-10-30
LIST-003265,4450 Oak Way,Austin,TX,28507,,,townhouse,4,3,1552,1939,375000,pending,2025-08-05
LIST-003266,5387 Washington St,San Francisco,CA,95422,37.705699,-122.646177,townhouse,3,3,1393,2024,760000,active,2024-07-19
LIST-003267,7985 Birch Ave,San Francisco,CA,16846,37.772671,-122.670614,condo,1,1,1957,1922,665000,active,2025-11-13
LIST-003268,3526 Sunset St,San Francisco,CA,24997,37.776207,-122.529812,condo,1,1,1241,2004,855000,pending,2025-02-02
LIST-003269,2865 Cedar Blvd,Chicago,IL,79800,41.754418,-87.762452,condo,1,2,1287,1944,230000,pending,2025-04-05
LIST-003270,6031 River Way,Denver,CO,93753,39.857709,-104.880308,single-family,4,3,2154,1973,715000,pending,2024-09-15
LIST-003271,3418 Winter Pl,Seattle,WA,49131,47.660825,-122.355977,condo,2,2,1724,1972,580000,active,2025-12-05
LIST-003272,5117 Sunrise Ct,Seattle,WA,81224,47.511024,-122.288042,condo,1,2,1230,1953,510000,sold,2025-01-30
LIST-003273,9530 Forest Ln,Seattle,WA,70812,47.536889,-122.503543,condo,3,3,932,2010,365000,sold,2025-03-04
LIST-003274,2724 Forest Ln,New York,NY,69817,,,condo,2,2,1446,2011,960000,pending,2025-05-26
LIST-003275,3017 Madison Way,Los Angeles,CA,61084,33.92193,-118.386462,single-family,6,6,2210,1950,770000,active,2025-08-31
LIST-003276,5492 Elm Ave,San Francisco,CA,90549,37.668495,-122.342649,condo,2,3,853,2002,535000,active,2025-09-09
LIST-003277,5321 Summer Ave,Los Angeles,CA,74567,34.084193,-118.007462,single-family,6,5,1992,2025,1150000,sold,2026-03-29
LIST-003278,9190 Washington Dr,New York,NY,53097,40.593856,-73.969924,condo,3,3,1653,1940,745000,active,2025-08-07
LIST-003279,5702 Hill Way,Austin,TX,18721,30.29468,-97.553022,condo,1,2,1263,1977,365000,sold,2025-08-21
LIST-003280,1087 Jefferson Ave,New York,NY,84886,40.56648,-74.146338,single-family,3,2,1722,1983,915000,active,2024-05-06
LIST-003281,1587 Oak Way,Denver,CO,83994,39.62899,-105.063514,single-family,2,2,3214,1954,740000,sold,2024-05-20
LIST-003282,5943 Washington Pl,Austin,TX,18073,30.386715,-97.747192,single-family,5,5,2708,1979,795000,sold,2024-11-26
LIST-003283,1481 Madison Blvd,Los Angeles,CA,76705,34.040248,-118.04824,condo,2,3,1083,1902,350000,active,2025-10-07
LIST-003284,5491 Cedar St,Denver,CO,58924,39.558358,-104.834898,single-family,2,1,1737,1970,470000,pending,2024-05-28
LIST-003285,6952 Lincoln Ln,Chicago,IL,99360,41.955619,-87.806063,condo,0,1,1444,1974,430000,sold,2024-05-24
LIST-003286,5908 Lincoln Way,San Francisco,CA,88767,37.854342,-122.646645,single-family,6,5,1209,2000,835000,active,2026-02-18
LIST-003287,4135 Washington St,Denver,CO,83839,39.651498,-104.963314,single-family,5,5,2569,2007,870000,sold,2025-02-26
LIST-003288,454 Washington Ln,Seattle,WA,20086,47.574044,-122.339261,single-family,5,5,1692,1902,360000,sold,2025-01-31
LIST-003289,3293 Walnut Pl,Los Angeles,CA,93200,34.082021,-118.448722,condo,2,2,640,1976,225000,active,2025-01-24
LIST-003290,54 Cedar Ave,Los Angeles,CA,79303,33.981167,-118.48179,single-family,2,2,2279,1993,990000,sold,2025-10-31
LIST-003291,3862 Elm Ln,Chicago,IL,36481,41.990505,-87.824251,condo,0,1,1134,1941,285000,withdrawn,2024-10-09
LIST-003292,8364 Sunrise St,San Francisco,CA,41455,37.988533,-122.398211,single-family,2,2,2775,1962,1440000,sold,2025-03-20
LIST-003293,3929 Park Ave,Miami,FL,48501,25.830054,-79.992904,townhouse,2,2,2157,1923,695000,pending,2025-06-08
LIST-003294,2323 Market Way,Chicago,IL,14507,41.993634,-87.781579,condo,3,3,480,1975,110000,active,2025-12-11
LIST-003295,3666 Mission Ave,New York,NY,95652,40.885221,-73.9847,condo,1,1,1223,1912,455000,sold,2025-06-23
LIST-003296,1498 Sunrise Dr,Los Angeles,CA,32356,34.026727,-118.055482,single-family,3,3,2512,2007,1035000,sold,2025-07-20
LIST-003297,9070 Lake Ln,Los Angeles,CA,73767,33.837769,-118.277314,single-family,6,6,2111,1980,1010000,sold,2025-08-20
LIST-003298,7498 Winter Ct,Seattle,WA,27395,47.557919,-122.269267,single-family,2,1,1914,1921,455000,active,2024-07-22
LIST-003299,1655 Cedar Dr,Seattle,WA,15744,47.480927,-122.54591,condo,1,2,1173,1996,515000,sold,2025-01-14
LIST-003300,9602 Lincoln Ln,Los Angeles,CA,79027,33.897223,-118.061237,townhouse,4,3,1515,1903,470000,sold,2024-07-04
LIST-003301,5033 Birch Ave,Los Angeles,CA,47859,34.019369,-118.462416,single-family,6,5,2417,2007,900000,sold,2024-06-12
LIST-003302,6901 Spring Way,Seattle,WA,49460,47.622367,-122.132907,single-family,2,1,2487,2004,970000,active,2024-12-07
LIST-003303,291 Jefferson Dr,Denver,CO,59664,39.787502,-105.191273,condo,1,2,996,1965,275000,sold,2024-12-18
LIST-003304,9993 Washington Pl,New York,NY,39335,40.824628,-74.023507,single-family,6,5,1412,1919,435000,withdrawn,2024-07-16
LIST-003305,1903 Elm Way,Los Angeles,CA,29871,33.929731,-118.374424,single-family,5,5,2079,1994,730000,pending,2026-02-09
LIST-003306,7469 Birch St,New York,NY,28015,40.936698,-74.003216,single-family,6,6,800,1935,365000,active,2025-05-04
LIST-003307,9111 Sunrise Pl,Seattle,WA,89184,47.431365,-122.518515,single-family,5,5,2283,1954,695000,active,2026-04-13
LIST-003308,8956 Autumn Blvd,Los Angeles,CA,57933,34.171017,-118.01991,multi-family,8,7,3108,2017,1450000,expired,2025-04-23
LIST-003309,8323 Lincoln Ave,New York,NY,78592,40.831089,-73.763084,single-family,6,5,2418,1947,1225000,sold,2025-07-07
LIST-003310,43 Forest Ln,Denver,CO,40821,39.804387,-105.256843,condo,2,3,610,1915,135000,sold,2025-07-10
LIST-003311,216 Ridge St,Los Angeles,CA,88091,33.896863,-118.35978,condo,2,3,1173,1936,415000,sold,2024-07-16
LIST-003312,1337 Market Pl,Miami,FL,14185,25.666211,-80.399825,single-family,4,4,1732,1935,560000,sold,2025-12-21
LIST-003313,3927 Lincoln St,Los Angeles,CA,43356,34.076762,-118.079629,single-family,3,3,1619,1985,670000,expired,2024-12-24
LIST-003314,1289 Oak Blvd,New York,NY,66580,40.76401,-73.929012,townhouse,2,1,1211,1963,585000,sold,2025-07-31
LIST-003315,9357 Lincoln Ave,Los Angeles,CA,14891,34.127231,-118.249819,townhouse,4,4,1465,1935,455000,sold,2024-09-15
LIST-003316,933 Cedar St,Los Angeles,CA,63174,33.855264,-118.30542,single-family,6,5,2165,1963,830000,pending,2025-03-28
LIST-003317,411 Oak St,San Francisco,CA,71780,37.891595,-122.444229,condo,3,3,1513,1916,565000,pending,2025-01-19
LIST-003318,7399 Mission Ave,Los Angeles,CA,41034,34.052726,-118.495831,single-family,4,4,2422,1974,1090000,expired,2025-09-12
LIST-003319,6679 Walnut Pl,Austin,TX,80248,30.32058,-97.925755,single-family,2,1,2127,1922,380000,sold,2024-06-30
LIST-003320,6246 Birch Dr,New York,NY,21328,40.810836,-73.894531,single-family,6,6,2285,1995,1370000,expired,2025-11-11
LIST-003321,4574 Sunrise Ct,Seattle,WA,61552,47.505219,-122.197685,single-family,4,4,1942,1919,605000,pending,2026-02-19
LIST-003322,3352 Sunset Blvd,Los Angeles,CA,46980,34.002125,-118.28873,single-family,4,4,1782,1926,555000,active,2025-12-02
LIST-003323,4556 Autumn Way,New York,NY,67699,40.611618,-73.937072,townhouse,4,4,2137,1961,920000,sold,2025-09-13
LIST-003324,7381 Jefferson St,New York,NY,58001,40.778395,-73.85728,single-family,3,3,3247,1946,1455000,sold,2024-08-23
LIST-003325,3649 Pine Ave,Los Angeles,CA,73677,34.1457,-118.17876,townhouse,4,3,2258,1937,910000,sold,2025-08-27
LIST-003326,5219 Ridge Blvd,Seattle,WA,93778,47.548626,-122.251987,single-family,6,5,2315,1923,845000,active,2025-11-28
LIST-003327,8394 Hill Way,Los Angeles,CA,13506,34.120316,-118.231781,condo,1,1,450,1907,150000,sold,2025-06-30
LIST-003328,7365 Lincoln Pl,Denver,CO,58897,39.89119,-105.148829,multi-family,5,4,3671,1933,815000,sold,2025-04-14
LIST-003329,4201 Lincoln Pl,Los Angeles,CA,52810,34.01711,-118.088689,single-family,6,6,1962,1927,615000,active,2025-05-06
LIST-003330,3820 Oak Ave,New York,NY,33764,40.8643,-73.92434,condo,3,3,521,1982,295000,withdrawn,2025-05-09
LIST-003331,2610 Autumn Ln,Los Angeles,CA,88964,34.062922,-118.25964,multi-family,8,6,3489,1933,1120000,active,2026-03-27
LIST-003332,6041 Washington Ct,Seattle,WA,11106,47.592698,-122.418847,condo,1,1,484,1921,125000,sold,2024-05-16
LIST-003333,339 Pine Ln,Los Angeles,CA,20001,34.058481,-118.317127,townhouse,3,2,1953,1923,500000,sold,2025-02-17
LIST-003334,3472 Forest Pl,Los Angeles,CA,19303,34.08829,-118.411641,single-family,5,5,2238,1990,970000,expired,2024-12-11
LIST-003335,3116 Oak Dr,Los Angeles,CA,21979,33.88492,-118.071491,condo,1,2,1035,1967,475000,active,2024-06-25
LIST-003336,3845 Sunrise Dr,New York,NY,72402,40.597916,-74.14674,single-family,4,3,1074,2006,555000,active,2025-04-27
LIST-003337,7260 Sunrise Ln,New York,NY,62391,40.649542,-73.957455,condo,1,1,831,1952,435000,active,2024-05-13
LIST-003338,1178 Jefferson St,San Francisco,CA,59974,37.606196,-122.367377,single-family,3,3,1657,1947,860000,sold,2025-03-06
LIST-003339,2783 Spring Ct,Los Angeles,CA,27355,34.06303,-118.251948,condo,3,4,535,1912,125000,active,2024-08-18
LIST-003340,8956 Pine Ct,Denver,CO,20047,39.843468,-105.008482,condo,2,3,1101,1995,260000,withdrawn,2026-02-06
LIST-003341,1310 Pine Ct,Chicago,IL,46911,41.848382,-87.895631,single-family,5,4,1432,1961,385000,active,2024-07-25
LIST-003342,8314 Mission Ct,Los Angeles,CA,87342,34.108371,-118.150609,single-family,2,1,2382,1932,910000,withdrawn,2026-04-13
LIST-003343,5364 Oak Blvd,San Francisco,CA,87996,37.891674,-122.299436,townhouse,3,3,1856,1941,785000,pending,2026-01-23
LIST-003344,5667 Washington Way,Austin,TX,53428,30.386962,-97.534352,condo,1,1,970,2006,330000,sold,2024-06-09
LIST-003345,7262 Sunrise Ave,San Francisco,CA,51988,37.716717,-122.162414,multi-family,5,4,3648,1922,1405000,sold,2025-09-01
LIST-003346,8595 Forest Pl,Miami,FL,11880,25.887411,-79.990155,single-family,5,5,3615,1988,1095000,sold,2024-08-10
LIST-003347,4913 Washington Ct,Seattle,WA,18097,47.684543,-122.593226,single-family,6,6,2534,1970,720000,withdrawn,2025-08-21
LIST-003348,5119 Washington Ave,Los Angeles,CA,89781,34.21386,-118.359917,single-family,5,4,2992,1922,1005000,active,2024-08-30
LIST-003349,4346 Summer Ln,New York,NY,93617,40.704873,-73.768999,condo,0,1,790,1941,385000,expired,2025-01-05
LIST-003350,3481 Mission Blvd,New York,NY,75796,40.584453,-73.964579,townhouse,2,1,3031,1914,1055000,active,2025-04-27
LIST-003351,5009 Winter Ln,Denver,CO,47949,39.764889,-105.258087,single-family,3,2,2169,1941,480000,sold,2025-09-03
LIST-003352,4929 Hill Ct,New York,NY,94305,40.609933,-73.80014,single-family,2,2,1471,2014,885000,sold,2024-08-29
LIST-003353,5464 Summer Dr,Seattle,WA,50063,47.759102,-122.51382,condo,2,2,1374,1922,510000,active,2024-11-10
LIST-003354,2447 Market St,Los Angeles,CA,49749,33.912578,-118.259304,single-family,3,2,3837,2004,1590000,sold,2025-02-11
LIST-003355,7904 Maple Ave,New York,NY,57897,40.833636,-74.252806,condo,0,1,1146,1981,530000,sold,2024-06-30
LIST-003356,4488 Elm Ave,New York,NY,56354,40.870806,-73.821757,single-family,6,6,2947,1981,1360000,active,2024-06-23
LIST-003357,7205 Summer Blvd,San Francisco,CA,57748,37.892734,-122.567908,townhouse,3,3,1570,1925,830000,sold,2025-09-08
LIST-003358,7537 Sunrise Dr,San Francisco,CA,11983,37.960389,-122.318977,condo,0,1,1049,1982,605000,active,2024-10-19
LIST-003359,3248 Elm Ct,San Francisco,CA,32692,37.755955,-122.395453,single-family,4,4,1515,1924,690000,sold,2025-06-13
LIST-003360,7804 Pine Ln,Miami,FL,88214,25.783258,-80.032057,condo,0,1,1202,1910,345000,sold,2024-10-25
LIST-003361,4618 Walnut Dr,San Francisco,CA,59999,37.977548,-122.477071,single-family,4,4,1974,1948,1045000,sold,2025-11-19
LIST-003362,5099 Oak Way,Miami,FL,87996,25.895051,-80.345402,single-family,5,4,2018,1990,785000,sold,2025-11-16
LIST-003363,9957 Sunset Blvd,Denver,CO,95418,39.728238,-104.753386,condo,2,2,824,2021,280000,sold,2024-09-03
LIST-003364,9701 Washington Ct,Los Angeles,CA,24780,33.944562,-118.038609,condo,0,1,1558,2020,650000,active,2024-05-08
LIST-003365,6306 Birch Ct,San Francisco,CA,91257,37.876854,-122.631897,single-family,4,3,1563,2007,1010000,sold,2025-04-07
LIST-003366,5685 Summer Way,Chicago,IL,92422,41.923445,-87.357717,condo,1,1,1379,1993,415000,active,2025-10-04
LIST-003367,2600 Valley Way,New York,NY,33030,40.824075,-74.181976,single-family,4,3,1869,2005,980000,sold,2024-07-21
LIST-003368,9138 Walnut Ct,Denver,CO,97429,39.811208,-105.241926,single-family,2,2,1481,1908,310000,active,2024-11-01
LIST-003369,1131 Hill Way,San Francisco,CA,72337,37.662258,-122.479071,single-family,4,4,1677,1939,690000,sold,2025-06-30
LIST-003370,2862 Park Ct,New York,NY,46517,40.758018,-73.733071,townhouse,4,4,2144,2016,930000,pending,2026-01-28
LIST-003371,2323 Jefferson Ct,San Francisco,CA,94425,37.824461,-122.155126,single-family,4,4,1913,1915,790000,sold,2024-05-01
LIST-003372,2250 Oak Pl,Austin,TX,62037,30.21464,-97.946227,condo,1,1,921,1960,235000,active,2024-10-20
LIST-003373,9273 Ridge Ln,New York,NY,61876,40.594606,-73.801594,condo,3,3,1654,1916,770000,sold,2026-02-24
LIST-003374,476 Elm Ct,San Francisco,CA,51643,37.666591,-122.485845,single-family,2,2,2947,1940,1325000,sold,2025-06-25
LIST-003375,2823 Birch Ave,Austin,TX,82071,30.188016,-97.753454,single-family,2,2,2100,1921,400000,pending,2024-08-04
LIST-003376,4777 Madison Ln,Seattle,WA,67381,47.717859,-122.222158,condo,0,1,792,1994,360000,sold,2025-06-05
LIST-003377,4777 Cedar Ln,Austin,TX,74048,30.188929,-97.505173,townhouse,2,2,1375,1943,375000,sold,2025-04-16
LIST-003378,3978 Spring Ct,New York,NY,58088,40.710585,-74.275352,condo,0,1,1155,1912,410000,active,2024-09-13
LIST-003379,6265 Forest Ct,Los Angeles,CA,13044,34.03965,-118.39972,single-family,6,5,1932,1907,500000,withdrawn,2025-01-17
LIST-003380,6723 Lake Way,San Francisco,CA,65163,37.686142,-122.556424,single-family,6,5,2215,1991,1060000,active,2024-06-06
LIST-003381,4269 Walnut Ct,Miami,FL,98391,25.888552,-80.03011,condo,2,2,1388,1933,315000,sold,2024-05-11
LIST-003382,8425 Sunrise Ave,Denver,CO,30366,39.779043,-104.786637,condo,3,4,775,1900,190000,sold,2025-10-16
LIST-003383,8763 Sunrise Blvd,Seattle,WA,23865,47.685882,-122.433183,single-family,3,3,1332,1964,500000,sold,2025-07-09
LIST-003384,8528 Forest Pl,San Francisco,CA,23440,37.881231,-122.325074,single-family,2,1,2212,1994,1200000,sold,2024-05-07
LIST-003385,5531 Autumn Ave,Austin,TX,62914,30.357136,-97.638807,single-family,4,4,1641,1978,390000,sold,2026-04-05
LIST-003386,8020 Market Ct,Denver,CO,52749,39.878333,-104.894214,single-family,6,5,2889,2015,845000,active,2024-11-02
LIST-003387,5540 Cedar Ct,Miami,FL,65556,25.650032,-80.008438,condo,3,3,1009,1966,385000,pending,2025-12-07
LIST-003388,3208 Valley Ave,Los Angeles,CA,22189,34.088342,-118.164932,single-family,4,3,2293,1968,975000,sold,2025-06-20
LIST-003389,4855 Forest Way,Los Angeles,CA,68438,34.101744,-118.098487,single-family,2,1,1798,2008,855000,sold,2025-01-09
LIST-003390,5350 Madison Pl,Los Angeles,CA,26658,34.123074,-118.13705,single-family,5,5,2845,1978,1410000,sold,2024-07-22
LIST-003391,6822 Park Ct,New York,NY,81494,40.828132,-73.966947,condo,0,1,1201,1939,560000,pending,2024-06-11
LIST-003392,5571 Summer Dr,Chicago,IL,50360,41.798249,-87.89935,single-family,5,4,2188,1937,460000,sold,2024-10-25
LIST-003393,7309 Forest Ct,Chicago,IL,27739,41.8242,-87.835263,townhouse,4,4,1635,1903,285000,sold,2026-02-02
LIST-003394,6168 Sunset Pl,Los Angeles,CA,40552,34.23919,-118.318217,condo,3,3,1663,1980,535000,active,2025-08-15
LIST-003395,910 Maple Dr,Seattle,WA,34380,47.710167,-122.227362,townhouse,4,3,1831,1915,600000,sold,2025-06-08
LIST-003396,2225 Oak Dr,Austin,TX,73652,30.477353,-97.688433,condo,2,2,1422,1965,315000,sold,2024-07-28
LIST-003397,7661 Madison Ln,San Francisco,CA,75323,37.756224,-122.401632,single-family,5,4,3292,2019,1840000,sold,2025-05-30
LIST-003398,9866 Valley Ct,Los Angeles,CA,88484,34.007301,-118.428236,single-family,4,3,2926,1989,1275000,active,2024-12-14
LIST-003399,8090 Market Ct,San Francisco,CA,36767,37.972648,-122.330817,single-family,3,3,1597,1945,630000,sold,2025-09-17
LIST-003400,3750 Oak Way,Seattle,WA,53379,47.404959,-122.412745,condo,2,3,801,1902,195000,withdrawn,2026-04-30
LIST-003401,4634 Washington Way,New York,NY,33302,40.807391,-73.919298,condo,0,1,1390,1912,635000,active,2025-01-17
LIST-003402,2706 Winter Pl,Seattle,WA,92917,47.593931,-122.406854,condo,3,3,1095,1909,385000,sold,2026-01-01
LIST-003403,3223 Park Ln,San Francisco,CA,29967,37.828932,-122.178422,multi-family,8,7,2842,1996,1710000,sold,2025-02-17
LIST-003404,4993 Jefferson Way,Chicago,IL,77123,42.008299,-87.549857,single-family,3,3,2298,1944,555000,withdrawn,2026-04-12
LIST-003405,4592 Cedar Pl,Los Angeles,CA,13871,34.146819,-118.007769,multi-family,4,4,2487,2018,905000,active,2025-12-26
LIST-003406,4799 Mission Pl,San Francisco,CA,29543,37.773524,-122.238195,townhouse,3,3,1655,1927,600000,active,2025-09-05
LIST-003407,4832 Summer Blvd,San Francisco,CA,96418,37.904517,-122.540752,townhouse,3,3,2079,2000,1445000,sold,2026-04-21
LIST-003408,5591 Pine Pl,New York,NY,27482,40.792021,-73.792131,single-family,2,1,1262,1917,475000,active,2025-12-17
LIST-003409,1325 Washington Ct,Miami,FL,45971,25.736535,-80.438365,single-family,6,5,2137,1935,670000,sold,2025-11-16
LIST-003410,8714 Spring Ct,Austin,TX,51473,30.17385,-97.509562,condo,3,4,1313,1911,245000,sold,2025-03-26
LIST-003411,9434 Lincoln Dr,Miami,FL,26118,25.838109,-80.33344,townhouse,2,1,1084,1957,335000,sold,2025-04-25
LIST-003412,2090 Elm Pl,Miami,FL,93484,25.617626,-80.31597,single-family,5,4,2033,1900,540000,sold,2025-05-16
LIST-003413,8152 Madison St,Chicago,IL,38759,41.956029,-87.46297,single-family,4,4,800,1937,205000,active,2024-05-09
LIST-003414,4991 Washington Pl,Seattle,WA,80846,47.560475,-122.044374,townhouse,3,2,2131,1994,890000,sold,2026-02-24
LIST-003415,6023 Lake Pl,Austin,TX,99790,30.328044,-97.553391,single-family,3,3,2479,2019,740000,sold,2025-09-16
LIST-003416,305 Madison Ave,Denver,CO,64860,39.693258,-104.737574,single-family,5,4,2759,1927,500000,active,2025-12-02
LIST-003417,59 Lincoln Ln,Los Angeles,CA,58949,34.002696,-118.156973,single-family,2,1,2418,1950,800000,active,2026-01-10
LIST-003418,4159 Sunrise Pl,Miami,FL,65297,25.885552,-80.220099,condo,3,4,1182,1936,385000,active,2025-03-26
LIST-003419,7031 Ridge Ave,Seattle,WA,79229,47.511186,-122.383272,condo,0,1,1185,1932,345000,sold,2025-11-08
LIST-003420,3337 Hill Dr,Chicago,IL,93840,41.890361,-87.385496,condo,3,3,1140,1977,245000,sold,2025-12-28
LIST-003421,7115 Jefferson Ave,Austin,TX,68643,30.335825,-97.914922,condo,1,1,1204,2001,360000,pending,2024-08-04
LIST-003422,7873 Jefferson Pl,New York,NY,92812,40.771404,-73.840245,single-family,4,4,1401,1962,730000,sold,2026-02-07
LIST-003423,2901 Washington Way,Los Angeles,CA,37343,34.17221,-118.083366,condo,0,1,450,1976,170000,sold,2026-04-23
LIST-003424,7495 Summer Pl,San Francisco,CA,68919,37.855183,-122.272013,condo,3,3,1029,1955,440000,active,2024-06-13
LIST-003425,7058 Madison Dr,Miami,FL,67389,25.620368,-80.096729,single-family,3,2,3870,2025,1605000,pending,2025-07-22
LIST-003426,4591 Jefferson Pl,Los Angeles,CA,40852,34.004052,-118.396475,single-family,5,5,3005,2024,1250000,pending,2024-06-12
LIST-003427,3912 Lake Pl,Denver,CO,49471,39.848251,-104.874952,single-family,6,6,1257,1996,365000,active,2025-07-25
LIST-003428,7629 Birch Ln,Los Angeles,CA,52310,34.141483,-118.395043,condo,2,2,732,1918,265000,sold,2025-06-11
LIST-003429,4396 Mission Way,Miami,FL,84507,25.72378,-80.36502,single-family,2,2,1135,2016,435000,sold,2025-10-16
LIST-003430,4486 Hill Ln,Austin,TX,89607,30.466622,-97.643533,single-family,2,1,1578,1964,460000,sold,2025-01-23
LIST-003431,2459 Elm Blvd,New York,NY,68278,40.840337,-74.015102,townhouse,4,3,1815,1963,915000,sold,2025-09-07
LIST-003432,192 Birch Pl,Austin,TX,11373,30.371561,-97.822526,condo,0,1,1163,1941,330000,active,2024-05-27
LIST-003433,1783 Ridge Way,Miami,FL,15072,25.881646,-80.361142,single-family,5,4,2180,1988,785000,sold,2025-10-20
LIST-003434,114 Oak St,Los Angeles,CA,14912,33.952878,-118.406716,condo,0,1,640,1966,290000,active,2025-12-13
LIST-003435,4243 Ridge Way,Seattle,WA,30548,47.778711,-122.506317,condo,2,3,1307,1972,420000,sold,2025-09-26
LIST-003436,3115 Washington Way,Los Angeles,CA,46652,34.113206,-118.079973,single-family,2,1,1733,1995,905000,expired,2024-12-27
LIST-003437,7142 Washington Way,Chicago,IL,73127,41.702694,-87.463181,condo,1,1,1108,1955,260000,sold,2024-06-02
LIST-003438,8242 Mission Ave,Austin,TX,73528,30.243853,-97.730665,condo,3,3,1221,1983,385000,sold,2025-06-08
LIST-003439,9519 Lincoln Ct,San Francisco,CA,78084,37.978391,-122.449457,condo,1,1,1247,1916,545000,sold,2026-01-16
LIST-003440,865 Jefferson Dr,San Francisco,CA,16204,37.933541,-122.50007,single-family,3,2,2481,1907,955000,active,2025-02-03
LIST-003441,4463 Ridge St,Austin,TX,18907,30.367431,-97.583856,single-family,4,3,2073,1953,475000,sold,2025-07-03
LIST-003442,852 Market Way,Chicago,IL,75480,41.982011,-87.681273,condo,2,2,732,1958,135000,sold,2026-04-03
LIST-003443,9585 Mission Ln,Los Angeles,CA,61445,33.902491,-118.277568,single-family,5,4,2180,2000,1135000,active,2025-02-13
LIST-003444,872 Forest Ct,Los Angeles,CA,38989,34.161844,-118.136904,single-family,2,2,2216,2007,1165000,sold,2025-12-26
LIST-003445,7951 Jefferson Dr,Chicago,IL,70000,41.687624,-87.514805,single-family,4,4,2927,2006,800000,pending,2025-02-14
LIST-003446,692 Spring Dr,Miami,FL,84311,25.713245,-80.355791,single-family,2,1,2019,1962,575000,sold,2026-03-12
LIST-003447,5064 Elm Ln,Los Angeles,CA,75154,34.021848,-118.3433,condo,3,3,1253,1917,390000,withdrawn,2024-11-28
LIST-003448,7383 Walnut Ave,Austin,TX,27518,30.3612,-97.682678,single-family,6,6,2135,1916,445000,sold,2025-10-06
LIST-003449,6332 Walnut Dr,Miami,FL,11712,25.814734,-80.428114,single-family,6,6,2483,2025,825000,sold,2026-04-16
LIST-003450,568 Summer Way,Austin,TX,64254,30.177546,-97.704229,condo,2,2,1235,1951,370000,withdrawn,2025-03-02
LIST-003451,880 Pine Way,New York,NY,58820,40.756066,-73.987604,single-family,6,5,2917,1927,1180000,pending,2026-02-06
LIST-003452,4494 Washington Ave,Los Angeles,CA,69519,34.237976,-118.26138,condo,2,2,877,1913,280000,active,2025-05-09
LIST-003453,1528 Washington Way,Miami,FL,45533,25.971282,-80.221389,townhouse,2,1,1327,2025,595000,active,2024-12-16
LIST-003454,5941 Valley Way,Los Angeles,CA,66124,34.200213,-118.203139,townhouse,3,2,1026,1953,440000,withdrawn,2025-02-28
LIST-003455,3755 Ridge Ln,Austin,TX,88581,30.343797,-97.833164,condo,1,1,1202,1946,305000,sold,2025-08-24
LIST-003456,1774 Madison Ct,New York,NY,76895,40.734254,-73.742159,condo,0,1,801,1923,265000,sold,2024-11-26
LIST-003457,1354 Mission Dr,San Francisco,CA,21364,37.849647,-122.270033,single-family,5,5,1925,1907,850000,sold,2024-10-03
LIST-003458,5035 Sunset Dr,San Francisco,CA,72235,37.649089,-122.18679,single-family,2,1,1375,2014,655000,sold,2024-12-11
LIST-003459,8960 Park Ln,Seattle,WA,32303,47.634663,-122.046261,condo,0,1,799,2024,410000,sold,2026-03-16
LIST-003460,7819 Birch Ct,Austin,TX,69195,30.215428,-97.81074,condo,3,4,1381,1967,355000,sold,2024-05-22
LIST-003461,625 Washington Way,San Francisco,CA,26295,37.643613,-122.310035,single-family,6,6,1565,1931,795000,active,2025-01-11
LIST-003462,4124 Maple Ave,Los Angeles,CA,41050,33.943714,-118.321168,townhouse,2,1,2014,1913,590000,active,2025-04-01
LIST-003463,338 Cedar Way,New York,NY,55815,40.889569,-73.863839,single-family,5,4,1865,1939,715000,expired,2025-05-18
LIST-003464,6980 Madison Ln,Seattle,WA,39871,47.542214,-122.291301,condo,3,3,1006,1938,400000,pending,2025-05-04
LIST-003465,5659 Cedar Ln,San Francisco,CA,96112,37.827957,-122.205485,single-family,5,5,2164,1914,950000,sold,2024-07-19
LIST-003466,7661 Elm Ct,Chicago,IL,60287,41.816639,-87.676829,condo,2,3,1103,1999,250000,sold,2024-10-13
LIST-003467,2793 Walnut St,Seattle,WA,28339,47.648922,-122.400482,single-family,4,4,2672,1908,720000,sold,2025-06-16
LIST-003468,52 Ridge Way,Miami,FL,96900,25.593386,-80.138362,single-family,4,3,1654,1935,420000,active,2024-05-18
LIST-003469,7497 Elm Blvd,Austin,TX,28180,30.206064,-97.801814,single-family,2,1,2123,1922,465000,sold,2024-11-02
LIST-003470,797 Ridge Pl,Los Angeles,CA,15877,34.131005,-118.409904,condo,2,3,1198,2006,460000,withdrawn,2025-02-24
LIST-003471,3120 Winter Ln,Los Angeles,CA,83837,34.109441,-118.347658,single-family,4,3,1933,2001,970000,pending,2024-10-10
LIST-003472,9212 Washington Pl,Miami,FL,18117,25.730733,-80.261485,single-family,6,5,1994,1937,485000,active,2025-02-20
LIST-003473,7124 Lake Ct,San Francisco,CA,21667,37.888416,-122.409394,single-family,4,4,2983,1937,1135000,active,2025-08-21
LIST-003474,9433 Market Blvd,Los Angeles,CA,64098,34.020518,-118.290464,condo,2,2,1486,2013,775000,sold,2024-06-02
LIST-003475,2559 Park Ave,San Francisco,CA,83700,37.821566,-122.222456,townhouse,4,4,1175,2018,760000,pending,2026-04-03
LIST-003476,8416 Market Way,Chicago,IL,31285,41.759643,-87.61591,single-family,4,3,1909,1958,410000,pending,2024-07-19
LIST-003477,3688 Mission Pl,New York,NY,92235,40.751148,-73.882463,single-family,5,4,2129,1910,870000,active,2024-08-08
LIST-003478,5442 Winter Pl,Los Angeles,CA,54013,34.069654,-118.366543,condo,1,2,997,1936,380000,active,2026-01-06
LIST-003479,5606 Spring Dr,Los Angeles,CA,91691,34.014455,-118.43172,single-family,5,5,1810,1919,545000,active,2024-05-28
LIST-003480,7096 Jefferson Blvd,New York,NY,12785,40.840798,-74.044334,single-family,5,5,1981,1987,1210000,sold,2025-03-23
LIST-003481,2669 Elm Ave,New York,NY,37962,40.804097,-73.916149,single-family,4,3,2186,1905,845000,active,2026-01-13
LIST-003482,9111 Lake Ln,Austin,TX,27877,30.212903,-97.641589,single-family,3,3,2029,2010,705000,sold,2024-10-22
LIST-003483,605 Ridge Way,San Francisco,CA,72233,37.97939,-122.53043,single-family,3,3,800,1916,280000,active,2024-10-05
LIST-003484,9930 Cedar Dr,San Francisco,CA,93737,37.598325,-122.40323,townhouse,3,3,2485,1998,1680000,active,2024-08-05
LIST-003485,9228 Spring Dr,San Francisco,CA,35199,37.839285,-122.227193,townhouse,4,3,1837,1934,820000,sold,2024-10-09
LIST-003486,5556 Birch Pl,San Francisco,CA,56400,37.901766,-122.632459,single-family,6,5,2622,1931,1020000,sold,2024-07-17
LIST-003487,8760 Forest Ave,New York,NY,86451,40.684871,-74.291606,single-family,3,2,2480,1927,905000,active,2025-10-07
LIST-003488,1783 Lincoln Ave,Chicago,IL,97540,41.74144,-87.608606,condo,3,3,1107,1950,255000,sold,2024-10-16
LIST-003489,4746 Pine Way,New York,NY,11150,40.667999,-73.778134,multi-family,7,6,2822,2023,1695000,sold,2025-09-27
LIST-003490,7768 Oak Blvd,Los Angeles,CA,36786,34.187394,-118.343257,single-family,5,5,2338,2015,1275000,sold,2025-01-14
LIST-003491,6321 Elm Ave,Denver,CO,37856,39.578183,-105.151748,single-family,5,4,2610,1947,765000,sold,2024-11-25
LIST-003492,5968 Market Ln,San Francisco,CA,90430,37.622216,-122.288305,townhouse,2,1,900,1989,540000,sold,2024-10-08
LIST-003493,8952 Lincoln Way,Austin,TX,64309,30.233487,-97.681519,single-family,2,2,2925,1984,920000,sold,2025-07-20
LIST-003494,5472 Elm Ave,Denver,CO,44307,39.602216,-105.133761,multi-family,8,7,2701,1926,560000,active,2024-07-17
LIST-003495,4475 Oak Ave,San Francisco,CA,82293,37.959811,-122.471283,single-family,2,1,3115,1900,1390000,sold,2024-07-23
LIST-003496,4372 Sunrise Ln,Los Angeles,CA,20380,33.98764,-118.013677,single-family,2,1,3311,2000,1150000,pending,2025-09-29
LIST-003497,9429 Summer Blvd,Austin,TX,44988,30.183008,-97.980752,townhouse,3,2,1928,2002,550000,sold,2025-01-04
LIST-003498,4539 Birch Way,Los Angeles,CA,47116,34.145497,-118.298263,single-family,4,4,2266,1932,600000,expired,2025-04-18
LIST-003499,323 Lincoln Ave,Austin,TX,75944,30.1992,-97.981809,condo,3,3,880,1957,250000,withdrawn,2025-04-01
LIST-003500,8008 Maple Blvd,Denver,CO,80372,39.823725,-104.803194,single-family,5,4,2817,1915,755000,sold,2025-12-27
LIST-003501,3503 Hill Ave,San Francisco,CA,19804,37.582263,-122.369802,condo,3,3,683,2006,470000,pending,2024-06-30
LIST-003502,3871 Sunset Pl,Seattle,WA,50419,47.653012,-122.433464,townhouse,2,1,2389,1976,885000,sold,2024-06-09
LIST-003503,3063 Park Ct,New York,NY,10969,40.783873,-73.806507,single-family,5,5,1938,1914,665000,active,2024-05-20
LIST-003504,8253 Hill Ln,Chicago,IL,21985,41.850701,-87.360418,condo,0,1,1103,2015,270000,withdrawn,2025-02-02
LIST-003505,3390 Mission Ln,New York,NY,90595,40.643661,-74.246721,single-family,5,4,2286,2013,1075000,sold,2026-02-07
LIST-003506,6870 Spring Dr,Austin,TX,37152,30.33575,-97.701982,condo,2,3,1371,2004,450000,sold,2024-07-08
LIST-003507,9768 Sunset Dr,Los Angeles,CA,52073,33.990331,-118.020954,single-family,6,6,2388,1987,865000,pending,2025-09-25
LIST-003508,9962 Sunrise St,Austin,TX,33105,30.122568,-97.631329,multi-family,7,6,4806,1970,1125000,sold,2025-01-25
LIST-003509,4290 Sunset Dr,New York,NY,15362,40.852895,-73.998429,single-family,2,2,2404,2000,1390000,active,2024-12-05
LIST-003510,1894 Ridge Ave,San Francisco,CA,95293,37.943714,-122.596142,single-family,5,5,2968,1918,1285000,active,2024-09-25
LIST-003511,6665 Ridge Way,New York,NY,19717,40.843414,-73.832882,townhouse,4,3,1978,2019,990000,sold,2024-08-27
LIST-003512,8428 Forest Dr,New York,NY,34368,40.611766,-73.994623,single-family,5,4,3413,1961,1665000,pending,2025-09-02
LIST-003513,29 Elm Ct,San Francisco,CA,22403,37.702378,-122.655105,single-family,3,2,1522,2002,1090000,sold,2024-08-13
LIST-003514,5821 Forest Ave,Austin,TX,50395,30.142217,-97.852502,single-family,4,3,1590,1979,355000,sold,2024-08-01
LIST-003515,7520 Lincoln Way,New York,NY,30668,40.768239,-74.250741,single-family,6,5,2438,1903,995000,sold,2024-09-20
LIST-003516,5537 Sunset St,Austin,TX,34902,30.278003,-97.811763,condo,3,4,1072,1986,360000,sold,2025-08-26
LIST-003517,1176 Pine Blvd,New York,NY,73260,40.759227,-74.208006,single-family,6,6,2497,2012,1520000,active,2025-12-03
LIST-003518,5425 Spring Ave,San Francisco,CA,93680,37.927276,-122.389467,townhouse,2,2,2384,2011,1475000,sold,2025-02-06
LIST-003519,9452 Jefferson Way,Austin,TX,29673,30.208184,-97.812406,multi-family,4,3,3504,2001,895000,pending,2025-07-04
LIST-003520,2587 Sunset Pl,San Francisco,CA,96691,37.956434,-122.482529,condo,3,3,1262,1960,775000,active,2026-01-30
LIST-003521,5000 Ridge Ln,Seattle,WA,63490,47.460487,-122.3782,single-family,5,5,1471,1923,370000,sold,2026-01-19
LIST-003522,9137 Mission Ln,Miami,FL,98596,25.627897,-80.153165,single-family,5,5,1388,2004,400000,sold,2024-12-27
LIST-003523,3903 Mission Dr,Miami,FL,10617,25.887812,-80.054625,single-family,5,5,3197,1965,835000,active,2025-12-11
LIST-003524,3205 Maple Way,Chicago,IL,63767,42.058966,-87.809979,condo,0,1,1279,1909,260000,sold,2025-08-02
LIST-003525,9159 Mission St,New York,NY,87410,40.717101,-74.302885,single-family,4,4,2430,2008,1520000,sold,2026-02-01
LIST-003526,2940 Ridge St,San Francisco,CA,99634,37.935552,-122.449679,condo,0,1,919,1952,370000,pending,2024-10-13
LIST-003527,4831 Pine St,Denver,CO,51960,39.66009,-104.804397,townhouse,4,3,1732,1913,330000,active,2026-03-31
LIST-003528,5743 Pine Ct,Los Angeles,CA,80000,34.130527,-118.097316,single-family,4,3,2542,1915,885000,active,2026-04-24
LIST-003529,2805 Market St,Los Angeles,CA,23944,34.193885,-118.158894,condo,3,4,1178,1952,495000,active,2025-05-07
LIST-003530,1988 Cedar Way,Miami,FL,98356,25.828263,-80.163155,single-family,6,6,1162,2020,415000,sold,2026-04-18
LIST-003531,8355 Elm St,Denver,CO,87600,39.83902,-105.238704,single-family,4,3,2475,1995,705000,sold,2025-09-05
LIST-003532,6485 Oak Blvd,San Francisco,CA,74904,37.886768,-122.375277,single-family,3,3,2210,1943,1030000,sold,2025-03-06
LIST-003533,3266 Jefferson Dr,Seattle,WA,20054,47.483151,-122.436972,single-family,6,5,2595,1987,1150000,expired,2025-06-28
LIST-003534,37 Mission St,Los Angeles,CA,72170,33.879355,-118.166552,single-family,2,2,1578,1982,740000,sold,2024-11-15
LIST-003535,352 Ridge Ln,Los Angeles,CA,49438,34.203383,-118.313841,single-family,2,1,2295,1980,1100000,active,2025-11-26
LIST-003536,1508 Lincoln Pl,Los Angeles,CA,12057,33.886123,-118.285243,condo,1,1,943,1972,355000,pending,2026-04-24
LIST-003537,7272 Winter Ct,Seattle,WA,15738,47.458222,-122.511502,single-family,4,4,2360,1946,640000,active,2025-09-02
LIST-003538,8832 Market Blvd,Miami,FL,64232,25.821496,-80.190066,condo,0,1,1152,1992,390000,sold,2026-02-23
LIST-003539,2298 Hill Ln,Miami,FL,85247,25.963477,-80.295291,single-family,3,2,2254,2013,685000,active,2025-02-27
LIST-003540,3221 Mission Ct,Los Angeles,CA,84803,33.999458,-118.12175,single-family,4,3,800,1996,335000,active,2024-10-20
LIST-003541,7200 Oak Ct,San Francisco,CA,91798,37.610622,-122.538651,single-family,4,3,2752,1989,1320000,active,2026-03-26
LIST-003542,5675 Madison Ln,Seattle,WA,82714,47.786364,-122.475369,single-family,5,5,1897,1912,600000,sold,2026-01-02
LIST-003543,5214 River Way,Austin,TX,30831,30.145838,-97.950461,condo,2,2,1224,1988,340000,sold,2026-01-15
LIST-003544,1957 Birch St,Seattle,WA,24696,47.568314,-122.01899,condo,2,3,450,1953,150000,pending,2025-12-22
LIST-003545,6715 Elm Way,New York,NY,34348,40.682922,-74.011562,condo,2,2,1122,1947,495000,sold,2025-08-02
LIST-003546,9961 Autumn Ln,Austin,TX,41148,30.193351,-97.617614,single-family,4,4,1710,1991,535000,sold,2026-03-13
LIST-003547,8136 Jefferson Way,Denver,CO,89025,39.559657,-104.857687,single-family,6,6,2112,1926,445000,active,2025-08-04
LIST-003548,234 Ridge St,Los Angeles,CA,38470,34.197979,-118.070225,condo,0,1,545,1928,215000,sold,2026-02-01
LIST-003549,5566 Forest Way,San Francisco,CA,49850,37.835907,-122.603319,single-family,6,5,2776,1984,1605000,sold,2024-07-22
LIST-003550,9244 Maple Ln,Austin,TX,70417,30.215408,-97.66265,single-family,2,2,934,1978,235000,active,2025-10-12
LIST-003551,9623 Forest Ave,Seattle,WA,59858,47.695557,-122.494905,condo,0,1,1227,2012,460000,sold,2024-09-23
LIST-003552,9357 Spring Ln,Seattle,WA,88345,47.701176,-122.374391,condo,3,3,1441,1958,605000,sold,2024-09-21
LIST-003553,1587 Spring Blvd,New York,NY,98029,40.637932,-74.25068,condo,2,2,987,1959,530000,sold,2024-07-08
LIST-003554,680 Park Ct,Los Angeles,CA,54282,34.109436,-118.481902,condo,3,4,690,1904,235000,sold,2025-05-02
LIST-003555,9463 Walnut Pl,San Francisco,CA,85232,37.829133,-122.558208,single-family,6,5,800,1991,430000,active,2024-10-23
LIST-003556,5083 Walnut Blvd,San Francisco,CA,96022,37.888314,-122.652181,single-family,3,3,2645,1912,980000,sold,2026-01-24
LIST-003557,3040 Walnut Ct,Denver,CO,56886,39.914546,-104.873823,townhouse,2,1,1432,1968,385000,sold,2026-01-08
LIST-003558,4651 Autumn Dr,Austin,TX,62005,30.289479,-97.563993,single-family,6,6,2429,1930,505000,sold,2024-12-27
LIST-003559,3093 Oak Pl,New York,NY,70358,40.800669,-73.957692,condo,0,1,891,1976,405000,sold,2025-05-14
LIST-003560,659 Walnut Way,Chicago,IL,58788,41.869154,-87.641139,condo,2,3,960,1953,170000,active,2025-07-21
LIST-003561,9682 Spring Way,Seattle,WA,69458,47.513654,-122.033185,condo,1,2,1578,1976,465000,sold,2025-01-25
LIST-003562,686 Lake Pl,Los Angeles,CA,60100,34.085023,-118.229491,single-family,4,4,1974,1944,680000,sold,2025-12-18
LIST-003563,5259 Walnut Pl,New York,NY,83983,40.567575,-73.921377,condo,1,2,1298,1972,520000,withdrawn,2024-10-12
LIST-003564,4584 Madison Dr,San Francisco,CA,38382,37.653002,-122.610833,condo,0,1,1272,1985,700000,active,2026-02-07
LIST-003565,3061 Ridge Ave,Miami,FL,81472,25.711195,-80.267031,townhouse,3,2,1300,2018,450000,pending,2026-03-04
LIST-003566,7173 Autumn Way,New York,NY,93043,40.687741,-73.848446,single-family,6,6,2426,2013,1305000,pending,2026-03-06
LIST-003567,2097 Mission Way,Denver,CO,44781,39.567367,-104.900179,single-family,4,3,2888,1922,595000,sold,2024-11-05
LIST-003568,1123 Ridge Ln,San Francisco,CA,61551,37.82858,-122.266201,single-family,3,2,2584,1913,885000,sold,2025-06-16
LIST-003569,7199 Winter Blvd,Denver,CO,18822,39.584084,-104.971514,single-family,5,5,1340,1909,350000,expired,2024-09-28
LIST-003570,4642 Summer Blvd,Denver,CO,67421,39.938984,-105.076606,multi-family,7,5,2607,1969,725000,sold,2025-02-21
LIST-003571,8714 Summer Ct,New York,NY,63341,40.675042,-74.169399,condo,2,2,1398,1918,610000,sold,2024-11-20
LIST-003572,8231 Mission Pl,Miami,FL,78323,25.649308,-80.010966,single-family,2,1,1977,2014,605000,sold,2025-11-05
LIST-003573,1689 Sunrise St,Chicago,IL,16955,41.957979,-87.822509,single-family,6,5,1986,1981,440000,sold,2026-01-18
LIST-003574,5060 Pine Blvd,Miami,FL,31621,25.584951,-80.279187,condo,3,4,1231,2014,535000,pending,2025-10-20
LIST-003575,8906 Hill Blvd,Los Angeles,CA,51571,34.165668,-118.342475,single-family,6,5,1947,2023,1035000,withdrawn,2026-04-15
LIST-003576,4565 Washington St,San Francisco,CA,17846,37.88489,-122.202818,townhouse,4,4,1196,1910,430000,active,2024-06-08
LIST-003577,9945 Pine Dr,San Francisco,CA,83452,37.582302,-122.471578,single-family,4,3,1519,1931,625000,sold,2024-08-25
LIST-003578,5880 Lincoln St,San Francisco,CA,91746,37.958211,-122.419646,single-family,3,2,2802,1949,1430000,sold,2024-11-20
LIST-003579,3115 Sunset St,Denver,CO,28569,39.599245,-105.008599,condo,1,2,1427,1940,355000,sold,2025-03-28
LIST-003580,6229 River St,Chicago,IL,13814,41.843435,-87.482933,townhouse,4,3,1646,1944,370000,expired,2025-11-16
LIST-003581,9680 Jefferson Pl,Chicago,IL,79719,41.927117,-87.433762,single-family,5,5,2657,1951,655000,pending,2026-03-27
LIST-003582,712 Lincoln Blvd,San Francisco,CA,28322,37.781591,-122.566555,single-family,3,3,1802,1918,860000,sold,2026-01-09
LIST-003583,8329 Lake Ave,Seattle,WA,28151,47.538206,-122.567072,condo,0,1,1151,2022,560000,pending,2024-07-14
LIST-003584,8815 Sunset Pl,Los Angeles,CA,11029,,,single-family,2,1,2230,1985,850000,expired,2025-05-15
LIST-003585,3939 Elm Ct,Seattle,WA,76778,47.665259,-122.301218,single-family,3,3,2720,1960,850000,sold,2025-04-26
LIST-003586,3810 Jefferson Way,Seattle,WA,28393,47.494403,-122.365828,single-family,3,3,1957,1999,635000,sold,2024-10-10
LIST-003587,9881 Washington Ct,Miami,FL,46388,25.737666,-80.312078,multi-family,7,7,3905,1943,1185000,active,2025-03-25
LIST-003588,3212 Summer Blvd,Denver,CO,75774,39.76207,-104.885394,townhouse,4,4,1827,1919,385000,expired,2025-05-25
LIST-003589,3064 Valley Ln,Austin,TX,91235,30.235801,-97.753281,single-family,3,2,1233,1957,370000,sold,2026-02-05
LIST-003590,6812 Autumn Pl,New York,NY,24440,40.649308,-73.750628,condo,3,4,1190,1977,695000,active,2024-10-27
LIST-003591,8423 Walnut Ave,Los Angeles,CA,79248,34.178316,-118.080546,single-family,4,3,1231,2013,490000,withdrawn,2025-03-28
LIST-003592,7768 Lake St,Miami,FL,99294,25.962344,-80.171358,townhouse,4,3,1271,1964,450000,active,2024-09-25
LIST-003593,8977 Maple Pl,Miami,FL,77671,25.904079,-80.116258,single-family,4,4,2153,1930,620000,sold,2024-09-04
LIST-003594,9493 Spring St,Los Angeles,CA,91918,34.255703,-118.352248,townhouse,4,3,1729,1972,830000,active,2025-09-16
LIST-003595,1276 Cedar Pl,Austin,TX,13489,30.405291,-97.59853,condo,2,3,851,1944,195000,active,2025-01-14
LIST-003596,9618 Hill Way,San Francisco,CA,31864,37.82221,-122.417849,single-family,3,3,1294,1916,680000,pending,2024-08-10
LIST-003597,8800 Elm Ln,Seattle,WA,47487,47.412331,-122.385338,single-family,4,3,1234,1914,415000,active,2024-07-11
LIST-003598,964 Summer Ct,Miami,FL,61402,25.924794,-80.32879,condo,0,1,1491,2015,565000,sold,2026-01-05
LIST-003599,5013 Park St,Denver,CO,55663,39.560517,-104.994182,single-family,5,5,2698,1925,520000,active,2026-02-04
LIST-003600,7013 Washington Ln,Seattle,WA,46095,47.67565,-122.020128,condo,0,1,1765,1988,745000,active,2026-04-05
LIST-003601,1977 Ridge Blvd,Miami,FL,63966,25.691456,-80.008295,townhouse,3,2,1408,1981,580000,sold,2024-11-14
LIST-003602,4453 Sunrise Ave,Austin,TX,35082,30.390849,-97.727434,townhouse,2,2,1977,1927,495000,expired,2024-11-21
LIST-003603,2704 Mission Blvd,San Francisco,CA,73030,37.619902,-122.428821,single-family,3,3,1662,1984,1010000,sold,2024-10-21
LIST-003604,6916 Forest Ave,New York,NY,70531,40.722291,-73.870713,single-family,2,1,2956,1935,1000000,sold,2025-02-11
LIST-003605,3921 Washington Dr,San Francisco,CA,75480,37.952126,-122.368186,townhouse,4,4,1822,2014,1060000,sold,2024-11-25
LIST-003606,3701 Pine Way,Chicago,IL,60975,41.84566,-87.499564,condo,0,1,977,1916,180000,sold,2025-10-07
LIST-003607,3669 Summer Blvd,New York,NY,24371,40.634083,-73.864903,single-family,2,1,1390,1958,575000,withdrawn,2024-10-12
LIST-003608,8884 Pine Dr,New York,NY,23815,40.632701,-74.185448,single-family,4,3,2850,1949,1260000,sold,2024-05-13
LIST-003609,7709 Autumn Pl,Denver,CO,69450,39.897262,-105.128426,single-family,2,1,2290,2021,720000,active,2025-01-07
LIST-003610,3022 Sunrise Dr,Los Angeles,CA,84051,33.846331,-118.223601,single-family,2,1,2484,1946,765000,active,2024-12-15
LIST-003611,371 Valley Ave,San Francisco,CA,10034,37.799418,-122.373265,single-family,5,4,1646,2018,1135000,sold,2025-08-21
LIST-003612,9466 Birch Ave,Denver,CO,82892,39.604248,-104.841755,condo,2,3,1637,2010,605000,active,2025-11-24
LIST-003613,4300 Lincoln Blvd,Austin,TX,59469,30.180648,-97.504194,single-family,3,2,1691,1974,455000,active,2024-10-01
LIST-003614,5206 Market Ln,Denver,CO,66620,39.912001,-105.006577,single-family,5,5,1931,1984,560000,sold,2025-06-28
LIST-003615,8672 Winter Dr,Miami,FL,54345,25.964865,-80.287255,condo,1,2,614,1972,240000,sold,2024-08-27
LIST-003616,1597 Summer St,San Francisco,CA,43287,37.824899,-122.529341,single-family,6,5,2666,1947,1245000,expired,2024-11-07
LIST-003617,7259 Madison Dr,Denver,CO,31441,39.753772,-104.818562,multi-family,8,8,4690,2006,1655000,active,2025-11-14
LIST-003618,1419 Sunrise Pl,Los Angeles,CA,60608,34.133275,-118.408408,condo,1,2,798,2022,370000,withdrawn,2024-07-09
LIST-003619,1097 Madison Ln,Austin,TX,23826,30.278926,-97.654095,single-family,2,1,2545,1963,600000,sold,2024-11-20
LIST-003620,1934 Ridge St,Chicago,IL,93648,41.882602,-87.651958,single-family,2,2,1636,1929,295000,sold,2025-10-16
LIST-003621,7646 Winter Pl,Los Angeles,CA,20225,34.068985,-118.230181,condo,1,1,1150,1913,335000,sold,2026-03-03
LIST-003622,9404 Cedar Way,New York,NY,50665,40.712943,-73.852589,single-family,5,4,1326,1941,525000,sold,2026-04-15
LIST-003623,8453 Sunset Ave,New York,NY,87404,40.70643,-74.242678,single-family,5,4,1629,1962,875000,withdrawn,2025-09-01
LIST-003624,1997 Lincoln Pl,Chicago,IL,59266,41.732411,-87.789554,single-family,6,6,1652,1928,405000,sold,2026-02-14
LIST-003625,2595 Summer Pl,Denver,CO,85243,39.562707,-105.117704,single-family,2,2,1657,1978,490000,pending,2026-02-16
LIST-003626,6091 Washington Pl,New York,NY,80651,40.628925,-74.223411,single-family,5,4,2531,1945,1060000,withdrawn,2024-12-17
LIST-003627,6751 Madison Blvd,Seattle,WA,70603,47.428653,-122.524598,townhouse,3,2,1089,2001,505000,sold,2024-05-31
LIST-003628,7120 Sunrise Ct,Los Angeles,CA,97069,34.088689,-118.471907,single-family,3,3,2201,1935,745000,active,2024-07-12
LIST-003629,4082 Walnut St,Miami,FL,37539,25.619181,-80.136793,condo,2,3,694,1996,230000,active,2025-04-23
LIST-003630,9650 Market Way,Chicago,IL,98629,41.72842,-87.548469,condo,1,1,1384,1965,330000,active,2024-09-05
LIST-003631,9860 Autumn St,Los Angeles,CA,86298,34.13197,-118.458846,single-family,3,3,1357,1963,595000,active,2025-08-08
LIST-003632,7450 Maple Ln,Seattle,WA,74495,47.554979,-122.45561,single-family,4,4,2043,1998,750000,sold,2025-07-12
LIST-003633,780 Washington Ln,Denver,CO,58976,39.840145,-104.86059,condo,1,2,842,1974,225000,active,2025-03-25
LIST-003634,8078 Oak Ave,San Francisco,CA,31489,37.627079,-122.621432,condo,3,3,1053,1922,410000,sold,2025-02-19
LIST-003635,4397 Autumn Way,New York,NY,70917,40.776921,-74.126894,single-family,5,4,1894,2010,1075000,sold,2024-08-01
LIST-003636,2465 Elm Ave,Austin,TX,97599,30.128473,-97.857625,condo,0,1,1134,1910,280000,sold,2025-07-02
LIST-003637,7914 Spring Ln,Los Angeles,CA,41184,33.857395,-118.378051,single-family,4,4,2288,1913,835000,sold,2025-05-03
LIST-003638,5584 Lake Ave,New York,NY,37058,40.773606,-74.140841,single-family,4,3,2583,1910,1085000,active,2024-11-09
LIST-003639,5462 Maple St,Seattle,WA,50334,47.53477,-122.017473,condo,2,2,1045,1925,305000,active,2025-03-17
LIST-003640,7563 Maple Ct,Seattle,WA,40278,47.637497,-122.156842,single-family,4,4,2172,1908,760000,active,2025-02-09
LIST-003641,4523 Jefferson Ct,Chicago,IL,29621,41.976486,-87.826421,condo,3,3,705,1926,125000,pending,2025-01-21
LIST-003642,4553 Oak Ct,Los Angeles,CA,19947,33.983922,-118.434389,single-family,4,4,1311,1973,405000,active,2025-01-28
LIST-003643,9559 Cedar Blvd,New York,NY,49220,40.572507,-74.142348,single-family,5,4,3159,1918,1440000,active,2024-05-27
LIST-003644,2602 Mission St,Seattle,WA,83520,47.787459,-122.516855,single-family,3,2,2852,1996,1130000,active,2025-08-17
LIST-003645,9554 Hill Blvd,Los Angeles,CA,61253,34.231774,-118.096275,single-family,3,3,1207,1919,415000,sold,2026-01-12
LIST-003646,2303 Madison Dr,New York,NY,85221,40.565683,-73.993296,condo,0,1,901,2010,575000,active,2024-12-14
LIST-003647,1472 Sunrise Pl,San Francisco,CA,64321,37.791946,-122.37824,single-family,6,6,800,1983,470000,active,2024-07-30
LIST-003648,5355 Lincoln Ave,Seattle,WA,29573,47.439473,-122.454379,single-family,6,6,1997,1912,575000,sold,2026-04-12
LIST-003649,370 Winter Ln,Los Angeles,CA,50776,34.080181,-118.123928,townhouse,2,1,1126,1969,515000,sold,2025-11-09
LIST-003650,8723 Market Blvd,Austin,TX,66244,30.18711,-97.986455,condo,0,1,1296,1957,355000,active,2026-02-06
LIST-003651,7205 Hill Blvd,San Francisco,CA,94222,37.729475,-122.19688,single-family,3,3,1628,1976,880000,active,2025-04-01
LIST-003652,6444 Madison Ave,New York,NY,82903,40.788251,-74.072543,multi-family,6,6,3655,2009,1895000,sold,2026-03-08
LIST-003653,1489 Sunset Ct,San Francisco,CA,71026,37.744345,-122.281867,multi-family,8,7,4132,1961,1980000,active,2024-11-17
LIST-003654,3564 Elm Dr,Los Angeles,CA,33921,34.156058,-118.176865,single-family,6,5,1830,1985,840000,pending,2025-01-05
LIST-003655,9900 Sunset Pl,Chicago,IL,82106,41.937984,-87.764193,condo,1,2,823,1975,190000,withdrawn,2025-12-07
LIST-003656,18 Cedar Ct,Los Angeles,CA,33321,33.849749,-118.234638,condo,0,1,1379,1985,555000,withdrawn,2025-03-25
LIST-003657,2128 Forest Ave,New York,NY,77894,40.682248,-73.883922,condo,3,3,1392,1936,585000,sold,2024-12-05
LIST-003658,8344 Elm St,Los Angeles,CA,83357,34.202018,-118.432656,condo,1,2,1391,1996,575000,active,2024-06-09
LIST-003659,2372 Walnut Way,Austin,TX,87775,30.37658,-97.909161,condo,1,2,1647,1945,340000,active,2025-09-15
LIST-003660,5173 Pine St,Austin,TX,86048,30.404547,-97.653055,single-family,3,2,2352,2010,810000,active,2026-02-17
LIST-003661,4116 Walnut Blvd,San Francisco,CA,78869,37.866087,-122.216181,single-family,6,6,2736,1973,1800000,sold,2025-06-03
LIST-003662,8761 Cedar Pl,Seattle,WA,11644,47.62429,-122.276707,single-family,2,2,1149,2009,515000,sold,2024-05-25
LIST-003663,828 Jefferson Way,San Francisco,CA,85484,37.880383,-122.521269,single-family,3,2,1576,2014,1195000,sold,2025-02-11
LIST-003664,7492 Spring Ln,San Francisco,CA,86464,37.800762,-122.586756,single-family,6,5,2583,2017,1520000,active,2025-07-19
LIST-003665,360 Winter Ave,Chicago,IL,26493,42.050452,-87.455315,single-family,4,4,2148,2017,605000,sold,2025-05-02
LIST-003666,8873 Market Ct,San Francisco,CA,99798,37.61864,-122.320345,single-family,3,2,2600,1997,1330000,active,2025-07-13
LIST-003667,9757 Winter Way,Chicago,IL,91376,41.854682,-87.553516,townhouse,4,4,1936,1972,510000,sold,2025-10-05
LIST-003668,781 Hill Way,Miami,FL,20939,25.705579,-80.22684,single-family,5,5,1193,1905,295000,active,2026-01-21
LIST-003669,5261 Jefferson Ct,Los Angeles,CA,92750,34.076499,-118.073943,single-family,3,3,1623,1925,475000,expired,2025-12-07
LIST-003670,1908 Cedar Way,Seattle,WA,54937,47.762977,-122.139191,condo,2,2,860,1969,310000,pending,2024-06-19
LIST-003671,4574 Hill Ave,Chicago,IL,50038,42.015288,-87.773726,condo,3,4,968,1926,170000,sold,2025-03-25
LIST-003672,6725 Hill Blvd,Los Angeles,CA,24093,,,multi-family,4,2,3005,1911,960000,active,2024-07-30
LIST-003673,5422 Park Ave,Los Angeles,CA,73847,34.071338,-117.995966,single-family,4,3,2730,1980,1195000,active,2025-07-24
LIST-003674,8756 Washington Dr,New York,NY,88964,40.613671,-73.817045,townhouse,3,3,1932,2014,1120000,active,2025-02-10
LIST-003675,3548 Walnut Dr,San Francisco,CA,89020,37.608243,-122.610091,single-family,2,2,2162,1975,1080000,sold,2024-07-12
LIST-003676,57 Park St,San Francisco,CA,16315,37.924425,-122.468662,single-family,5,4,2113,1902,955000,sold,2024-11-01
LIST-003677,427 Jefferson Ct,Chicago,IL,52734,42.024665,-87.604204,single-family,5,4,2704,1956,655000,pending,2024-05-14
LIST-003678,5453 Ridge Dr,Los Angeles,CA,66966,34.005344,-118.019365,single-family,4,4,2601,1976,895000,sold,2026-03-05
LIST-003679,3914 Elm St,Los Angeles,CA,83127,33.899381,-118.255355,condo,3,3,946,1960,380000,sold,2025-11-27
LIST-003680,8711 Jefferson Ave,San Francisco,CA,32649,37.668565,-122.559413,single-family,5,5,2072,1959,1175000,active,2025-11-09
LIST-003681,5106 Birch Ln,San Francisco,CA,75911,37.873278,-122.630685,condo,1,1,966,1946,545000,sold,2025-04-15
LIST-003682,6748 Park Pl,Seattle,WA,89726,47.560224,-122.541534,multi-family,4,3,3283,2011,1490000,active,2025-01-24
LIST-003683,302 Pine Ln,San Francisco,CA,85189,37.735766,-122.261156,single-family,4,3,800,1945,310000,pending,2024-11-14
LIST-003684,1804 Forest Way,San Francisco,CA,59039,37.978278,-122.490936,single-family,4,3,1410,2009,885000,active,2025-11-29
LIST-003685,2496 Ridge Ln,Los Angeles,CA,62732,33.891653,-118.414578,condo,1,1,1627,1986,535000,withdrawn,2025-02-28
LIST-003686,1086 Cedar Blvd,Los Angeles,CA,55503,34.065262,-117.9768,townhouse,3,2,1593,1975,665000,active,2026-04-16
LIST-003687,2406 Sunset Ave,Los Angeles,CA,23491,34.107705,-118.470546,single-family,3,2,2129,2002,985000,sold,2024-06-07
LIST-003688,7340 Elm Ct,Miami,FL,70438,25.830824,-80.049395,townhouse,4,4,1816,1945,465000,sold,2024-07-05
LIST-003689,9034 Birch Dr,Los Angeles,CA,10713,34.136139,-118.408165,single-family,5,5,2422,1933,995000,sold,2026-04-15
LIST-003690,6548 Sunrise Ln,Los Angeles,CA,46098,34.185502,-118.066621,condo,0,1,1507,1941,620000,sold,2024-06-03
LIST-003691,9112 Sunset Way,San Francisco,CA,64357,37.629183,-122.472386,condo,2,3,1191,1951,535000,sold,2025-01-07
LIST-003692,9626 Forest Ln,Los Angeles,CA,29675,33.978819,-118.248745,single-family,3,3,2257,1948,735000,active,2025-01-23
LIST-003693,61 Cedar Blvd,Los Angeles,CA,77305,34.053909,-118.439887,single-family,3,3,2019,1916,540000,sold,2025-07-03
LIST-003694,6034 Cedar Blvd,New York,NY,21483,40.692972,-74.087877,townhouse,3,2,1432,1962,580000,sold,2025-10-05
LIST-003695,7767 Forest Ct,San Francisco,CA,54808,37.936785,-122.468353,condo,2,3,903,1991,415000,withdrawn,2024-11-23
LIST-003696,5008 Lake Pl,New York,NY,27869,40.572829,-73.825509,single-family,5,4,1550,2006,670000,sold,2025-12-04
LIST-003697,3039 Valley Blvd,Austin,TX,16200,30.345262,-97.754799,single-family,5,4,3184,1992,1105000,active,2024-05-05
LIST-003698,9829 Washington Pl,San Francisco,CA,56608,37.564119,-122.332945,single-family,5,4,1959,1929,1090000,sold,2024-09-27
LIST-003699,920 Forest Pl,Chicago,IL,85813,41.960643,-87.581463,single-family,3,3,1018,2007,315000,sold,2025-10-12
LIST-003700,1284 Oak Ave,Seattle,WA,42189,47.715266,-122.282371,multi-family,4,2,3750,1998,1235000,withdrawn,2026-02-08
LIST-003701,5685 Pine St,San Francisco,CA,80102,37.760422,-122.184967,single-family,4,4,1989,1974,995000,pending,2025-03-21
LIST-003702,9847 Maple Blvd,Los Angeles,CA,85195,33.922167,-118.049849,single-family,3,3,1950,1958,825000,sold,2024-10-26
LIST-003703,6545 Park Ln,Los Angeles,CA,70640,34.01533,-118.125938,single-family,6,6,800,1976,365000,sold,2025-02-02
LIST-003704,5621 Market Dr,Los Angeles,CA,96007,33.942134,-118.335357,single-family,6,6,2207,1932,720000,sold,2024-09-07
LIST-003705,2385 Elm Dr,Los Angeles,CA,25799,34.018945,-118.376827,multi-family,4,4,2128,1933,785000,sold,2025-10-11
LIST-003706,6482 Winter Ln,Chicago,IL,49815,41.862783,-87.474984,condo,2,3,1368,2000,415000,sold,2025-06-21
LIST-003707,3335 Autumn Ave,Los Angeles,CA,72868,34.012034,-118.391787,single-family,4,3,2728,1911,750000,pending,2024-06-13
LIST-003708,4334 Lake Blvd,Los Angeles,CA,88784,34.199097,-118.055731,single-family,4,3,2863,1914,1085000,active,2025-11-21
LIST-003709,7560 Jefferson St,New York,NY,97452,40.746681,-74.254914,townhouse,3,3,1730,1952,860000,sold,2026-02-28
LIST-003710,9830 Pine Dr,Los Angeles,CA,83815,34.024462,-118.453626,single-family,6,5,2026,1920,515000,sold,2024-10-12
LIST-003711,5283 Park St,Denver,CO,75583,39.821381,-105.036669,condo,0,1,988,1992,270000,sold,2025-08-27
LIST-003712,6677 Elm Ave,Los Angeles,CA,61810,34.155514,-118.128117,single-family,2,1,876,1953,265000,expired,2025-01-15
LIST-003713,5950 Forest Way,Seattle,WA,49979,47.61105,-122.655613,townhouse,4,3,1877,1929,675000,sold,2026-03-31
LIST-003714,4296 Park Way,San Francisco,CA,37843,37.750814,-122.159111,condo,2,3,967,1904,315000,active,2025-12-04
LIST-003715,2109 Oak Way,Los Angeles,CA,23124,34.222758,-118.1144,condo,1,2,761,1966,315000,sold,2025-07-09
LIST-003716,2712 Spring Ln,New York,NY,29862,40.607589,-74.05467,single-family,3,3,1486,1972,765000,sold,2024-09-21
LIST-003717,2707 River Ct,New York,NY,81760,40.53127,-73.887224,townhouse,4,3,2386,2004,1360000,sold,2024-10-04
LIST-003718,9802 Lake St,Seattle,WA,63674,47.656311,-122.366917,condo,3,3,1251,1941,445000,active,2025-09-24
LIST-003719,9537 Hill Pl,Austin,TX,43875,30.284416,-97.647188,single-family,3,3,2501,1932,625000,active,2025-11-18
LIST-003720,4275 Autumn Way,San Francisco,CA,34048,37.701567,-122.24618,single-family,4,4,2468,1926,1175000,active,2024-09-14
LIST-003721,9047 Park Way,New York,NY,95044,40.517296,-73.995918,single-family,4,3,1915,1912,675000,expired,2025-11-23
LIST-003722,2447 Jefferson Ln,Los Angeles,CA,17049,34.091745,-118.339154,condo,2,3,1294,2023,610000,active,2025-03-01
LIST-003723,4681 Valley Dr,Miami,FL,33596,25.927576,-80.238039,condo,3,3,732,1912,145000,sold,2025-01-20
LIST-003724,302 Sunset Blvd,San Francisco,CA,40612,37.797558,-122.30381,multi-family,4,3,3166,2011,2340000,active,2026-02-03
LIST-003725,3725 Washington Pl,Denver,CO,84727,39.81289,-104.87549,single-family,4,4,2440,2002,860000,sold,2025-04-09
LIST-003726,4355 Elm Ln,Seattle,WA,13241,47.700842,-122.539204,single-family,4,3,2862,1974,870000,pending,2025-08-08
LIST-003727,9453 Winter Way,Denver,CO,77920,39.708583,-104.798541,single-family,2,1,1818,1900,410000,sold,2026-04-05
LIST-003728,9550 Oak Ave,Miami,FL,69782,25.741622,-80.257765,single-family,6,6,2101,1917,585000,withdrawn,2024-10-02
LIST-003729,9780 Cedar Ln,Seattle,WA,50614,47.53158,-122.546968,single-family,5,4,1939,1999,830000,expired,2025-07-26
LIST-003730,7111 Park Dr,San Francisco,CA,69863,37.901109,-122.425311,condo,2,3,898,2012,665000,pending,2026-01-29
LIST-003731,1870 Cedar Ct,Miami,FL,18921,25.661848,-80.119591,single-family,5,4,2290,1956,585000,active,2025-03-05
LIST-003732,8982 Elm Way,Miami,FL,74739,25.812757,-80.33275,multi-family,5,4,2719,1909,830000,active,2025-06-10
LIST-003733,1930 Autumn Ln,Seattle,WA,82964,47.593611,-122.497412,single-family,4,4,3270,1903,770000,withdrawn,2026-04-26
LIST-003734,9186 Pine Way,Chicago,IL,50043,41.853452,-87.365892,single-family,2,2,2174,1905,455000,sold,2026-01-21
LIST-003735,7838 Summer St,Austin,TX,80651,30.406783,-97.631065,condo,2,2,1232,1923,300000,active,2025-01-06
LIST-003736,2690 Park Ln,Denver,CO,63703,39.703538,-104.989732,condo,3,3,1427,2000,410000,active,2024-09-27
LIST-003737,34 Sunrise Blvd,San Francisco,CA,92031,37.653173,-122.381722,townhouse,3,3,1187,1984,600000,sold,2025-08-15
LIST-003738,3955 Walnut Ln,Chicago,IL,63771,41.896378,-87.744004,condo,0,1,694,1966,175000,expired,2025-05-31
LIST-003739,9761 Madison St,Austin,TX,52228,30.281618,-97.606962,single-family,4,4,1357,1983,290000,active,2025-06-03
LIST-003740,4530 Washington Ln,New York,NY,59615,40.682855,-73.787763,townhouse,2,1,1542,1966,615000,sold,2025-09-24
LIST-003741,303 Winter Ct,San Francisco,CA,89376,37.930018,-122.599847,condo,3,3,1070,1910,415000,sold,2025-09-04
LIST-003742,7752 Jefferson St,San Francisco,CA,93425,37.825509,-122.618732,single-family,6,6,2759,1901,1340000,active,2025-10-12
LIST-003743,8981 Cedar Ct,Seattle,WA,25852,47.647228,-122.555825,single-family,4,3,1896,1900,545000,active,2024-09-10
LIST-003744,3704 Valley Ln,Chicago,IL,31812,41.9753,-87.670997,condo,1,1,1339,2015,315000,sold,2024-10-24
LIST-003745,8889 Market Blvd,San Francisco,CA,94959,37.782178,-122.494982,single-family,2,2,800,1985,360000,sold,2025-07-28
LIST-003746,7296 Pine St,New York,NY,88868,40.67697,-74.11669,single-family,3,2,1616,1954,800000,expired,2024-08-01
LIST-003747,4269 Lake Way,Denver,CO,33405,39.67033,-104.995385,single-family,2,2,1694,1996,560000,sold,2025-10-11
LIST-003748,4325 Winter Ln,Miami,FL,91024,25.83927,-80.098652,single-family,2,1,1589,1966,615000,withdrawn,2025-09-07
LIST-003749,7185 Ridge Dr,San Francisco,CA,37790,37.722792,-122.320046,condo,3,4,1145,2010,795000,sold,2025-06-12
LIST-003750,7458 Sunrise Dr,San Francisco,CA,42312,,,multi-family,4,3,3799,1984,1640000,sold,2025-07-02
LIST-003751,3717 Hill Way,New York,NY,71316,40.569405,-73.832408,condo,2,2,776,1911,315000,withdrawn,2025-01-02
LIST-003752,4778 Autumn St,New York,NY,87610,40.553301,-74.004436,multi-family,4,4,3530,1931,1450000,withdrawn,2025-12-03
LIST-003753,7569 Washington Ct,Los Angeles,CA,98674,34.009613,-118.040568,townhouse,3,3,1932,2020,995000,sold,2024-08-28
LIST-003754,7380 Spring Dr,San Francisco,CA,65927,37.895153,-122.563539,condo,2,3,1045,1933,515000,sold,2025-01-10
LIST-003755,6045 Cedar St,New York,NY,48572,40.854619,-73.939479,single-family,2,2,2501,1942,975000,pending,2025-04-23
LIST-003756,8065 Madison St,New York,NY,62240,40.662633,-73.817212,single-family,6,6,2442,2000,1395000,withdrawn,2025-10-27
LIST-003757,8749 Sunrise Ave,Los Angeles,CA,39406,34.252815,-118.278819,multi-family,8,8,3431,1900,1235000,active,2024-10-14
LIST-003758,6058 Ridge Dr,Miami,FL,11280,25.808801,-80.395447,single-family,3,3,2984,1907,860000,active,2026-02-24
LIST-003759,8875 Sunrise Way,San Francisco,CA,81494,37.573361,-122.320338,single-family,3,2,2141,1999,1125000,sold,2025-08-30
LIST-003760,8561 Hill Ct,Chicago,IL,87389,41.66032,-87.559512,single-family,3,3,1960,2011,625000,sold,2025-08-27
LIST-003761,6358 Lincoln Ave,Los Angeles,CA,39173,33.934265,-118.393523,single-family,2,1,3177,1971,1205000,active,2024-06-01
LIST-003762,4500 Lincoln Ave,New York,NY,43606,40.525038,-74.078518,single-family,5,4,1759,1989,925000,sold,2025-03-13
LIST-003763,771 Madison Pl,San Francisco,CA,23431,37.903666,-122.375077,single-family,3,2,2165,1942,1225000,active,2025-11-24
LIST-003764,6110 Elm Ave,San Francisco,CA,33553,37.847058,-122.23907,single-family,3,3,1733,1982,1065000,withdrawn,2026-04-19
LIST-003765,6857 Sunset Pl,Austin,TX,40652,30.369031,-97.53478,condo,1,2,1408,1928,285000,sold,2025-02-23
LIST-003766,4944 River Way,Austin,TX,13482,30.080916,-97.656403,single-family,5,5,1401,1983,400000,sold,2025-03-13
LIST-003767,7007 Spring Ln,Chicago,IL,76055,41.997109,-87.751235,condo,3,3,1151,1968,330000,sold,2025-08-06
LIST-003768,9791 Maple Ave,Austin,TX,52681,30.344869,-97.604711,single-family,2,1,3013,1961,865000,pending,2024-05-16
LIST-003769,4108 Pine Pl,San Francisco,CA,63558,37.799916,-122.412958,townhouse,3,3,1896,2007,1155000,expired,2025-11-20
LIST-003770,4240 Mission Ln,Austin,TX,31089,30.308973,-97.773136,single-family,2,2,2048,1979,485000,sold,2024-08-25
LIST-003771,7185 Market Pl,New York,NY,32897,40.672544,-74.149472,condo,2,2,1719,1956,770000,sold,2025-08-09
LIST-003772,6169 Cedar Dr,New York,NY,26471,40.689315,-73.930274,single-family,5,4,1337,1957,615000,sold,2024-11-19
LIST-003773,8932 Sunrise Pl,Seattle,WA,36778,47.433912,-122.383975,single-family,5,4,2761,1940,1105000,sold,2026-03-29
LIST-003774,7126 Sunrise Ave,Chicago,IL,82794,41.955559,-87.419829,multi-family,5,5,3724,2020,890000,sold,2025-01-01
LIST-003775,7993 Market Blvd,San Francisco,CA,47766,37.605951,-122.239782,single-family,4,4,1794,1953,745000,expired,2025-05-30
LIST-003776,772 Lincoln Ave,Miami,FL,44783,25.844085,-80.247605,single-family,2,2,1854,1945,655000,active,2024-06-03
LIST-003777,8041 Elm Ln,Denver,CO,35263,39.645343,-105.157705,single-family,5,4,1753,2002,585000,sold,2024-05-21
LIST-003778,4975 Summer Ave,San Francisco,CA,43799,37.899655,-122.57614,single-family,2,2,1565,1962,775000,sold,2025-06-20
LIST-003779,5748 Hill Way,Austin,TX,91470,30.07405,-97.735603,condo,0,1,1143,1919,190000,sold,2024-11-28
LIST-003780,4141 Oak Ave,San Francisco,CA,86278,37.939805,-122.366939,townhouse,4,3,1561,1996,985000,sold,2026-04-10
LIST-003781,2872 Park Dr,San Francisco,CA,52058,37.875798,-122.565001,single-family,6,5,2712,2013,1545000,sold,2025-09-24
LIST-003782,5168 Mission St,New York,NY,84724,40.606327,-74.233901,townhouse,2,1,2386,1921,870000,sold,2025-10-09
LIST-003783,3143 Lincoln St,Los Angeles,CA,97420,34.029123,-118.25824,single-family,4,3,2233,1956,695000,sold,2025-04-09
LIST-003784,9485 Oak Pl,New York,NY,49181,40.824143,-73.924654,single-family,2,1,1437,1954,540000,sold,2025-08-26
LIST-003785,425 Market Blvd,Los Angeles,CA,56640,34.144465,-118.041654,multi-family,4,3,2438,1927,770000,active,2025-10-01
LIST-003786,2952 Autumn Blvd,Chicago,IL,93781,41.713549,-87.816041,single-family,2,1,2571,1995,680000,sold,2024-06-25
LIST-003787,8383 Mission Ct,Denver,CO,49329,39.691878,-105.251112,single-family,3,3,2328,1945,700000,active,2025-05-14
LIST-003788,1728 Sunrise Way,Los Angeles,CA,44453,34.210732,-118.340267,condo,2,2,913,1950,405000,sold,2025-09-26
LIST-003789,9703 River Ave,Chicago,IL,42892,41.912146,-87.557244,townhouse,2,2,979,1941,200000,withdrawn,2024-06-29
LIST-003790,9683 Washington Pl,Miami,FL,35495,25.900781,-80.141469,single-family,6,5,1814,1946,670000,sold,2025-01-04
LIST-003791,4693 Mission Ln,New York,NY,76502,40.828377,-74.24918,single-family,5,5,1717,1913,660000,expired,2026-03-28
LIST-003792,6511 Oak Way,Austin,TX,99355,30.309063,-97.638924,single-family,5,4,1722,1937,370000,active,2025-05-06
LIST-003793,5059 Pine Ave,Austin,TX,71132,30.100034,-97.752249,single-family,6,5,2416,2020,835000,withdrawn,2026-02-22
LIST-003794,9258 Jefferson Ave,Austin,TX,31214,30.183392,-97.631457,single-family,2,2,1726,2019,575000,sold,2025-02-22
LIST-003795,6712 Oak Ct,Denver,CO,46383,39.882896,-104.801578,multi-family,8,8,4208,1932,965000,sold,2025-03-25
LIST-003796,3694 Hill Ave,New York,NY,77533,40.661022,-73.830468,condo,1,2,1163,1942,450000,sold,2024-10-11
LIST-003797,6462 Forest Ct,Los Angeles,CA,11046,34.115565,-118.13167,townhouse,4,3,2252,1964,985000,expired,2024-09-13
LIST-003798,330 Walnut Blvd,Los Angeles,CA,20803,,,townhouse,2,2,1444,1972,445000,active,2025-06-22
LIST-003799,2363 Sunrise Pl,Austin,TX,61312,30.350176,-97.87695,single-family,2,1,2247,1979,735000,sold,2024-06-23
LIST-003800,9412 Cedar Way,Miami,FL,27447,25.841063,-80.074097,condo,2,2,853,1920,215000,sold,2024-08-28
LIST-003801,2243 Washington Dr,New York,NY,59278,40.581166,-73.957323,multi-family,5,4,4160,2010,2125000,pending,2024-07-30
LIST-003802,333 Jefferson Dr,Los Angeles,CA,48493,34.067361,-118.282478,single-family,5,5,2456,1914,750000,sold,2026-04-05
LIST-003803,5234 Market Dr,Los Angeles,CA,36861,33.932923,-118.100203,condo,3,3,1477,2009,790000,active,2024-08-11
LIST-003804,1723 Valley Ave,Los Angeles,CA,39003,34.126121,-118.073732,townhouse,3,3,1730,1981,550000,sold,2025-09-08
LIST-003805,6450 Oak Blvd,Los Angeles,CA,27126,34.038156,-118.446623,condo,1,1,1276,1986,620000,active,2025-09-16
LIST-003806,1124 Birch Ave,Miami,FL,97346,25.675628,-80.286641,townhouse,3,3,2291,2013,815000,withdrawn,2025-09-22
LIST-003807,6361 Lake Ln,Chicago,IL,21007,41.709614,-87.730659,single-family,6,5,2369,2015,610000,pending,2024-05-06
LIST-003808,1162 Maple Blvd,Chicago,IL,44051,41.796536,-87.449097,multi-family,6,5,3578,1946,850000,sold,2024-07-17
LIST-003809,1637 Autumn St,San Francisco,CA,18741,37.578473,-122.426247,condo,0,1,1612,1981,865000,sold,2024-08-11
LIST-003810,2882 Lake Way,San Francisco,CA,66572,37.631796,-122.402443,single-family,3,3,2605,1905,1260000,sold,2025-07-03
LIST-003811,5698 River Pl,Austin,TX,70291,30.049996,-97.77041,condo,1,2,1567,1941,425000,active,2024-07-13
LIST-003812,8469 Mission Pl,Los Angeles,CA,59792,33.911764,-118.40298,condo,3,3,1268,2006,440000,expired,2026-02-07
LIST-003813,901 Valley Pl,San Francisco,CA,57755,37.780961,-122.55888,multi-family,5,3,2495,2013,1650000,pending,2025-04-24
LIST-003814,2592 Sunset Ln,Denver,CO,54939,39.694648,-104.998011,condo,3,4,809,1959,255000,sold,2025-02-06
LIST-003815,2253 Hill St,Los Angeles,CA,40884,34.01641,-118.367968,single-family,3,3,1770,2000,665000,sold,2025-04-19
LIST-003816,1404 Jefferson Way,San Francisco,CA,48684,37.594317,-122.276101,single-family,4,4,2639,1931,1225000,sold,2025-01-09
LIST-003817,884 Lincoln Dr,Austin,TX,15665,30.219015,-97.77601,single-family,2,2,2057,1996,535000,active,2025-02-07
LIST-003818,8639 River Way,Miami,FL,76037,25.72171,-80.216174,single-family,2,2,1988,1993,720000,sold,2025-03-10
LIST-003819,2329 Lincoln Blvd,Los Angeles,CA,48437,34.155402,-118.05919,single-family,5,4,1669,1942,550000,sold,2025-12-18
LIST-003820,3074 Winter Blvd,Denver,CO,46610,39.851845,-104.901879,single-family,4,4,2455,1990,700000,sold,2025-08-17
LIST-003821,366 Summer Dr,San Francisco,CA,47715,37.668933,-122.534798,townhouse,2,2,1514,1935,740000,sold,2025-10-18
LIST-003822,3762 Pine Pl,Austin,TX,37937,30.115025,-97.741705,condo,0,1,1091,1906,200000,active,2025-02-22
LIST-003823,5843 Madison Blvd,Los Angeles,CA,51979,34.078781,-118.085827,single-family,4,3,2964,1927,785000,sold,2025-04-03
LIST-003824,477 Mission Dr,Seattle,WA,74137,47.807829,-122.348515,single-family,5,5,2006,1944,725000,sold,2025-07-17
LIST-003825,3277 Forest Pl,Austin,TX,84279,30.442366,-97.843532,multi-family,4,3,2616,2012,855000,sold,2024-08-07
LIST-003826,1597 Oak Pl,Seattle,WA,56275,47.433871,-122.266449,single-family,5,5,1311,1912,455000,pending,2025-12-21
LIST-003827,1060 Sunrise Ave,New York,NY,79174,40.570299,-74.195395,single-family,6,5,2329,1948,1185000,active,2025-07-05
LIST-003828,6661 Elm Ln,Austin,TX,94113,30.371935,-97.620195,single-family,2,2,1314,1993,320000,sold,2024-10-14
LIST-003829,2503 River Blvd,Los Angeles,CA,42344,33.953148,-118.123066,townhouse,2,2,1137,1961,415000,active,2024-11-23
LIST-003830,8146 Spring Ave,Austin,TX,97311,30.110207,-97.883433,townhouse,4,3,2088,1910,450000,active,2024-08-10
LIST-003831,8344 Washington St,San Francisco,CA,36584,37.57422,-122.377297,single-family,4,3,1348,1915,690000,active,2024-05-28
LIST-003832,6483 Walnut Ave,Los Angeles,CA,94676,34.234855,-118.307524,single-family,2,1,2947,1917,1060000,active,2024-06-14
LIST-003833,4940 Valley Way,Miami,FL,12620,25.638422,-80.073066,townhouse,3,3,1401,1963,455000,sold,2025-01-27
LIST-003834,3173 Ridge Ave,Chicago,IL,85676,41.936459,-87.567728,multi-family,5,4,2355,1937,590000,active,2026-04-23
LIST-003835,6311 Spring Blvd,Los Angeles,CA,82949,34.109785,-118.451779,townhouse,3,3,954,1932,360000,sold,2025-09-17
LIST-003836,146 Winter Pl,Chicago,IL,90694,41.779666,-87.544775,condo,1,2,1283,2012,325000,withdrawn,2024-10-29
LIST-003837,7276 Summer Pl,Miami,FL,33171,25.844694,-80.392685,single-family,6,5,2028,1966,590000,sold,2024-06-12
LIST-003838,4658 Ridge Ln,New York,NY,68815,40.840808,-73.827002,condo,0,1,825,1955,430000,active,2024-09-15
LIST-003839,3427 Summer Ln,Los Angeles,CA,35200,34.000805,-118.499688,condo,3,3,1051,1993,515000,sold,2025-07-07
LIST-003840,3763 Sunset Dr,Los Angeles,CA,45333,33.846886,-118.228037,single-family,6,5,2419,1921,720000,sold,2025-01-24
LIST-003841,5457 Winter Dr,Los Angeles,CA,35406,33.880948,-118.333939,single-family,4,3,800,2007,430000,sold,2026-04-01
LIST-003842,8073 Cedar Dr,Los Angeles,CA,40153,34.147531,-118.26309,single-family,5,4,1902,1983,745000,sold,2024-09-27
LIST-003843,749 Oak Ln,New York,NY,92129,40.599714,-73.769268,townhouse,4,3,1670,1923,740000,sold,2026-03-22
LIST-003844,6120 Winter Dr,San Francisco,CA,37631,37.728916,-122.51331,single-family,2,2,1773,1928,870000,sold,2025-09-10
LIST-003845,8329 River Ln,Los Angeles,CA,63359,34.090684,-118.227197,single-family,5,5,1512,1953,575000,sold,2024-09-24
LIST-003846,5174 Summer Way,Chicago,IL,50577,41.70424,-87.599752,condo,2,2,1018,1914,225000,sold,2026-03-28
LIST-003847,6463 Cedar Ct,Los Angeles,CA,81254,33.982481,-118.173975,single-family,5,4,1040,1919,340000,active,2025-09-15
LIST-003848,2831 Valley Pl,New York,NY,24733,40.718294,-73.818202,single-family,6,6,1503,1977,580000,pending,2025-11-20
LIST-003849,4438 Sunrise Ct,Seattle,WA,66180,47.519884,-122.592853,single-family,6,6,2911,1986,1005000,active,2026-03-08
LIST-003850,4281 Lake Ct,Los Angeles,CA,36254,34.252586,-118.360822,single-family,4,4,2486,1958,875000,active,2024-07-18
LIST-003851,9740 Valley Pl,San Francisco,CA,38004,37.805554,-122.208707,condo,2,2,968,1968,430000,sold,2026-03-19
LIST-003852,4901 Ridge Ave,Seattle,WA,99574,47.488111,-122.245481,single-family,4,3,2573,1910,625000,sold,2025-06-30
LIST-003853,3503 Winter Way,Los Angeles,CA,39324,33.914647,-118.334983,single-family,3,3,1850,1978,610000,active,2025-08-06
LIST-003854,7344 Spring Ln,Chicago,IL,96416,41.73966,-87.789867,single-family,3,3,2360,1997,690000,sold,2025-10-17
LIST-003855,1888 Market Blvd,New York,NY,90889,40.761866,-74.144141,single-family,5,4,2115,1908,780000,expired,2025-03-10
LIST-003856,4403 Maple Way,Seattle,WA,82889,47.769612,-122.424436,condo,3,3,1122,1991,365000,active,2025-07-18
LIST-003857,6407 Pine Ln,Austin,TX,73050,30.324713,-97.714489,condo,2,2,981,1940,250000,active,2024-08-03
LIST-003858,3592 Mission Pl,San Francisco,CA,75726,37.696138,-122.169086,single-family,2,2,1397,2006,710000,sold,2026-02-21
LIST-003859,4191 River St,San Francisco,CA,86335,37.771677,-122.516057,single-family,4,4,2742,2025,1440000,active,2025-09-14
LIST-003860,2937 River Dr,Miami,FL,93848,25.812405,-80.257886,single-family,4,3,1684,1985,625000,sold,2026-01-09
LIST-003861,7365 Washington St,San Francisco,CA,57059,37.644921,-122.43181,single-family,5,4,1915,2018,1295000,active,2025-07-24
LIST-003862,8215 Ridge Pl,New York,NY,57173,40.651741,-74.154181,townhouse,3,2,1746,1919,745000,sold,2024-10-20
LIST-003863,9340 River St,Seattle,WA,29479,47.762677,-122.206974,condo,3,4,1134,2019,440000,expired,2024-07-02
LIST-003864,3446 River Ave,Los Angeles,CA,45437,34.11262,-117.997087,single-family,5,5,1377,1959,435000,pending,2025-02-28
LIST-003865,6133 Valley Pl,San Francisco,CA,46724,37.981316,-122.44177,condo,3,4,1040,2008,610000,sold,2025-05-29
LIST-003866,8407 Mission Way,New York,NY,42087,40.895822,-73.922956,single-family,5,5,2352,1934,905000,sold,2025-06-04
LIST-003867,5516 Autumn Dr,Seattle,WA,50227,47.562815,-122.304076,single-family,4,3,1090,1967,415000,active,2024-08-15
LIST-003868,6515 Cedar Way,Chicago,IL,81008,41.849279,-87.67746,townhouse,4,4,1897,1916,345000,active,2025-12-31
LIST-003869,1202 Jefferson Ct,Austin,TX,69259,30.3246,-97.978376,single-family,3,3,2591,1957,730000,active,2024-10-17
LIST-003870,6200 Park Ct,Los Angeles,CA,54282,34.26162,-118.209598,single-family,5,5,1543,1988,540000,active,2025-03-18
LIST-003871,4665 Winter Blvd,Seattle,WA,37630,47.605266,-122.609654,single-family,3,3,2313,2001,1015000,active,2024-09-14
LIST-003872,3531 Sunrise St,San Francisco,CA,80400,37.685185,-122.495983,multi-family,8,6,4274,2004,2185000,active,2025-09-12
LIST-003873,9670 Market Blvd,New York,NY,33426,40.720639,-73.916214,single-family,5,5,2047,1990,1145000,sold,2024-07-02
LIST-003874,5283 Oak Pl,Chicago,IL,10923,42.071298,-87.5118,single-family,2,1,1255,1941,315000,sold,2025-11-06
LIST-003875,8956 Birch Ct,Austin,TX,50913,30.421226,-97.647556,multi-family,5,3,3440,2011,1285000,sold,2025-12-03
LIST-003876,3265 Spring Ct,Chicago,IL,69767,41.814568,-87.656825,condo,1,1,1233,1971,255000,active,2025-04-02
LIST-003877,8285 Cedar Ave,San Francisco,CA,51885,37.951407,-122.326962,single-family,5,5,1117,2013,815000,active,2025-10-03
LIST-003878,9503 Spring Way,San Francisco,CA,74281,37.629421,-122.570779,single-family,3,3,1329,1921,700000,active,2025-08-25
LIST-003879,7887 Elm Dr,Austin,TX,19836,30.124972,-97.83487,condo,1,2,1170,1987,340000,sold,2025-10-17
LIST-003880,5072 Ridge Ave,San Francisco,CA,14537,37.660703,-122.628863,townhouse,4,3,1637,1938,950000,sold,2024-11-01
LIST-003881,9003 Ridge Pl,San Francisco,CA,75002,37.838077,-122.153955,condo,2,3,915,1917,350000,sold,2024-07-11
LIST-003882,1545 Maple Ln,Austin,TX,18980,30.277385,-97.690116,single-family,3,3,2685,1907,580000,pending,2026-04-09
LIST-003883,764 Park Ct,Chicago,IL,49428,41.696088,-87.541159,condo,1,1,1116,1911,165000,sold,2024-08-27
LIST-003884,8857 Washington Ct,Los Angeles,CA,71344,34.014152,-118.198661,single-family,6,5,2616,1936,1070000,withdrawn,2025-04-29
LIST-003885,961 Pine Ln,San Francisco,CA,81574,37.636321,-122.333705,single-family,3,2,2953,1938,1180000,sold,2025-02-10
LIST-003886,2648 Park Ave,San Francisco,CA,72750,37.586241,-122.46045,townhouse,3,3,2271,1927,810000,pending,2024-07-29
LIST-003887,715 Madison Ln,Los Angeles,CA,83912,34.076234,-118.345631,single-family,2,2,1615,2020,585000,pending,2025-03-22
LIST-003888,7863 Walnut St,Chicago,IL,16513,41.790997,-87.429767,multi-family,7,5,4830,2017,1055000,active,2026-01-18
LIST-003889,3156 Park St,New York,NY,25159,40.521645,-74.103847,condo,2,2,965,2011,580000,sold,2024-12-16
LIST-003890,5427 Autumn St,New York,NY,81134,40.879264,-73.895997,single-family,5,5,2332,1903,690000,sold,2025-01-02
LIST-003891,595 Ridge Ave,Seattle,WA,76520,47.531286,-122.531921,condo,2,2,1437,2009,705000,sold,2024-09-07
LIST-003892,5678 Market Way,Seattle,WA,29822,47.537709,-122.175727,single-family,4,4,2334,1991,1030000,sold,2025-07-19
LIST-003893,5562 Jefferson Ave,Seattle,WA,97343,47.500325,-122.24669,single-family,3,3,2304,2004,735000,withdrawn,2024-06-04
LIST-003894,8781 Market St,Denver,CO,57274,39.604492,-105.005212,single-family,4,4,2086,2009,780000,active,2024-08-27
LIST-003895,8699 River Way,Austin,TX,90597,30.124556,-97.858377,condo,2,2,914,1927,160000,sold,2026-02-08
LIST-003896,8135 Market Blvd,Los Angeles,CA,81301,33.944841,-118.042372,condo,1,1,1169,1901,365000,active,2024-09-25
LIST-003897,2750 Oak Ave,Seattle,WA,43424,47.638287,-122.134676,single-family,4,3,1756,1987,645000,withdrawn,2024-07-17
LIST-003898,6910 Mission St,Austin,TX,19891,30.223731,-97.727937,townhouse,2,1,2147,1902,330000,sold,2026-01-03
LIST-003899,5898 Hill Dr,San Francisco,CA,32950,37.768722,-122.469099,condo,0,1,891,2006,560000,sold,2024-10-05
LIST-003900,3039 Market Blvd,Miami,FL,81606,25.89254,-80.359312,single-family,2,1,2260,2025,820000,sold,2026-04-27
LIST-003901,749 Elm Blvd,Los Angeles,CA,39880,34.079527,-118.26847,condo,0,1,786,1990,305000,sold,2025-06-19
LIST-003902,2244 Hill Way,Chicago,IL,77738,41.854156,-87.336238,multi-family,8,6,2781,1962,610000,sold,2025-10-29
LIST-003903,6361 Summer Dr,San Francisco,CA,76916,37.696993,-122.608747,condo,1,1,1045,1938,510000,sold,2025-11-02
LIST-003904,2479 Maple Way,New York,NY,36048,40.847219,-74.182608,single-family,6,6,2369,1962,1150000,sold,2026-01-02
LIST-003905,4108 Washington Ln,Los Angeles,CA,11455,34.115328,-118.255726,single-family,5,5,2375,2011,1180000,sold,2024-10-27
LIST-003906,3389 Cedar Ln,Denver,CO,98215,39.615623,-105.062411,townhouse,2,1,990,1966,265000,active,2024-11-02
LIST-003907,214 Sunrise Way,Chicago,IL,25225,41.859573,-87.65021,single-family,2,2,1080,2001,220000,sold,2024-06-24
LIST-003908,982 Park Dr,Los Angeles,CA,47740,33.886725,-118.291763,single-family,2,1,1804,2016,715000,sold,2025-11-26
LIST-003909,6467 Pine Dr,Los Angeles,CA,79899,34.054176,-118.382494,townhouse,3,2,2176,2014,865000,active,2025-09-06
LIST-003910,6249 Hill Way,New York,NY,73511,40.553994,-74.123276,single-family,6,6,2195,1962,875000,sold,2024-08-20
LIST-003911,2743 Walnut Dr,Los Angeles,CA,37430,34.023169,-118.147252,condo,3,4,1503,1999,750000,sold,2024-06-10
LIST-003912,6231 Lake Way,Miami,FL,48338,25.567701,-80.166586,single-family,4,4,1600,2012,715000,sold,2025-10-22
LIST-003913,401 Park Ave,Denver,CO,46621,39.725533,-104.760904,condo,0,1,1059,1903,225000,sold,2025-09-16
LIST-003914,4256 Market Ln,Los Angeles,CA,16046,33.871049,-118.27407,single-family,3,2,1654,1981,760000,active,2025-07-24
LIST-003915,1565 Hill Dr,Denver,CO,47358,39.784954,-105.055704,townhouse,2,2,1803,1997,430000,active,2024-06-25
LIST-003916,9011 Cedar Ln,Los Angeles,CA,61214,34.094988,-118.416,single-family,2,2,1803,2010,910000,pending,2025-12-08
LIST-003917,3098 Washington Ct,San Francisco,CA,94613,37.647093,-122.206834,multi-family,4,2,4020,1932,1905000,active,2025-09-27
LIST-003918,7425 Ridge Way,Seattle,WA,68693,47.550849,-122.424327,condo,2,3,1214,1900,335000,sold,2024-09-18
LIST-003919,3306 Lake Dr,Seattle,WA,40219,47.424495,-122.483597,condo,1,1,1415,1924,530000,sold,2025-10-18
LIST-003920,349 Ridge Blvd,Denver,CO,79526,39.714214,-104.870086,single-family,5,5,2170,1983,740000,sold,2025-01-11
LIST-003921,4781 Washington Dr,Miami,FL,46877,25.94945,-80.300841,single-family,3,3,2442,1945,795000,withdrawn,2025-05-22
LIST-003922,4586 Winter St,Seattle,WA,76528,47.533938,-122.124138,single-family,5,5,2251,1966,720000,active,2026-04-09
LIST-003923,2694 Autumn Ave,Chicago,IL,54035,41.801083,-87.873262,single-family,6,5,1899,1976,560000,pending,2025-08-26
LIST-003924,6719 Summer Pl,Austin,TX,94229,30.23327,-97.878189,single-family,5,4,3166,2008,770000,sold,2025-08-12
LIST-003925,9671 Ridge Ave,San Francisco,CA,68699,37.869209,-122.367491,single-family,5,4,2307,1915,1080000,sold,2025-09-17
LIST-003926,7487 Washington Ave,Los Angeles,CA,60765,34.039422,-118.432685,single-family,4,3,3142,1928,1240000,expired,2025-04-09
LIST-003927,2842 Walnut Dr,Austin,TX,87267,30.199979,-97.685637,condo,2,3,551,1996,150000,active,2025-04-27
LIST-003928,3042 Pine Ave,Chicago,IL,64884,41.686008,-87.723708,townhouse,3,2,2168,1996,490000,sold,2026-03-02
LIST-003929,794 Lake Pl,Denver,CO,98107,39.860704,-105.108476,single-family,5,5,934,1973,265000,sold,2025-01-11
LIST-003930,9715 Elm Dr,Los Angeles,CA,69850,34.151928,-118.331379,single-family,2,2,3153,1979,1160000,sold,2024-11-19
LIST-003931,2184 Lincoln Ct,Miami,FL,81385,25.903822,-80.197323,townhouse,2,1,2190,2016,930000,expired,2024-06-01
LIST-003932,6107 Birch Pl,Denver,CO,59173,39.76264,-104.716949,condo,3,3,626,1962,165000,sold,2025-08-28
LIST-003933,9409 Oak Ave,Los Angeles,CA,40334,34.058259,-118.271881,single-family,4,4,2062,1935,580000,active,2025-06-01
LIST-003934,7929 Mission Ct,San Francisco,CA,11575,37.85,-122.290012,single-family,3,3,2969,2003,2170000,sold,2025-08-07
LIST-003935,2951 Market Ln,San Francisco,CA,13425,37.661402,-122.273399,condo,3,3,1277,1982,545000,sold,2025-07-10
LIST-003936,6619 Lake Pl,Los Angeles,CA,63639,34.173659,-118.158986,condo,2,3,1145,1989,555000,sold,2025-03-06
LIST-003937,1949 Elm Ct,Miami,FL,91609,25.785986,-80.057807,condo,1,2,920,2024,390000,sold,2024-05-20
LIST-003938,5172 Lincoln Ln,New York,NY,68227,40.660832,-73.959545,single-family,6,5,1928,1957,840000,sold,2024-09-08
LIST-003939,2331 Lincoln Ct,New York,NY,60909,40.634003,-74.227697,townhouse,2,1,1628,1996,880000,sold,2026-02-18
LIST-003940,1885 Summer St,Seattle,WA,40448,47.604882,-122.074632,single-family,6,6,2430,1989,925000,sold,2025-05-16
LIST-003941,7056 Valley Blvd,San Francisco,CA,42763,37.714886,-122.393618,single-family,5,4,2272,1922,845000,active,2026-04-15
LIST-003942,6586 Elm Ave,Los Angeles,CA,54064,34.053219,-118.132701,single-family,3,3,2033,1977,745000,active,2024-11-18
LIST-003943,5140 Cedar Pl,San Francisco,CA,30876,37.984226,-122.38054,single-family,2,1,3079,1972,1875000,pending,2025-01-26
LIST-003944,6688 Birch Pl,Miami,FL,95808,25.735047,-80.330024,condo,3,4,1484,1977,605000,active,2025-08-09
LIST-003945,8369 Madison Way,Los Angeles,CA,40976,34.179804,-118.024244,multi-family,5,3,3730,1925,1435000,sold,2024-12-19
LIST-003946,2116 Hill Pl,New York,NY,24897,40.670197,-73.787303,single-family,6,6,1808,1953,830000,sold,2025-06-29
LIST-003947,7661 Madison Way,San Francisco,CA,79799,37.674162,-122.487903,single-family,2,2,1852,1969,1190000,active,2025-02-24
LIST-003948,5463 Pine Way,Denver,CO,80959,39.70984,-105.017601,single-family,5,4,1712,1979,560000,pending,2025-10-04
LIST-003949,8428 Maple St,Los Angeles,CA,74699,34.24271,-118.301475,multi-family,8,7,3032,1972,1335000,sold,2025-12-13
LIST-003950,5128 Mission Ln,Los Angeles,CA,94545,34.018722,-118.314746,condo,1,1,1022,2015,525000,sold,2025-10-15
LIST-003951,2861 Spring Dr,San Francisco,CA,57745,37.773131,-122.394076,single-family,3,3,2242,2024,1555000,sold,2025-02-25
LIST-003952,4641 River Pl,New York,NY,47319,40.598513,-73.992553,single-family,3,2,2034,2009,920000,active,2026-03-30
LIST-003953,3714 Birch Ave,Los Angeles,CA,21297,34.092901,-117.990871,condo,0,1,1099,1953,325000,withdrawn,2026-03-03
LIST-003954,623 Oak Way,Austin,TX,93447,30.413734,-97.791808,single-family,5,4,2640,1914,550000,active,2025-01-10
LIST-003955,2992 River Dr,New York,NY,44434,40.691523,-73.793431,townhouse,2,1,1733,1972,945000,sold,2025-01-12
LIST-003956,2169 Birch Dr,Austin,TX,93992,30.277424,-97.758587,condo,0,1,1198,2006,330000,active,2025-07-03
LIST-003957,8140 Elm Ln,San Francisco,CA,63694,37.852917,-122.368692,single-family,5,5,2089,1989,935000,sold,2025-06-04
LIST-003958,2400 Jefferson Way,Los Angeles,CA,90581,33.907999,-118.247908,single-family,4,3,2628,1915,690000,pending,2024-07-30
LIST-003959,7237 Forest Way,Los Angeles,CA,48788,33.953216,-118.362344,single-family,5,5,1887,1965,700000,expired,2025-11-08
LIST-003960,1737 Oak Way,Austin,TX,30700,30.261215,-98.000734,single-family,2,1,1824,1977,575000,pending,2025-01-02
LIST-003961,2146 Washington Blvd,Los Angeles,CA,19523,34.161687,-118.134492,single-family,5,4,1912,1978,750000,active,2024-11-25
LIST-003962,6569 Park Way,Chicago,IL,43227,41.693159,-87.660649,single-family,3,3,1207,1970,305000,pending,2024-09-18
LIST-003963,834 Valley Dr,Los Angeles,CA,15753,34.098516,-118.395824,single-family,4,3,1147,2021,645000,sold,2025-10-22
LIST-003964,28 River St,Chicago,IL,49914,41.712017,-87.650946,single-family,6,5,1402,1979,370000,sold,2026-03-23
LIST-003965,24 Autumn Pl,San Francisco,CA,90936,37.780135,-122.596804,single-family,4,3,2963,1916,1040000,sold,2025-07-20
LIST-003966,6356 Autumn Pl,Seattle,WA,37103,47.509143,-122.362519,townhouse,2,1,1880,1929,455000,expired,2024-10-19
LIST-003967,3685 Birch Way,Seattle,WA,92850,47.484464,-122.409375,condo,2,3,934,1918,335000,sold,2025-07-31
LIST-003968,6931 Elm Pl,Los Angeles,CA,49823,34.01935,-118.373304,single-family,6,5,2977,1998,1375000,expired,2024-05-14
LIST-003969,262 Birch Ln,Los Angeles,CA,77406,34.109793,-118.170888,condo,0,1,1154,1938,430000,pending,2026-04-15
LIST-003970,9521 Summer Pl,Austin,TX,73180,30.454144,-97.718107,condo,3,3,450,1911,110000,sold,2024-11-08
LIST-003971,3996 Mission Blvd,Los Angeles,CA,17473,33.906904,-118.440519,single-family,2,1,1396,1901,400000,sold,2024-09-11
LIST-003972,3372 Mission Ln,New York,NY,93887,40.912494,-73.991021,single-family,2,2,1309,1920,405000,sold,2025-03-26
LIST-003973,7196 Lake Ct,Los Angeles,CA,65685,34.021332,-118.182572,condo,0,1,1320,2016,510000,expired,2025-06-21
LIST-003974,1560 Forest Way,Los Angeles,CA,46992,34.260757,-118.296585,condo,1,2,1122,1926,415000,active,2025-07-16
LIST-003975,941 Autumn Blvd,Los Angeles,CA,77523,34.222424,-118.395714,condo,0,1,450,1904,105000,pending,2024-07-27
LIST-003976,5479 Winter St,Seattle,WA,60871,47.763518,-122.525108,single-family,5,4,2413,1968,995000,active,2025-10-18
LIST-003977,8048 Walnut Blvd,Denver,CO,98003,39.812056,-104.802158,single-family,4,4,1291,1955,395000,sold,2025-11-10
LIST-003978,1188 Madison Ct,Los Angeles,CA,10696,34.111186,-118.324519,condo,1,1,699,1983,230000,active,2024-12-24
LIST-003979,8592 Elm Ct,Austin,TX,63302,30.11803,-97.624448,single-family,6,6,2488,1947,475000,pending,2025-10-28
LIST-003980,5563 Jefferson St,San Francisco,CA,19255,37.58664,-122.306381,condo,1,2,979,1928,470000,sold,2025-12-06
LIST-003981,6833 Park Ct,Los Angeles,CA,29197,34.153988,-118.02278,condo,2,2,1565,1907,430000,active,2024-12-11
LIST-003982,6455 River St,San Francisco,CA,50052,37.727673,-122.373134,single-family,4,4,2386,1903,1135000,active,2024-09-02
LIST-003983,8086 Sunrise Pl,New York,NY,89071,40.686201,-74.180018,single-family,3,2,2117,1936,865000,pending,2025-11-12
LIST-003984,8063 Mission Ct,New York,NY,33090,40.726074,-74.132749,single-family,4,4,1688,1961,770000,sold,2024-06-26
LIST-003985,9303 Washington Ln,Miami,FL,70498,25.935958,-80.039796,condo,1,1,1291,1991,475000,sold,2025-07-05
LIST-003986,185 Valley St,Chicago,IL,62650,41.672873,-87.638481,condo,0,1,1249,1970,245000,sold,2025-01-25
LIST-003987,6353 Lake Ct,Denver,CO,70312,39.893234,-105.009871,single-family,6,5,1628,1909,275000,sold,2024-12-01
LIST-003988,2119 Madison St,Chicago,IL,24528,41.885533,-87.869483,condo,3,3,1095,1908,245000,active,2024-11-21
LIST-003989,3173 River Blvd,Austin,TX,29786,30.383732,-97.869101,single-family,5,5,3195,1948,965000,withdrawn,2026-03-19
LIST-003990,3314 Park Ln,Denver,CO,60740,39.712148,-104.953387,single-family,6,6,3048,1926,820000,sold,2025-01-13
LIST-003991,2270 Valley St,New York,NY,89041,40.836397,-74.08133,single-family,2,1,1417,2003,715000,sold,2025-01-30
LIST-003992,8423 Oak Way,Los Angeles,CA,11662,34.044528,-118.190751,single-family,2,2,2931,1993,1190000,pending,2025-03-13
LIST-003993,1768 Forest Ct,Chicago,IL,17350,41.9217,-87.394741,condo,0,1,745,1920,120000,pending,2025-05-15
LIST-003994,7128 Market Ave,Seattle,WA,61623,47.783013,-122.258877,condo,1,1,1040,2009,350000,sold,2025-08-14
LIST-003995,9147 Hill Dr,Miami,FL,19036,25.881966,-80.080776,condo,2,2,928,1924,310000,sold,2025-11-27
LIST-003996,2331 Forest Pl,New York,NY,40510,40.622852,-74.14823,condo,2,2,760,1936,305000,active,2024-06-10
LIST-003997,64 Washington Ct,Denver,CO,20108,39.814881,-105.228872,condo,3,3,1196,1942,360000,pending,2025-09-14
LIST-003998,2591 Market Ct,Los Angeles,CA,71735,34.002129,-118.219215,single-family,5,4,1885,1903,630000,sold,2024-06-29
LIST-003999,8140 Walnut St,Miami,FL,27543,25.716925,-79.964463,condo,1,2,1001,1903,210000,sold,2025-11-19
LIST-004000,6102 Mission Ct,San Francisco,CA,72287,37.644853,-122.56301,condo,2,3,1461,1947,810000,sold,2024-07-22
LIST-004001,4493 Cedar Ln,Los Angeles,CA,61349,33.991677,-118.437796,single-family,3,2,1060,2007,410000,sold,2025-10-01
LIST-004002,9768 Sunrise Blvd,Los Angeles,CA,69243,33.923302,-118.039677,single-family,5,5,1673,1970,770000,pending,2025-03-26
LIST-004003,1489 River Ln,Denver,CO,38261,39.62177,-104.91175,single-family,2,2,2940,2009,790000,sold,2025-03-09
LIST-004004,8194 Cedar Ave,Miami,FL,63546,25.918398,-80.222734,condo,3,4,1071,1959,365000,pending,2025-07-28
LIST-004005,7963 Park Ct,Austin,TX,55116,30.420965,-97.776338,single-family,6,5,2762,2015,910000,sold,2025-09-02
LIST-004006,3001 Forest Ct,New York,NY,60181,40.670584,-73.742466,single-family,5,5,2632,1919,830000,sold,2026-03-20
LIST-004007,3417 Sunrise Dr,Chicago,IL,33296,41.733295,-87.605739,condo,3,3,531,2025,135000,active,2026-01-20
LIST-004008,7362 Elm Ct,San Francisco,CA,71961,37.630938,-122.438474,single-family,5,5,2069,1996,995000,active,2025-03-31
LIST-004009,9627 Summer Ln,Seattle,WA,37707,47.825054,-122.404492,condo,2,2,450,1909,105000,sold,2025-06-26
LIST-004010,6454 Lake Blvd,Austin,TX,66560,30.355211,-97.840663,single-family,5,5,2406,1962,675000,pending,2024-05-01
LIST-004011,2074 Summer St,Denver,CO,33900,39.942904,-104.904083,single-family,4,3,1857,1951,490000,sold,2025-08-24
LIST-004012,8326 Market St,San Francisco,CA,93694,37.813362,-122.589342,condo,3,3,763,1939,385000,active,2024-08-14
LIST-004013,460 Market Ave,Los Angeles,CA,78803,34.126565,-118.129589,condo,3,3,1417,1903,380000,sold,2025-03-21
LIST-004014,6518 Autumn Way,Miami,FL,54953,25.872463,-80.03994,single-family,5,4,3306,1913,725000,active,2025-02-27
LIST-004015,2747 Winter Blvd,Chicago,IL,63439,41.87576,-87.851936,condo,0,1,775,1987,160000,active,2026-01-11
LIST-004016,9363 River Dr,New York,NY,57645,40.915566,-73.93995,single-family,2,2,2483,1917,770000,sold,2025-11-02
LIST-004017,4957 Maple Pl,Chicago,IL,44087,41.768973,-87.678077,townhouse,4,4,1563,1996,445000,sold,2024-08-21
LIST-004018,1473 Washington Ct,Chicago,IL,66261,42.06411,-87.756161,single-family,4,4,1532,1985,475000,sold,2025-02-17
LIST-004019,3193 Birch Ave,Los Angeles,CA,20762,34.158134,-118.253472,single-family,3,2,3436,2021,1860000,sold,2025-02-23
LIST-004020,1885 Washington Dr,Seattle,WA,53514,47.398423,-122.336519,single-family,6,5,2183,1919,620000,sold,2024-05-27
LIST-004021,9852 Hill St,Miami,FL,88771,25.910755,-80.269757,single-family,2,1,1709,1950,560000,sold,2024-09-22
LIST-004022,9018 Sunset Ct,Los Angeles,CA,24556,34.246776,-118.194134,multi-family,6,4,4002,1907,1370000,active,2024-10-24
LIST-004023,904 Cedar Way,Los Angeles,CA,77672,34.179903,-118.325088,single-family,2,2,800,1993,265000,active,2026-02-17
LIST-004024,6563 Forest Ave,Miami,FL,44558,25.625687,-80.308105,condo,1,2,1054,1974,300000,sold,2024-11-14
LIST-004025,9198 Elm Way,Miami,FL,34657,25.837443,-80.022086,single-family,2,1,2533,1935,840000,pending,2025-07-03
LIST-004026,1003 Winter Way,Miami,FL,55881,25.650359,-80.268095,single-family,3,3,1274,2001,380000,sold,2024-12-03
LIST-004027,8501 Spring Ln,San Francisco,CA,36178,37.682083,-122.439644,single-family,5,5,2333,1965,940000,sold,2024-07-26
LIST-004028,9520 Elm Way,Seattle,WA,84542,47.705384,-122.348178,single-family,2,1,1484,1959,415000,active,2025-02-07
LIST-004029,1188 Pine Pl,Seattle,WA,90651,47.667273,-122.115876,townhouse,4,4,1201,1990,455000,sold,2025-11-30
LIST-004030,8161 Oak Blvd,San Francisco,CA,72264,37.840748,-122.42539,single-family,3,2,1546,1992,710000,sold,2025-02-24
LIST-004031,3718 Mission Ave,San Francisco,CA,85851,37.893273,-122.383089,single-family,3,3,2505,1970,1155000,active,2025-12-15
LIST-004032,8466 Washington Blvd,Miami,FL,18981,25.800623,-80.30583,townhouse,2,1,1728,2002,735000,expired,2025-10-09
LIST-004033,679 Valley Blvd,Los Angeles,CA,19548,34.070608,-118.056333,single-family,5,5,1438,2004,540000,sold,2025-04-24
LIST-004034,4625 Elm Pl,Miami,FL,70148,25.684919,-80.348225,single-family,2,2,1799,1901,495000,sold,2025-10-06
LIST-004035,5062 Pine Dr,New York,NY,78612,40.560996,-74.164026,single-family,4,4,1294,1998,695000,expired,2024-09-24
LIST-004036,2802 Market Dr,San Francisco,CA,43128,37.642016,-122.592005,single-family,6,5,2924,2003,1905000,sold,2025-02-03
LIST-004037,32 Madison Pl,Los Angeles,CA,68159,34.103754,-118.121187,condo,2,2,1135,1967,460000,sold,2024-07-20
LIST-004038,5559 Ridge Pl,Los Angeles,CA,68794,34.164659,-118.168865,condo,3,4,1078,2005,455000,active,2025-12-01
LIST-004039,1844 Maple Ave,New York,NY,71810,40.605027,-73.74965,townhouse,4,4,1676,1968,680000,active,2024-11-30
LIST-004040,9181 Spring Ave,Miami,FL,36415,25.848143,-80.20731,single-family,5,4,1034,1999,460000,sold,2025-12-18
LIST-004041,9828 Spring Ct,Miami,FL,46457,25.869424,-80.392331,single-family,2,1,2030,1978,535000,active,2024-11-27
LIST-004042,4461 Autumn Ln,Los Angeles,CA,11792,34.12419,-118.056594,condo,3,3,1244,1954,365000,sold,2025-08-23
LIST-004043,9513 Maple Pl,San Francisco,CA,73911,37.759921,-122.259305,single-family,5,5,1925,1991,1315000,sold,2024-12-17
LIST-004044,1868 Hill Dr,Los Angeles,CA,57358,33.977634,-118.374231,condo,1,1,1037,2023,420000,sold,2026-04-21
LIST-004045,8141 Jefferson Dr,Los Angeles,CA,26161,34.247562,-118.349299,condo,2,2,1174,1935,385000,active,2025-02-01
LIST-004046,9001 Market Ln,Chicago,IL,25825,41.949095,-87.820494,single-family,3,3,2524,1939,470000,sold,2025-05-22
LIST-004047,3338 Ridge Pl,San Francisco,CA,78282,37.758412,-122.680618,condo,3,4,1044,1993,520000,sold,2024-09-04
LIST-004048,2459 Park Dr,Seattle,WA,87543,47.552614,-122.086356,single-family,4,3,2650,1900,700000,sold,2025-08-05
LIST-004049,3108 Summer St,San Francisco,CA,34876,37.689697,-122.480322,single-family,6,6,2875,2006,1765000,active,2025-09-18
LIST-004050,2026 Forest St,New York,NY,80374,40.754697,-73.995753,single-family,5,4,2485,1957,1310000,active,2024-10-05
LIST-004051,5928 Summer Ave,San Francisco,CA,14204,37.959677,-122.309636,single-family,3,2,1376,1988,750000,pending,2025-06-25
LIST-004052,7546 Valley Ave,Denver,CO,79325,39.70321,-104.833969,single-family,5,5,800,1945,155000,sold,2025-06-03
LIST-004053,2415 Summer Ave,Seattle,WA,34086,47.701888,-122.347205,single-family,5,5,2288,1952,905000,sold,2024-05-04
LIST-004054,2550 Sunset Ave,Denver,CO,52275,39.852955,-104.824968,townhouse,2,2,1439,2022,485000,active,2024-05-22
LIST-004055,7525 Lincoln Pl,Chicago,IL,14614,41.793654,-87.768763,single-family,5,4,1634,1948,300000,expired,2024-10-16
LIST-004056,4248 River Dr,Seattle,WA,30393,47.522378,-122.127062,single-family,4,3,1281,2002,610000,active,2025-05-29
LIST-004057,2903 Lake Dr,New York,NY,29867,40.76719,-73.741994,single-family,2,2,2112,1958,770000,sold,2026-01-21
LIST-004058,5645 Birch St,Austin,TX,21766,30.471193,-97.770258,townhouse,4,4,1746,1975,425000,sold,2024-07-24
LIST-004059,4281 Winter Dr,Denver,CO,74696,39.892573,-104.841308,single-family,4,4,1917,2005,580000,active,2024-06-04
LIST-004060,4314 Forest Blvd,Chicago,IL,52096,41.893159,-87.837258,single-family,4,4,2623,1932,480000,expired,2026-02-28
LIST-004061,1504 Mission Blvd,San Francisco,CA,10190,37.913958,-122.575427,single-family,5,4,2904,1939,1555000,withdrawn,2025-07-23
LIST-004062,5102 Madison Ct,Seattle,WA,48963,47.483332,-122.146447,single-family,2,1,2282,1912,675000,sold,2025-08-27
LIST-004063,5917 Lake Ct,Los Angeles,CA,71187,34.052197,-118.219713,condo,2,2,886,1948,355000,withdrawn,2026-01-31
LIST-004064,425 Mission Ave,New York,NY,13446,40.817759,-73.786467,single-family,2,2,1800,1996,1010000,active,2025-08-19
LIST-004065,2861 Elm St,Los Angeles,CA,49394,34.131859,-118.081135,condo,2,3,1504,1958,470000,active,2025-08-03
LIST-004066,1818 Market Dr,Denver,CO,72211,39.820678,-105.014021,multi-family,8,6,3966,1983,1085000,sold,2025-06-02
LIST-004067,9714 Lake Dr,New York,NY,85743,40.797092,-73.977838,condo,1,2,1267,1994,515000,sold,2024-11-14
LIST-004068,1974 Park Ln,Austin,TX,91051,30.129823,-97.559206,townhouse,3,2,1861,2011,500000,pending,2025-09-06
LIST-004069,6992 Ridge Ave,San Francisco,CA,63003,37.667971,-122.346136,single-family,3,2,2444,1900,1195000,sold,2025-07-08
LIST-004070,808 Cedar Way,New York,NY,73672,40.703625,-74.167864,single-family,2,1,2453,1974,1000000,sold,2025-01-13
LIST-004071,9890 River Way,New York,NY,96550,40.496148,-74.059001,single-family,5,5,1447,1942,545000,active,2025-01-05
LIST-004072,5135 Oak Way,Los Angeles,CA,81877,34.084432,-118.287053,single-family,5,5,1778,1977,735000,withdrawn,2025-03-04
LIST-004073,9668 Park St,San Francisco,CA,33253,37.747882,-122.21562,multi-family,5,4,2795,1962,1565000,active,2024-12-01
LIST-004074,9358 Madison St,Los Angeles,CA,45235,33.962423,-118.299626,single-family,3,2,2455,1904,620000,active,2024-05-23
LIST-004075,3243 Valley Ave,Chicago,IL,63845,41.915076,-87.901517,single-family,2,1,1270,1981,330000,active,2025-03-25
LIST-004076,3156 Forest Blvd,Seattle,WA,54096,47.459128,-122.110621,single-family,5,5,3109,2008,1435000,active,2025-02-03
LIST-004077,7731 Walnut St,Miami,FL,38429,25.681862,-80.256671,condo,1,2,1165,1905,300000,active,2024-06-01
LIST-004078,6830 River Ct,New York,NY,11423,40.700048,-74.294687,condo,0,1,1197,1988,570000,sold,2025-04-17
LIST-004079,4817 Washington St,Denver,CO,74275,39.884716,-105.077985,condo,0,1,1467,1928,410000,active,2024-09-17
LIST-004080,4027 Madison Ln,San Francisco,CA,78310,37.977597,-122.328047,single-family,6,6,2252,1935,990000,sold,2025-08-11
LIST-004081,2513 Maple St,Los Angeles,CA,46873,34.080097,-118.094507,single-family,4,4,3220,1998,1220000,withdrawn,2025-06-09
LIST-004082,1820 Sunrise Dr,Los Angeles,CA,62251,34.25356,-118.188904,single-family,6,6,2814,1948,1095000,expired,2026-03-01
LIST-004083,1512 Valley Blvd,Denver,CO,59401,39.654998,-104.864828,single-family,4,4,1914,1990,685000,sold,2025-10-08
LIST-004084,8222 Oak St,Seattle,WA,21769,47.564765,-122.124704,single-family,5,4,1912,1997,845000,sold,2025-09-01
LIST-004085,6638 Ridge Blvd,Chicago,IL,87678,41.941939,-87.724657,townhouse,4,4,1802,1975,435000,sold,2025-06-13
LIST-004086,6316 Hill Dr,Los Angeles,CA,56939,34.046845,-118.434198,single-family,5,5,2605,1900,715000,active,2024-09-13
LIST-004087,373 Autumn Ave,Denver,CO,32085,39.818312,-104.723162,single-family,6,6,1999,2006,720000,active,2024-05-20
LIST-004088,4857 Valley Ave,Miami,FL,71716,25.654621,-80.073649,single-family,5,5,2008,1947,655000,pending,2025-12-11
LIST-004089,4207 Oak Ln,San Francisco,CA,29471,37.703248,-122.193112,single-family,2,1,2467,2001,1450000,sold,2025-09-03
LIST-004090,4836 Winter Ave,New York,NY,92651,40.687271,-74.207527,townhouse,4,4,1657,1925,630000,active,2024-06-24
LIST-004091,3929 Winter Dr,Chicago,IL,10417,41.890777,-87.443168,single-family,3,2,2475,1939,490000,withdrawn,2025-01-23
LIST-004092,2563 Sunrise St,Los Angeles,CA,81648,34.094849,-118.271027,single-family,3,3,1746,1990,660000,active,2025-08-04
LIST-004093,9310 Cedar Dr,Los Angeles,CA,66823,33.975854,-118.400071,single-family,4,3,2887,1937,945000,sold,2025-07-17
LIST-004094,8866 Jefferson Ave,San Francisco,CA,86662,37.800606,-122.430202,single-family,3,3,1351,2025,1005000,sold,2025-01-28
LIST-004095,9605 Park Blvd,San Francisco,CA,23254,37.919972,-122.448951,condo,3,4,719,1922,275000,active,2025-02-13
LIST-004096,1429 Winter Dr,San Francisco,CA,23463,37.604815,-122.529682,condo,2,2,1080,1926,390000,sold,2025-09-24
LIST-004097,6139 Mission Ave,Miami,FL,55000,25.873758,-80.148015,single-family,2,2,1972,2021,670000,pending,2024-12-01
LIST-004098,6053 Sunset Ave,New York,NY,76554,40.854294,-74.070359,condo,1,2,1333,1952,540000,expired,2026-02-13
LIST-004099,3560 Forest St,New York,NY,42840,40.586272,-74.076291,single-family,4,3,1195,2001,605000,sold,2025-02-25
LIST-004100,1628 Lincoln Ct,New York,NY,47227,40.842949,-73.892369,townhouse,2,2,1007,2004,570000,sold,2026-01-08
LIST-004101,232 Market Ln,Austin,TX,39457,30.172322,-97.645555,condo,0,1,1368,2009,320000,sold,2025-11-16
LIST-004102,9693 Jefferson Ct,Miami,FL,92502,25.792575,-80.19548,single-family,6,5,2152,1988,615000,sold,2024-05-29
LIST-004103,4284 Spring Ave,Los Angeles,CA,53711,34.202135,-118.14457,single-family,6,5,3250,2018,1515000,sold,2024-06-29
LIST-004104,8969 Jefferson Way,Seattle,WA,74521,47.46693,-122.224562,single-family,5,5,2260,1986,910000,sold,2025-03-31
LIST-004105,4735 Spring Ave,San Francisco,CA,54193,37.839201,-122.252288,single-family,6,5,2539,1959,1365000,sold,2024-06-21
LIST-004106,8041 Jefferson Pl,Austin,TX,98920,30.091362,-97.593151,condo,2,3,1386,1969,375000,active,2025-02-20
LIST-004107,4768 Maple Blvd,Los Angeles,CA,59891,34.203517,-118.177144,condo,0,1,870,1952,310000,sold,2024-07-17
LIST-004108,5647 Sunset Ave,Los Angeles,CA,97951,34.272962,-118.28835,condo,2,2,898,1987,355000,active,2025-09-21
LIST-004109,1026 Elm Dr,New York,NY,32067,40.578564,-74.207076,condo,2,2,1401,2025,710000,active,2024-08-22
LIST-004110,851 Ridge St,Denver,CO,61440,39.876803,-105.068812,condo,1,2,1188,1968,270000,active,2025-04-27
LIST-004111,6986 Elm Ave,Chicago,IL,56786,42.028605,-87.827662,condo,3,4,936,1944,230000,sold,2025-11-04
LIST-004112,6049 Ridge St,Miami,FL,66687,25.579318,-80.257266,single-family,3,2,1962,1916,505000,active,2024-06-01
LIST-004113,8472 Walnut St,Los Angeles,CA,17963,34.090695,-118.042438,single-family,5,4,1758,1932,560000,sold,2025-10-18
LIST-004114,9575 Valley Blvd,Austin,TX,65016,30.375722,-97.593626,single-family,2,1,1513,2018,555000,active,2025-07-24
LIST-004115,7340 Birch St,Seattle,WA,13839,47.759244,-122.199165,condo,0,1,1823,1957,695000,sold,2026-04-30
LIST-004116,9209 Sunset Pl,San Francisco,CA,73990,,,condo,1,1,851,1974,445000,withdrawn,2026-01-09
LIST-004117,2347 Cedar St,San Francisco,CA,85172,37.745589,-122.484474,townhouse,3,3,2025,1911,670000,expired,2025-08-26
LIST-004118,2418 Sunrise St,New York,NY,97363,40.491496,-73.953627,townhouse,2,2,1668,1975,680000,sold,2026-01-30
LIST-004119,3569 Oak Way,Miami,FL,80940,25.887602,-80.079281,townhouse,2,2,1726,1903,515000,active,2026-01-30
LIST-004120,6507 Madison Way,Austin,TX,88519,30.390503,-97.720571,townhouse,4,4,2022,2018,630000,pending,2026-03-21
LIST-004121,4171 Elm Way,New York,NY,80417,40.780672,-74.029023,single-family,6,5,1541,1969,845000,active,2024-09-10
LIST-004122,4899 Oak Ct,San Francisco,CA,81414,37.914126,-122.464846,single-family,5,4,2424,1917,990000,sold,2025-06-27
LIST-004123,1731 Cedar Ct,Seattle,WA,25033,47.644723,-122.253323,single-family,2,2,1948,1912,475000,sold,2025-10-29
LIST-004124,314 Elm St,San Francisco,CA,45552,37.76612,-122.598643,single-family,5,5,2168,1952,1195000,active,2025-07-10
LIST-004125,8711 Spring Ct,Los Angeles,CA,55093,34.029659,-118.177438,condo,1,2,1188,1995,605000,active,2025-09-29
LIST-004126,3428 Pine Pl,Los Angeles,CA,28023,34.131017,-118.49089,condo,3,4,1488,1935,580000,sold,2026-04-05
LIST-004127,7823 Walnut Ln,San Francisco,CA,19984,37.697257,-122.165241,single-family,2,2,800,1993,430000,active,2025-08-29
LIST-004128,7165 Market Ct,Austin,TX,20173,30.45311,-97.635068,single-family,2,2,2587,1935,470000,sold,2025-12-22
LIST-004129,2352 Valley Pl,Miami,FL,38862,25.841601,-80.363552,single-family,2,2,1677,1972,500000,sold,2026-02-20
LIST-004130,4774 Oak St,San Francisco,CA,22748,37.720997,-122.196823,condo,1,2,1076,1916,420000,sold,2026-01-23
LIST-004131,6698 River Dr,Los Angeles,CA,57676,34.204153,-118.30188,condo,1,2,1056,2000,530000,sold,2025-10-21
LIST-004132,7829 Washington Ln,Chicago,IL,56752,41.814597,-87.630127,townhouse,2,2,2266,1949,435000,pending,2025-05-19
LIST-004133,8372 Cedar Ct,Chicago,IL,22160,41.773584,-87.534095,single-family,4,3,1723,1950,460000,sold,2025-07-21
LIST-004134,4201 Summer Way,New York,NY,65473,40.75524,-74.259681,multi-family,4,4,2409,1921,845000,active,2024-07-25
LIST-004135,712 Oak Way,Los Angeles,CA,35119,34.01667,-118.334231,condo,2,2,1271,1912,305000,active,2025-06-03
LIST-004136,8807 Hill Pl,Miami,FL,88036,25.709154,-80.245326,condo,3,4,1290,1997,420000,sold,2025-01-06
LIST-004137,9682 Park St,Seattle,WA,56913,47.507995,-122.292039,condo,0,1,1309,1932,335000,sold,2025-05-22
LIST-004138,9965 Valley Blvd,Chicago,IL,26487,42.09853,-87.631754,single-family,4,4,2074,1926,500000,expired,2024-05-30
LIST-004139,9403 Lake Way,New York,NY,22686,40.748864,-74.110477,condo,2,2,1295,2001,550000,sold,2025-10-25
LIST-004140,1944 Jefferson Ave,Chicago,IL,59686,41.867538,-87.504838,condo,3,4,1103,1950,225000,withdrawn,2024-10-16
LIST-004141,1994 Sunrise Blvd,San Francisco,CA,45063,37.929371,-122.419046,single-family,2,2,2427,1968,1105000,active,2024-12-09
LIST-004142,6701 Jefferson Pl,Miami,FL,48568,25.666088,-80.019605,single-family,6,6,2557,2011,770000,sold,2026-02-27
LIST-004143,9578 Washington Ct,New York,NY,36752,40.814985,-73.882218,single-family,2,2,2395,2006,1425000,active,2024-06-02
LIST-004144,4190 Spring Ct,New York,NY,34203,40.746457,-73.872678,single-family,2,2,2385,2002,1460000,sold,2025-11-13
LIST-004145,46 Pine Ln,Los Angeles,CA,11896,34.118381,-118.393058,single-family,3,2,2338,1929,815000,expired,2024-11-17
LIST-004146,3288 Forest St,Seattle,WA,58794,47.657604,-122.249757,single-family,6,5,2058,1976,795000,active,2025-04-16
LIST-004147,5746 Cedar St,San Francisco,CA,18258,37.86983,-122.321281,single-family,3,2,2238,1931,1240000,withdrawn,2024-11-30
LIST-004148,6165 Pine Blvd,Austin,TX,76357,30.178682,-97.60173,single-family,3,2,3620,2022,1055000,sold,2024-11-02
LIST-004149,2095 Lincoln Ln,Los Angeles,CA,18105,33.931175,-118.014689,single-family,6,6,2150,2003,815000,sold,2025-08-07
LIST-004150,6635 Summer Blvd,New York,NY,38011,40.640754,-73.781569,multi-family,5,4,3164,1954,1340000,active,2026-04-09
LIST-004151,3136 Washington Dr,Austin,TX,57000,30.307404,-97.585626,condo,2,3,1541,1923,275000,active,2025-11-03
LIST-004152,6267 Maple Ln,Chicago,IL,91909,41.793035,-87.588617,single-family,3,3,2229,1998,550000,sold,2025-11-29
LIST-004153,9658 Autumn Blvd,San Francisco,CA,30770,37.611193,-122.372635,single-family,5,5,1538,1926,605000,sold,2026-04-26
LIST-004154,3662 Market Ct,Los Angeles,CA,87586,34.228039,-118.344147,single-family,4,4,2597,1951,970000,pending,2025-12-10
LIST-004155,7722 Ridge Way,San Francisco,CA,75836,37.905748,-122.590926,single-family,3,3,1508,1974,735000,withdrawn,2025-11-30
LIST-004156,6326 Lake Blvd,Miami,FL,81105,25.584882,-80.083268,condo,0,1,821,1984,235000,sold,2026-04-19
LIST-004157,2056 Lincoln Way,Seattle,WA,27033,47.752814,-122.544041,townhouse,2,2,1375,1941,550000,active,2026-02-07
LIST-004158,9487 Cedar Ave,Chicago,IL,68382,42.036702,-87.425578,condo,2,3,908,1992,205000,active,2025-10-10
LIST-004159,1816 Sunrise Blvd,Denver,CO,87532,39.88565,-105.21232,single-family,2,1,1223,1971,290000,active,2025-10-14
LIST-004160,487 Ridge Way,Los Angeles,CA,93771,34.191423,-118.056583,condo,2,2,1251,2017,635000,expired,2024-07-31
LIST-004161,7277 Lake Ct,Los Angeles,CA,93678,34.267602,-118.282602,townhouse,4,3,1843,2005,880000,sold,2024-12-24
LIST-004162,3169 Sunset Ave,Austin,TX,15534,30.116357,-97.601434,single-family,6,6,2292,2000,760000,active,2025-04-22
LIST-004163,3946 Winter Pl,Chicago,IL,77421,41.968137,-87.612495,condo,1,2,1135,2018,275000,sold,2025-02-10
LIST-004164,9289 Sunset Blvd,New York,NY,57975,40.626401,-73.801863,condo,3,3,1090,1989,485000,active,2024-05-25
LIST-004165,9599 Autumn Ln,Los Angeles,CA,14362,33.889476,-118.377811,condo,2,2,733,1976,245000,sold,2026-01-02
LIST-004166,9477 Cedar Blvd,Los Angeles,CA,69267,34.225406,-118.37044,townhouse,2,2,2305,2007,805000,active,2025-05-25
LIST-004167,2404 Walnut St,Chicago,IL,66158,42.011457,-87.797201,condo,3,4,839,1987,185000,active,2025-09-03
LIST-004168,6140 Mission Ave,San Francisco,CA,27376,37.827634,-122.379655,multi-family,6,5,2219,2012,1570000,sold,2024-09-24
LIST-004169,277 Walnut Ct,Seattle,WA,16672,47.737101,-122.239893,single-family,5,4,2004,1948,585000,active,2025-05-17
LIST-004170,8245 Ridge St,Seattle,WA,69818,47.387195,-122.365926,condo,0,1,1480,1980,565000,sold,2025-10-11
LIST-004171,4477 Forest St,Los Angeles,CA,68473,34.254511,-118.13483,condo,3,4,1011,1965,415000,pending,2024-08-04
LIST-004172,9648 Ridge Pl,San Francisco,CA,72493,37.953135,-122.276546,condo,1,1,1271,1957,505000,active,2024-07-08
LIST-004173,2854 Market Way,Los Angeles,CA,96508,34.079166,-118.25119,single-family,5,5,800,1933,215000,expired,2025-05-03
LIST-004174,9187 Autumn Blvd,Los Angeles,CA,28018,33.947037,-118.171847,single-family,4,3,2745,1923,1035000,active,2024-05-24
LIST-004175,2031 Lake Blvd,San Francisco,CA,93301,37.899637,-122.352469,single-family,2,2,1776,1909,830000,sold,2025-01-07
LIST-004176,3562 Sunrise Ct,San Francisco,CA,19825,37.905885,-122.603489,single-family,2,1,1881,1903,825000,withdrawn,2025-12-31
LIST-004177,1574 Pine Dr,Seattle,WA,47980,47.521469,-122.522833,condo,0,1,1198,1943,435000,active,2025-03-23
LIST-004178,8466 Lincoln Dr,San Francisco,CA,45837,37.965501,-122.385859,condo,0,1,1106,1992,570000,sold,2024-05-16
LIST-004179,4278 Pine Ln,Los Angeles,CA,20518,34.07852,-118.163243,single-family,4,3,3101,1945,935000,active,2025-11-02
LIST-004180,2868 Sunrise Dr,New York,NY,38723,40.875106,-73.842085,single-family,6,6,2919,2011,1810000,pending,2025-10-23
LIST-004181,6656 Madison Ln,Denver,CO,45176,39.708146,-105.257225,multi-family,7,5,2415,1991,865000,expired,2025-08-18
LIST-004182,4009 Washington Ln,Seattle,WA,84081,47.738277,-122.59448,townhouse,4,3,1582,1962,580000,sold,2025-01-12
LIST-004183,9776 Mission St,New York,NY,75826,40.914917,-74.040387,condo,2,2,1535,1970,655000,sold,2026-02-05
LIST-004184,528 Mission Blvd,Austin,TX,53235,30.267386,-97.850187,single-family,5,5,2127,2012,800000,pending,2025-02-24
LIST-004185,8852 Cedar Dr,Denver,CO,81674,39.762158,-104.975073,single-family,3,2,1402,1908,235000,active,2026-03-31
LIST-004186,2207 Lake Ct,Seattle,WA,40186,47.646735,-122.281844,single-family,2,1,2551,1935,895000,active,2025-01-01
LIST-004187,8617 Mission Blvd,Seattle,WA,27282,47.637671,-122.420395,condo,2,3,1127,1934,335000,sold,2026-01-01
LIST-004188,8547 Mission Pl,San Francisco,CA,77159,37.886673,-122.331507,condo,1,1,1074,2010,505000,active,2025-06-19
LIST-004189,3121 Pine Ln,Chicago,IL,85950,41.906618,-87.790532,single-family,5,4,2290,1947,465000,expired,2026-01-03
LIST-004190,9963 Summer St,Chicago,IL,19455,41.747378,-87.670544,single-family,2,1,2424,1925,405000,sold,2026-04-19
LIST-004191,9521 Hill Dr,Los Angeles,CA,51733,33.842055,-118.163585,single-family,2,2,2318,2003,875000,sold,2025-09-25
LIST-004192,7081 Sunrise Blvd,Los Angeles,CA,74864,34.177256,-118.111783,multi-family,4,2,2561,1937,920000,active,2024-05-16
LIST-004193,536 Park Way,Los Angeles,CA,16156,33.942927,-118.371988,townhouse,4,4,2534,1918,660000,withdrawn,2025-12-05
LIST-004194,6669 Sunrise Dr,New York,NY,63253,40.602706,-74.167784,condo,0,1,1579,1947,590000,sold,2025-04-29
LIST-004195,3439 Jefferson St,San Francisco,CA,74943,37.756608,-122.246864,single-family,2,1,2180,1981,1190000,expired,2026-01-08
LIST-004196,2980 Sunrise Dr,Los Angeles,CA,92658,34.095119,-118.166592,single-family,5,5,1735,1977,660000,sold,2025-06-10
LIST-004197,6616 Madison Way,Los Angeles,CA,95766,34.163136,-118.387784,condo,2,3,625,1937,195000,sold,2025-09-02
LIST-004198,527 Ridge Ln,New York,NY,40073,40.540363,-74.190483,townhouse,2,2,1528,1979,595000,sold,2025-11-27
LIST-004199,5076 Market Ln,San Francisco,CA,43843,37.703886,-122.243992,single-family,6,5,1051,1995,470000,pending,2024-09-08
LIST-004200,9614 Maple Ln,New York,NY,38934,40.776442,-74.044393,single-family,5,4,2708,2007,1170000,active,2024-06-18
LIST-004201,8781 Winter Way,New York,NY,75616,40.691879,-73.728204,single-family,3,3,1010,1950,340000,sold,2025-12-10
LIST-004202,4523 Birch St,Seattle,WA,67532,47.609802,-122.653318,condo,0,1,1374,1906,390000,sold,2024-05-10
LIST-004203,5172 Madison Ct,Seattle,WA,68326,47.712212,-122.370813,condo,3,3,1278,1976,460000,expired,2025-03-01
LIST-004204,6381 Lake Ave,New York,NY,18835,40.682337,-73.926808,single-family,6,5,2564,2000,1370000,sold,2025-07-21
LIST-004205,6874 Sunrise St,Seattle,WA,73323,47.694375,-122.527763,single-family,2,2,1207,2022,610000,active,2024-07-12
LIST-004206,5170 Ridge Pl,Austin,TX,80946,30.27619,-97.572356,condo,3,4,1272,1903,315000,sold,2024-11-15
LIST-004207,6104 Mission Ct,San Francisco,CA,60322,37.721793,-122.5345,condo,3,4,977,1902,455000,pending,2024-11-04
LIST-004208,2718 Valley St,Chicago,IL,75488,41.883015,-87.38262,condo,1,2,1056,1971,290000,active,2025-06-23
LIST-004209,1510 Madison Dr,Los Angeles,CA,18920,34.175505,-118.14614,townhouse,2,1,2563,1989,860000,pending,2025-05-30
LIST-004210,9208 Sunrise Way,Austin,TX,20073,30.10247,-97.794587,single-family,5,4,1843,1999,445000,pending,2025-10-03
LIST-004211,8621 Washington Ave,New York,NY,60750,40.799832,-74.27365,single-family,3,2,1872,1908,615000,sold,2025-09-25
LIST-004212,3398 Maple St,San Francisco,CA,37830,37.797256,-122.485321,single-family,3,3,1802,2001,1140000,sold,2024-11-03
LIST-004213,4872 Mission Ave,Austin,TX,70505,30.271407,-97.691887,single-family,6,5,858,1945,250000,active,2025-11-28
LIST-004214,6322 Ridge Ln,San Francisco,CA,10815,37.713203,-122.214864,single-family,5,5,1173,2023,835000,sold,2024-11-28
LIST-004215,4198 Autumn Blvd,Austin,TX,48057,30.275506,-97.628845,single-family,6,5,2035,1991,695000,sold,2025-01-07
LIST-004216,7074 Cedar Dr,San Francisco,CA,51326,37.86295,-122.543042,single-family,2,2,1535,1996,850000,active,2025-01-28
LIST-004217,3395 Spring Ct,Los Angeles,CA,41998,33.995745,-118.340554,single-family,5,5,2396,1929,655000,active,2025-09-22
LIST-004218,1930 Pine Ave,Seattle,WA,29901,47.782341,-122.239674,single-family,2,2,1309,1994,610000,sold,2024-09-14
LIST-004219,9917 Pine Ct,Denver,CO,18286,39.704178,-105.012576,single-family,2,1,1741,1928,355000,sold,2026-01-30
LIST-004220,1963 Ridge Dr,Miami,FL,93340,25.794136,-80.187737,condo,1,1,994,1952,325000,sold,2025-05-29
LIST-004221,7414 Sunrise Ct,Los Angeles,CA,81139,34.179144,-118.246644,condo,3,4,500,1947,180000,sold,2025-02-06
LIST-004222,9428 Madison Ct,Denver,CO,95994,39.596388,-105.059124,condo,1,2,936,1953,215000,active,2024-10-03
LIST-004223,2384 Autumn Blvd,Los Angeles,CA,58842,34.009239,-118.376027,townhouse,4,4,1524,2012,575000,active,2025-05-12
LIST-004224,3126 Mission Ave,New York,NY,37150,40.54299,-74.085739,condo,0,1,787,1949,345000,sold,2026-02-20
LIST-004225,5324 Hill Ct,Los Angeles,CA,54614,33.941428,-118.075922,single-family,5,5,1948,2006,775000,sold,2026-03-21
LIST-004226,1162 Pine Pl,Seattle,WA,17629,47.71828,-122.584131,condo,1,1,1616,1924,430000,pending,2025-04-11
LIST-004227,9948 Autumn Way,Los Angeles,CA,17687,33.880919,-118.380686,single-family,2,1,1883,1947,685000,active,2025-07-29
LIST-004228,9665 Forest St,Seattle,WA,93946,47.654293,-122.312222,single-family,4,4,2691,2020,990000,sold,2026-02-01
LIST-004229,4724 Jefferson Ct,Los Angeles,CA,45563,33.984487,-118.10499,single-family,3,2,2986,1936,895000,active,2025-11-22
LIST-004230,7114 Washington St,Austin,TX,95378,30.312043,-97.700506,single-family,5,4,2228,1956,535000,expired,2025-04-01
LIST-004231,7179 Autumn Ln,Chicago,IL,71393,41.690307,-87.770416,single-family,3,3,2202,1978,595000,sold,2025-04-27
LIST-004232,3394 Walnut Ln,Los Angeles,CA,98096,34.174932,-118.237658,condo,3,4,1376,1943,450000,active,2025-10-22
LIST-004233,8309 Lake Dr,New York,NY,39369,40.70762,-74.302938,multi-family,7,5,4008,1989,1815000,withdrawn,2025-10-23
LIST-004234,2782 Walnut Ave,Austin,TX,29945,30.2868,-97.713742,townhouse,4,4,2153,1915,425000,sold,2025-01-04
LIST-004235,2212 Maple Ave,San Francisco,CA,58729,37.822702,-122.650477,townhouse,4,3,1227,1970,585000,active,2024-05-25
LIST-004236,4643 Lincoln Pl,San Francisco,CA,76759,37.87794,-122.550042,single-family,3,2,2236,1929,1130000,active,2025-12-28
LIST-004237,9675 Ridge Blvd,Miami,FL,35370,25.75595,-80.026072,single-family,2,2,1257,2022,580000,sold,2024-07-20
LIST-004238,1720 Jefferson Ct,Austin,TX,58644,30.374503,-97.592533,single-family,3,2,2298,1926,585000,active,2024-10-28
LIST-004239,7469 Washington Dr,Chicago,IL,34255,41.797528,-87.389501,single-family,3,2,1952,1939,480000,expired,2025-04-13
LIST-004240,1770 Park Way,San Francisco,CA,23517,37.853396,-122.633879,single-family,5,5,2750,1916,1045000,sold,2025-06-03
LIST-004241,8865 Jefferson Ct,Los Angeles,CA,54069,34.160326,-118.038972,single-family,3,2,1209,1902,320000,active,2026-02-06
LIST-004242,5568 Ridge Ln,San Francisco,CA,69212,37.823124,-122.251078,single-family,6,6,2376,1951,1040000,sold,2025-04-21
LIST-004243,6406 Market Pl,San Francisco,CA,63213,37.791424,-122.390646,condo,3,3,831,1952,455000,active,2025-07-18
LIST-004244,9796 Oak Pl,Chicago,IL,74737,41.691241,-87.74067,single-family,6,6,2032,1949,480000,active,2025-12-26
LIST-004245,1781 Winter Dr,Austin,TX,19218,30.473194,-97.825252,condo,0,1,1425,1930,390000,sold,2025-06-09
LIST-004246,6485 Sunrise Ln,Seattle,WA,59609,47.687454,-122.327963,condo,0,1,878,2001,385000,sold,2025-11-01
LIST-004247,8568 Madison Ln,New York,NY,60063,40.528942,-73.854552,townhouse,4,4,2053,1994,965000,pending,2025-09-16
LIST-004248,9353 Summer Blvd,Denver,CO,26725,39.82649,-105.176829,single-family,4,3,2780,1933,665000,active,2024-05-23
LIST-004249,4039 Summer Pl,Los Angeles,CA,17882,34.088808,-118.004918,single-family,2,1,2871,1936,850000,sold,2025-06-04
LIST-004250,6879 Park Pl,New York,NY,62826,40.69938,-73.881853,single-family,6,5,1219,2005,505000,sold,2025-07-19
LIST-004251,8914 Mission St,Los Angeles,CA,51636,33.95553,-118.050929,condo,2,2,1643,1901,480000,active,2026-02-24
LIST-004252,3135 Sunset St,Los Angeles,CA,21020,34.06655,-118.254014,single-family,5,5,2988,1929,850000,withdrawn,2025-10-18
LIST-004253,9623 Walnut Blvd,San Francisco,CA,15152,37.939668,-122.405923,condo,2,2,1431,1971,925000,pending,2025-02-09
LIST-004254,657 Mission Ct,Miami,FL,87656,25.971103,-80.181034,condo,1,1,1546,2002,670000,active,2026-01-01
LIST-004255,6147 Cedar Ave,Miami,FL,45931,25.759828,-80.189614,condo,3,4,1240,1932,270000,sold,2025-02-21
LIST-004256,2599 Summer Ave,Denver,CO,35519,39.716805,-104.868908,single-family,3,2,2367,1907,410000,active,2024-09-16
LIST-004257,2829 Birch Ave,Los Angeles,CA,40599,33.981103,-118.431645,townhouse,4,3,2382,2014,895000,expired,2025-05-20
LIST-004258,2335 Pine St,Austin,TX,86117,30.338424,-97.958384,single-family,2,2,1590,1988,505000,sold,2026-02-17
LIST-004259,5001 Spring Ave,Los Angeles,CA,25807,33.953954,-118.389872,multi-family,5,3,1813,2019,895000,active,2025-01-07
LIST-004260,1690 Cedar Way,Chicago,IL,95913,42.037827,-87.70872,condo,0,1,965,1930,155000,active,2026-01-24
LIST-004261,9182 Madison Blvd,Los Angeles,CA,98377,34.027283,-118.50291,condo,3,3,1319,2020,730000,withdrawn,2024-12-21
LIST-004262,3130 Forest Way,Miami,FL,33125,25.688236,-80.328784,single-family,3,3,2335,1980,620000,sold,2025-09-03
LIST-004263,6760 Spring Pl,San Francisco,CA,51340,37.602383,-122.510793,single-family,5,5,1501,1989,705000,sold,2025-09-08
LIST-004264,320 Cedar Dr,Chicago,IL,50725,41.883274,-87.72257,single-family,2,2,2711,1959,720000,expired,2025-08-22
LIST-004265,277 River Ct,San Francisco,CA,70053,37.562918,-122.333266,single-family,3,3,1885,1998,1170000,sold,2024-06-03
LIST-004266,2319 Jefferson Way,New York,NY,27887,40.869505,-74.053428,townhouse,2,2,1506,2020,1000000,active,2025-10-05
LIST-004267,2139 Elm Way,Los Angeles,CA,66596,34.125671,-118.134392,condo,3,3,1180,1932,365000,active,2025-01-03
LIST-004268,9009 Pine Ln,Miami,FL,34357,25.848147,-80.107149,condo,3,4,745,1942,255000,sold,2025-06-27
LIST-004269,5148 Hill Dr,New York,NY,83845,40.59181,-73.759648,condo,2,2,969,1961,365000,active,2025-03-07
LIST-004270,3241 Walnut Ave,Los Angeles,CA,76201,34.086955,-117.975345,single-family,3,3,2165,1978,930000,sold,2025-04-18
LIST-004271,4240 Ridge St,San Francisco,CA,11278,37.93513,-122.548744,townhouse,4,3,1654,1946,765000,pending,2025-06-11
LIST-004272,579 Ridge Ln,Los Angeles,CA,89391,33.865385,-118.149664,condo,2,3,1017,2004,440000,active,2024-11-06
LIST-004273,8632 Walnut Ave,Austin,TX,21385,30.120058,-97.939939,single-family,6,6,2103,1947,460000,pending,2025-08-12
LIST-004274,3886 Birch Way,Miami,FL,34083,25.916525,-80.336252,condo,2,2,1043,1974,315000,active,2024-08-11
LIST-004275,4993 Sunset Ct,Austin,TX,54706,30.479261,-97.758871,single-family,5,4,2097,1935,515000,pending,2025-09-15
LIST-004276,5707 Cedar Blvd,Austin,TX,83884,30.213744,-97.715979,single-family,3,3,2049,1901,505000,expired,2025-11-11
LIST-004277,6989 Hill St,San Francisco,CA,58344,37.564763,-122.425994,condo,2,3,1104,1910,445000,sold,2025-02-11
LIST-004278,5992 Winter Way,San Francisco,CA,48708,37.854462,-122.63171,condo,1,2,1241,2009,885000,active,2025-03-04
LIST-004279,6286 Autumn Blvd,Austin,TX,99056,30.366298,-97.902439,single-family,5,4,2647,2022,1020000,sold,2024-09-29
LIST-004280,5178 Sunset Ct,Los Angeles,CA,64548,33.902617,-118.193965,condo,3,4,1095,2004,570000,withdrawn,2025-02-07
LIST-004281,3704 Washington Blvd,Los Angeles,CA,84815,34.057894,-118.07246,single-family,6,5,2323,1907,680000,sold,2025-04-22
LIST-004282,6818 Elm Dr,Los Angeles,CA,51360,33.908755,-118.128688,single-family,4,3,2296,1925,730000,withdrawn,2025-05-26
LIST-004283,7706 Jefferson Ct,New York,NY,25174,40.675398,-73.781488,single-family,4,4,1681,1989,745000,sold,2024-06-13
LIST-004284,5949 Valley St,Seattle,WA,23083,47.796254,-122.249973,single-family,4,4,2100,1926,595000,sold,2025-10-19
LIST-004285,430 Walnut Ct,Chicago,IL,61280,41.737302,-87.64319,single-family,4,3,989,1985,305000,sold,2026-04-01
LIST-004286,2332 Pine Pl,New York,NY,91482,40.762238,-73.8892,single-family,6,5,3191,1951,1190000,sold,2026-04-12
LIST-004287,8166 Market Pl,Los Angeles,CA,74039,34.184899,-118.298166,multi-family,7,6,3325,1948,1435000,sold,2024-06-04
LIST-004288,7703 Mission Ave,Austin,TX,63902,30.158307,-97.960233,single-family,5,4,2915,1909,730000,sold,2025-04-01
LIST-004289,4311 Washington Ave,Seattle,WA,68796,47.62711,-122.285577,single-family,3,3,2054,1990,715000,withdrawn,2025-11-16
LIST-004290,5583 Mission Pl,Seattle,WA,88046,47.58264,-122.502414,single-family,2,1,3431,2002,1425000,active,2025-07-24
LIST-004291,165 Park Dr,Denver,CO,64752,39.683673,-105.019909,single-family,2,1,2523,1930,670000,pending,2025-12-15
LIST-004292,6606 Spring Blvd,Miami,FL,17537,25.85389,-80.36503,single-family,4,4,2086,1976,715000,sold,2025-02-24
LIST-004293,8659 River Dr,Los Angeles,CA,67788,34.220648,-118.309431,single-family,6,6,3162,1901,1125000,sold,2025-07-31
LIST-004294,1610 Walnut St,Denver,CO,93352,39.918742,-104.948396,single-family,4,3,2548,1912,675000,active,2025-03-12
LIST-004295,109 Park Pl,Seattle,WA,12603,47.478974,-122.363413,single-family,5,5,1411,2007,705000,active,2025-06-04
LIST-004296,9674 Hill Pl,New York,NY,17010,40.617049,-74.274203,single-family,5,4,1371,1967,695000,active,2025-11-11
LIST-004297,8880 Summer St,San Francisco,CA,54125,37.690299,-122.497126,condo,3,3,1156,1996,785000,active,2024-11-25
LIST-004298,5786 Autumn Pl,Los Angeles,CA,19822,34.213089,-118.372445,single-family,2,2,2985,1975,1330000,pending,2025-03-04
LIST-004299,9600 Forest Dr,Chicago,IL,35611,41.852125,-87.509893,condo,3,3,1014,1914,160000,withdrawn,2025-03-16
LIST-004300,5472 Sunset St,New York,NY,42753,40.723477,-73.713177,condo,1,1,1137,1971,615000,pending,2025-09-01
LIST-004301,2037 Hill Ln,Austin,TX,52169,30.43379,-97.666793,single-family,2,2,2061,2008,600000,sold,2024-10-04
LIST-004302,3601 Mission Ct,Miami,FL,26878,25.868177,-80.223232,single-family,3,3,2400,2013,1120000,sold,2025-08-23
LIST-004303,830 Sunrise Ct,San Francisco,CA,40574,37.617949,-122.45826,single-family,3,2,3775,1947,1760000,sold,2025-01-10
LIST-004304,5300 Autumn Dr,Chicago,IL,44588,41.691282,-87.594293,single-family,6,5,2455,1905,460000,sold,2024-12-24
LIST-004305,1338 Maple Ave,Los Angeles,CA,61028,34.252443,-118.353321,townhouse,3,3,2053,1983,900000,sold,2024-11-07
LIST-004306,653 Jefferson Ave,Miami,FL,47110,25.804593,-79.990346,single-family,2,2,1891,2013,685000,active,2025-05-27
LIST-004307,4791 Jefferson Way,Seattle,WA,11159,47.67807,-122.019304,single-family,4,4,2424,1992,1010000,sold,2025-12-01
LIST-004308,8129 Jefferson Way,Miami,FL,42292,25.613045,-80.364245,condo,1,1,1145,1909,335000,sold,2026-01-04
LIST-004309,441 Summer Pl,Denver,CO,90706,39.846494,-105.014397,condo,2,3,1836,1954,580000,pending,2024-08-08
LIST-004310,286 Madison Blvd,Los Angeles,CA,76528,34.074293,-118.262918,multi-family,7,6,2373,2008,1025000,expired,2024-10-28
LIST-004311,1607 Oak Ln,Los Angeles,CA,92402,34.02155,-118.064939,townhouse,3,2,1688,1947,645000,sold,2025-05-08
LIST-004312,6982 Oak St,Los Angeles,CA,25722,33.955969,-118.080284,single-family,5,4,2866,1995,1235000,sold,2024-05-06
LIST-004313,482 Winter Ln,Miami,FL,65532,25.800655,-80.357463,townhouse,4,4,1353,1970,520000,sold,2025-04-16
LIST-004314,4922 Mission Dr,Los Angeles,CA,92394,34.007448,-118.248728,condo,3,3,692,1942,220000,sold,2025-06-13
LIST-004315,6354 Sunrise St,Austin,TX,92640,30.276338,-97.863893,condo,0,1,635,1952,135000,sold,2026-04-11
LIST-004316,2158 Lincoln Blvd,Los Angeles,CA,42816,34.238024,-118.343201,single-family,6,6,3124,1944,1180000,sold,2024-12-27
LIST-004317,660 Lake Pl,Los Angeles,CA,36534,34.044832,-118.126679,single-family,6,6,1666,1973,560000,sold,2025-07-20
LIST-004318,1709 Market Pl,Seattle,WA,75290,47.663703,-122.557522,condo,3,4,1016,2019,395000,active,2025-01-06
LIST-004319,532 Elm Way,New York,NY,46251,40.727826,-74.24943,multi-family,4,4,2817,2012,1260000,withdrawn,2026-02-15
LIST-004320,3507 Forest St,New York,NY,64930,40.588013,-74.20027,single-family,5,4,2647,2008,1235000,sold,2025-02-22
LIST-004321,1669 Jefferson Way,Los Angeles,CA,49113,34.122739,-118.184694,condo,1,2,985,2012,400000,sold,2025-05-29
LIST-004322,964 Madison Blvd,San Francisco,CA,79883,37.601819,-122.436905,condo,3,3,1053,2020,550000,sold,2026-03-09
LIST-004323,3015 Birch Ln,New York,NY,29967,40.867288,-73.970252,condo,0,1,1249,1965,445000,sold,2024-11-07
LIST-004324,7320 Pine Way,Los Angeles,CA,90522,33.837845,-118.226499,single-family,6,6,2968,1913,895000,pending,2025-02-28
LIST-004325,2341 Mission Pl,San Francisco,CA,87846,37.872285,-122.50072,single-family,5,5,1877,1940,940000,active,2024-06-09
LIST-004326,4408 Oak Blvd,Denver,CO,46765,39.766469,-105.170798,single-family,6,6,2298,1972,545000,active,2025-11-07
LIST-004327,5013 Oak Way,Seattle,WA,93885,47.788739,-122.252618,single-family,3,2,1425,1969,580000,sold,2025-09-05
LIST-004328,7671 Market Way,Miami,FL,74928,25.851835,-80.035939,single-family,6,5,1011,1980,305000,sold,2025-05-27
LIST-004329,1437 Autumn Dr,Seattle,WA,98138,47.606234,-122.519834,single-family,6,6,1891,1982,630000,sold,2024-08-10
LIST-004330,9218 Lincoln St,Austin,TX,49219,30.296279,-97.6306,condo,3,3,1354,2007,320000,active,2025-09-06
LIST-004331,4223 Spring Ln,Miami,FL,97560,25.676431,-80.204314,single-family,5,5,1608,1973,650000,active,2025-05-06
LIST-004332,593 Cedar St,Austin,TX,76915,30.373477,-97.540379,townhouse,2,2,2114,1901,480000,pending,2025-10-07
LIST-004333,7564 Forest Blvd,Los Angeles,CA,43085,33.851517,-118.12352,condo,1,1,1505,1916,560000,pending,2024-08-28
LIST-004334,6900 Autumn Pl,Miami,FL,94248,25.724814,-80.432413,townhouse,3,2,1937,2018,695000,pending,2025-03-18
LIST-004335,5798 Hill Blvd,San Francisco,CA,57850,37.871385,-122.441699,single-family,2,2,880,2021,660000,expired,2026-03-14
LIST-004336,9124 Lake Ct,New York,NY,19404,40.523041,-73.930031,single-family,3,2,1563,1911,705000,sold,2025-12-20
LIST-004337,1969 Madison Ct,Chicago,IL,57110,41.840603,-87.875621,single-family,6,6,1406,1942,360000,sold,2024-07-08
LIST-004338,2907 Winter Ave,San Francisco,CA,62729,37.604005,-122.373204,single-family,6,5,2094,1908,895000,sold,2025-01-23
LIST-004339,9704 Oak St,San Francisco,CA,77621,37.824341,-122.412051,townhouse,4,4,1862,1905,735000,pending,2025-04-02
LIST-004340,2332 Autumn Pl,Los Angeles,CA,87210,34.202258,-118.238994,single-family,5,5,1123,2018,630000,sold,2024-10-07
LIST-004341,1530 Birch Ct,Chicago,IL,46052,41.785897,-87.60687,multi-family,5,4,4036,2015,990000,sold,2026-03-28
LIST-004342,865 Cedar Dr,Austin,TX,40646,30.411794,-97.894128,townhouse,4,4,1661,1979,375000,pending,2024-09-04
LIST-004343,302 Walnut Ave,Los Angeles,CA,24361,34.050257,-117.990359,single-family,5,4,2144,1975,860000,expired,2025-05-26
LIST-004344,8167 Summer Ln,Chicago,IL,98287,41.698193,-87.697123,single-family,6,6,2435,1924,545000,withdrawn,2024-09-23
LIST-004345,1983 Autumn Pl,Seattle,WA,38385,47.745517,-122.576639,single-family,3,2,1692,1915,525000,sold,2024-07-27
LIST-004346,8691 Sunrise St,San Francisco,CA,22147,37.589383,-122.501629,single-family,3,3,2827,1990,1765000,sold,2024-12-24
LIST-004347,674 Autumn Pl,Los Angeles,CA,65183,34.095878,-118.387874,single-family,4,3,1543,1923,455000,active,2024-10-04
LIST-004348,9037 Sunset Ct,San Francisco,CA,22851,37.742163,-122.67878,single-family,6,6,2148,1935,1080000,active,2025-04-30
LIST-004349,8140 Lake Dr,Denver,CO,89509,39.777741,-104.822815,single-family,2,2,1931,1940,535000,pending,2025-05-22
LIST-004350,1982 Elm Blvd,Seattle,WA,84633,47.682542,-122.137358,single-family,6,5,3123,1925,940000,active,2024-11-29
LIST-004351,8381 Lake Dr,Los Angeles,CA,55340,34.211484,-118.32589,single-family,3,2,983,1905,235000,active,2024-08-20
LIST-004352,7141 Market Ln,New York,NY,89855,40.897197,-73.925083,condo,0,1,707,1973,310000,sold,2025-12-31
LIST-004353,4317 River Ave,San Francisco,CA,59839,37.840831,-122.517954,single-family,6,5,2482,1916,1030000,active,2025-05-16
LIST-004354,430 Park St,San Francisco,CA,73488,37.602718,-122.52437,condo,1,2,768,2016,370000,sold,2025-12-25
LIST-004355,184 River Ave,Miami,FL,31127,25.656161,-79.972489,single-family,6,5,1613,1907,360000,pending,2025-09-05
LIST-004356,9120 Cedar Pl,San Francisco,CA,42064,37.90145,-122.358099,condo,0,1,911,1913,470000,sold,2025-02-07
LIST-004357,1059 Forest Ln,Denver,CO,48070,39.933602,-104.980635,condo,2,2,690,1909,170000,sold,2025-02-06
LIST-004358,4141 Cedar Ct,Los Angeles,CA,15312,33.981826,-118.347687,single-family,6,6,2415,1949,1020000,sold,2024-05-02
LIST-004359,3178 Oak Pl,Denver,CO,34524,39.660193,-105.025262,townhouse,3,2,1520,1986,550000,sold,2026-01-30
LIST-004360,3230 Maple St,Los Angeles,CA,23144,34.156602,-118.472721,condo,3,3,1108,1912,325000,sold,2024-11-12
LIST-004361,1400 Lincoln Ln,Austin,TX,41509,30.428526,-97.828375,single-family,5,4,1997,1983,535000,active,2025-05-25
LIST-004362,5122 Winter Blvd,Austin,TX,10598,30.455618,-97.70295,townhouse,4,4,1748,1976,455000,sold,2025-06-01
LIST-004363,9538 Mission Blvd,Miami,FL,67889,25.947353,-80.118255,single-family,2,2,2407,1982,935000,active,2025-12-30
LIST-004364,2277 Forest St,Los Angeles,CA,29464,33.9063,-118.152886,multi-family,8,8,3943,1916,1090000,pending,2024-10-19
LIST-004365,1262 Mission Blvd,San Francisco,CA,96169,37.600895,-122.475103,single-family,3,3,2695,1967,1440000,sold,2025-07-11
LIST-004366,4478 Park Blvd,San Francisco,CA,14159,37.716326,-122.494015,condo,3,4,929,1916,480000,active,2024-06-30
LIST-004367,1374 Spring Ave,New York,NY,58690,40.684563,-73.95336,single-family,6,6,2871,1959,1065000,sold,2025-06-01
LIST-004368,1870 Elm Pl,Miami,FL,17811,25.911143,-80.352312,single-family,4,4,2444,1921,765000,sold,2025-01-22
LIST-004369,1561 Valley Dr,Miami,FL,67517,25.963972,-80.102925,single-family,5,4,2227,1907,590000,active,2024-05-07
LIST-004370,1990 Autumn Pl,Denver,CO,80526,39.905375,-104.817235,single-family,4,3,1725,1914,350000,active,2025-10-30
LIST-004371,6842 Summer Blvd,Los Angeles,CA,53999,34.191313,-118.198184,single-family,3,2,1669,2019,805000,sold,2025-04-29
LIST-004372,7816 Park St,Los Angeles,CA,96573,33.89409,-118.410054,condo,0,1,1045,1997,395000,active,2025-11-20
LIST-004373,6057 Madison Way,Miami,FL,14599,25.588131,-80.293323,single-family,5,5,1711,2017,705000,withdrawn,2024-11-26
LIST-004374,7110 Birch Pl,Denver,CO,57296,39.680776,-105.01255,single-family,5,5,2593,1960,855000,sold,2025-04-16
LIST-004375,6408 Madison Blvd,San Francisco,CA,55732,37.722851,-122.673861,single-family,2,1,2574,1931,915000,active,2025-10-29
LIST-004376,1917 Forest St,Miami,FL,83570,25.72033,-80.236367,multi-family,8,8,4396,1901,1200000,withdrawn,2025-09-19
LIST-004377,4305 Ridge Ct,San Francisco,CA,41061,37.779624,-122.21387,condo,2,3,1094,1967,470000,active,2024-12-24
LIST-004378,3831 Walnut Ln,Austin,TX,39916,30.192876,-97.679628,single-family,3,2,1595,1912,350000,sold,2024-07-23
LIST-004379,7446 Pine Dr,New York,NY,71733,40.583633,-74.225258,townhouse,3,2,2126,2008,1320000,active,2025-04-24
LIST-004380,8080 Madison Pl,Los Angeles,CA,25277,34.22464,-118.29176,condo,0,1,873,1950,245000,active,2024-07-21
LIST-004381,7394 Sunrise Blvd,San Francisco,CA,17538,37.559633,-122.370184,condo,3,3,525,1921,235000,active,2025-07-21
LIST-004382,6304 Market Ct,Miami,FL,45636,25.9216,-80.13578,condo,0,1,1010,2020,335000,pending,2025-07-29
LIST-004383,9792 Sunset Dr,San Francisco,CA,76262,37.915378,-122.619808,single-family,6,6,3280,2004,1840000,pending,2024-08-30
LIST-004384,1716 Sunrise Pl,Seattle,WA,25814,47.772382,-122.292179,condo,2,2,849,1974,245000,expired,2026-01-29
LIST-004385,2634 Park Ave,New York,NY,25190,40.614415,-74.004683,condo,1,2,1251,1928,570000,active,2024-06-13
LIST-004386,7379 Winter Ln,Miami,FL,20797,25.614878,-80.11197,single-family,4,3,1658,1994,670000,active,2024-10-06
LIST-004387,4214 Jefferson Dr,Austin,TX,14065,30.417338,-97.579323,single-family,5,4,3154,1912,610000,sold,2026-04-05
LIST-004388,6637 Elm St,New York,NY,51773,40.628328,-74.033063,condo,0,1,1277,1918,535000,sold,2024-07-23
LIST-004389,7358 Birch Way,Denver,CO,88612,39.776731,-105.267377,condo,2,2,648,1913,155000,sold,2026-03-19
LIST-004390,4285 Lincoln Blvd,San Francisco,CA,94324,37.796608,-122.457452,single-family,5,4,2143,2020,1530000,sold,2025-11-09
LIST-004391,5416 Sunset Ave,Miami,FL,20266,25.895404,-80.05336,single-family,2,2,3546,1971,945000,sold,2024-10-01
LIST-004392,8367 Autumn Dr,New York,NY,76486,40.692284,-74.072762,condo,3,3,450,1914,165000,sold,2025-05-29
LIST-004393,9994 Cedar Pl,Miami,FL,44815,25.965367,-80.223758,single-family,5,5,2479,1988,690000,sold,2025-06-25
LIST-004394,8488 Madison Way,New York,NY,45990,40.759516,-74.107438,single-family,2,2,2515,1934,1235000,active,2024-10-08
LIST-004395,9542 Maple Dr,Austin,TX,42374,30.094342,-97.876527,multi-family,4,2,2831,1940,775000,pending,2025-10-12
LIST-004396,4759 Hill Pl,Miami,FL,99772,25.606029,-80.234986,condo,1,2,1138,1901,275000,sold,2025-07-04
LIST-004397,3599 Valley Pl,San Francisco,CA,90060,37.851752,-122.441642,condo,1,1,942,1933,450000,sold,2024-07-09
LIST-004398,8078 Cedar Blvd,Seattle,WA,26160,47.785116,-122.257476,single-family,2,1,2182,1916,575000,active,2026-04-14
LIST-004399,4109 Oak Ln,Miami,FL,64716,25.816994,-80.060578,single-family,2,1,1495,2007,650000,sold,2026-02-27
LIST-004400,5959 Forest Pl,Los Angeles,CA,35371,34.227395,-118.33337,single-family,2,2,1984,2005,855000,sold,2025-04-16
LIST-004401,4073 Pine Ave,New York,NY,97710,40.791996,-73.949669,single-family,6,5,946,1909,315000,sold,2026-03-05
LIST-004402,2900 Elm St,Los Angeles,CA,69139,33.831851,-118.286631,single-family,6,6,2620,1921,960000,sold,2025-07-22
LIST-004403,9976 Valley Blvd,Denver,CO,87373,39.766915,-105.273984,condo,1,1,1523,1929,310000,sold,2025-12-05
LIST-004404,5999 Ridge Ct,Denver,CO,85011,39.638277,-104.970046,single-family,5,5,2248,1921,625000,pending,2024-07-28
LIST-004405,9609 Lincoln Ln,Denver,CO,21816,39.894293,-105.001385,condo,0,1,1262,1969,285000,sold,2025-05-13
LIST-004406,9593 Market Way,Los Angeles,CA,11455,34.143527,-118.282958,single-family,5,5,1920,2020,1025000,active,2024-06-01
LIST-004407,6246 Autumn Blvd,New York,NY,15585,40.676522,-74.290015,single-family,5,5,2182,1929,1065000,active,2025-07-06
LIST-004408,8798 Hill Ave,Los Angeles,CA,91791,33.97815,-118.344369,single-family,5,4,2240,1988,930000,pending,2024-08-07
LIST-004409,4852 Market Ave,Denver,CO,34038,39.63759,-104.783664,condo,2,2,1053,1997,345000,sold,2025-06-03
LIST-004410,8855 Autumn Ln,San Francisco,CA,65382,37.938658,-122.414171,single-family,4,3,2384,1957,955000,active,2024-07-23
LIST-004411,1072 River Dr,Denver,CO,26739,39.897505,-104.951946,condo,1,1,1555,1921,285000,pending,2025-07-10
LIST-004412,1013 Spring St,Los Angeles,CA,32350,33.950599,-118.141923,condo,2,2,1112,1978,350000,active,2025-01-25
LIST-004413,5920 Hill Dr,San Francisco,CA,19922,37.909554,-122.392882,condo,1,2,863,1919,455000,withdrawn,2024-05-19
LIST-004414,8238 Market Ave,New York,NY,30196,40.579798,-74.12928,single-family,6,6,1952,2007,1080000,sold,2026-04-06
LIST-004415,2749 Hill Pl,Austin,TX,92601,30.206916,-97.76741,single-family,2,2,2193,1996,530000,active,2026-04-01
LIST-004416,7894 Elm Blvd,Seattle,WA,29073,47.456611,-122.572063,single-family,5,4,1652,2023,600000,active,2026-04-04
LIST-004417,2962 Birch Blvd,San Francisco,CA,99958,37.908423,-122.496038,single-family,3,3,2290,1920,1060000,active,2026-03-20
LIST-004418,8320 Autumn Ave,Chicago,IL,69818,41.982678,-87.527345,condo,2,2,1587,1939,365000,sold,2024-06-25
LIST-004419,5846 Autumn Pl,Austin,TX,67320,30.407212,-97.649405,condo,1,2,1471,1935,280000,sold,2025-08-09
LIST-004420,9940 Elm Dr,Los Angeles,CA,14729,34.024431,-118.338713,single-family,2,2,1628,1975,650000,active,2025-06-30
LIST-004421,7600 Hill Pl,Seattle,WA,88703,47.505617,-122.168659,single-family,4,3,1979,1939,580000,sold,2024-08-18
LIST-004422,3596 Sunrise Way,San Francisco,CA,68640,37.862155,-122.236488,single-family,4,4,3070,1925,1360000,pending,2025-10-18
LIST-004423,6206 Sunset Way,San Francisco,CA,59968,37.848828,-122.154943,townhouse,2,1,1605,2010,1165000,active,2026-04-29
LIST-004424,3721 Hill Way,Miami,FL,40145,25.720024,-80.185269,condo,3,4,1229,1979,445000,sold,2024-10-21
LIST-004425,1372 Pine Dr,Seattle,WA,41820,47.493297,-122.573253,single-family,2,2,2378,1939,635000,sold,2025-11-01
LIST-004426,8858 Elm Blvd,Seattle,WA,39951,47.737457,-122.100144,townhouse,4,4,2352,1916,545000,expired,2025-04-19
LIST-004427,6779 Autumn Ln,Chicago,IL,72994,42.070315,-87.564708,condo,3,3,1363,1995,380000,sold,2024-05-01
LIST-004428,9337 Winter Way,Denver,CO,85519,39.792707,-105.19395,townhouse,4,3,1331,1940,400000,sold,2024-07-16
LIST-004429,7272 Lake Dr,Chicago,IL,42089,42.067194,-87.476548,single-family,6,5,1743,2010,410000,active,2025-07-16
LIST-004430,224 River Way,San Francisco,CA,20716,37.625186,-122.569403,townhouse,4,3,1565,1924,815000,sold,2024-06-12
LIST-004431,1220 Park Ave,Miami,FL,99468,25.769855,-80.07989,condo,3,3,1212,1912,340000,pending,2024-12-27
LIST-004432,6151 Washington Pl,New York,NY,91504,40.779305,-74.168246,condo,2,2,1075,2002,520000,sold,2024-09-27
LIST-004433,8715 Valley Dr,Chicago,IL,79237,42.025192,-87.60636,single-family,2,1,1715,1920,325000,sold,2026-02-02
LIST-004434,8676 Mission Dr,New York,NY,37874,40.690794,-74.085353,single-family,5,5,2210,1915,980000,sold,2025-02-08
LIST-004435,351 Market Pl,San Francisco,CA,14359,37.748834,-122.528866,single-family,4,4,964,1918,365000,sold,2025-04-01
LIST-004436,1605 Lake Ave,San Francisco,CA,93891,37.566064,-122.521505,condo,1,1,1089,1921,380000,sold,2026-01-26
LIST-004437,7511 Market Ct,San Francisco,CA,14401,37.913678,-122.365858,condo,3,3,988,1903,360000,sold,2024-08-28
LIST-004438,4572 Birch Blvd,Miami,FL,88227,25.827689,-80.337811,single-family,2,2,2751,1977,1125000,pending,2024-06-29
LIST-004439,6203 Autumn Blvd,New York,NY,11698,40.70712,-74.189893,single-family,5,5,2035,1999,1150000,sold,2025-01-24
LIST-004440,1372 Sunrise Ln,Los Angeles,CA,44011,34.253757,-118.280768,single-family,4,4,3294,1974,1415000,withdrawn,2026-01-26
LIST-004441,517 Sunrise Dr,Austin,TX,60262,30.314322,-97.505068,single-family,2,1,2927,1960,905000,sold,2025-11-04
LIST-004442,1685 Walnut Ave,Seattle,WA,68185,47.672754,-122.417055,single-family,4,3,2566,1967,820000,active,2024-08-01
LIST-004443,2242 Walnut Ln,San Francisco,CA,54134,37.850746,-122.611728,condo,1,2,773,1929,380000,sold,2026-02-24
LIST-004444,2322 Walnut St,New York,NY,46002,40.770332,-73.923891,condo,1,2,484,1938,160000,active,2025-09-06
LIST-004445,4954 Elm Ave,Los Angeles,CA,73697,34.095625,-118.484594,condo,3,3,1057,1980,455000,pending,2024-08-05
LIST-004446,6758 Ridge Ct,San Francisco,CA,23143,37.900473,-122.424491,single-family,6,6,1495,1989,1030000,active,2025-10-30
LIST-004447,7006 Cedar Blvd,Seattle,WA,65598,47.622086,-122.571153,single-family,5,4,1899,1914,590000,active,2026-02-02
LIST-004448,9243 Elm Ct,Los Angeles,CA,49598,34.117074,-118.497799,single-family,6,5,2841,2000,1345000,sold,2025-03-27
LIST-004449,8935 Elm Way,Los Angeles,CA,46406,33.932798,-118.414868,single-family,6,6,800,1989,305000,sold,2025-12-06
LIST-004450,6340 Madison Dr,Austin,TX,24298,30.069438,-97.696151,single-family,4,3,2339,1985,675000,active,2024-06-07
LIST-004451,5139 Elm Ave,Los Angeles,CA,58062,34.167562,-118.026618,condo,0,1,1261,2012,635000,withdrawn,2025-03-22
LIST-004452,787 Birch St,Chicago,IL,15724,42.056408,-87.659233,condo,3,4,1270,2001,340000,sold,2024-09-27
LIST-004453,2967 Hill Ln,Los Angeles,CA,57235,34.087723,-118.109534,townhouse,3,2,1630,1903,515000,active,2024-07-09
LIST-004454,8767 Lake Ln,San Francisco,CA,36197,37.684839,-122.23692,single-family,5,5,2055,1962,875000,active,2025-02-23
LIST-004455,6921 Park Ave,Los Angeles,CA,97193,33.901165,-118.160549,single-family,5,4,1925,1981,825000,sold,2024-05-26
LIST-004456,4980 Cedar Way,Seattle,WA,95229,47.671988,-122.334735,single-family,4,3,1485,2007,530000,active,2024-09-05
LIST-004457,3371 Autumn Way,San Francisco,CA,63325,37.619491,-122.339412,condo,3,3,1103,1967,535000,withdrawn,2024-06-13
LIST-004458,3518 Forest St,Chicago,IL,35375,41.808271,-87.796129,single-family,2,2,2033,1924,480000,sold,2025-09-14
LIST-004459,8809 Oak Dr,New York,NY,61852,40.736677,-73.893506,multi-family,4,4,3053,1963,1095000,active,2024-11-01
LIST-004460,9704 Winter Dr,San Francisco,CA,15810,37.646493,-122.622777,single-family,5,5,1970,1934,1080000,sold,2024-05-17
LIST-004461,9175 Sunset Blvd,Austin,TX,15720,30.236479,-97.547032,multi-family,6,5,2371,1983,705000,active,2025-08-23
LIST-004462,722 Madison St,Seattle,WA,44193,47.694186,-122.379628,single-family,4,3,1564,2013,605000,sold,2025-08-25
LIST-004463,3248 Hill Ct,Seattle,WA,26165,47.57546,-122.305362,single-family,6,6,1952,2024,690000,sold,2024-10-17
LIST-004464,6145 Autumn Ave,Los Angeles,CA,46354,34.088852,-118.39169,single-family,4,4,1531,1924,425000,sold,2024-11-17
LIST-004465,4952 Mission St,Seattle,WA,57401,47.580989,-122.079333,townhouse,3,3,1429,1914,385000,withdrawn,2024-07-24
LIST-004466,8901 Cedar Blvd,Chicago,IL,12151,41.718538,-87.761343,condo,3,3,868,2013,250000,sold,2025-03-26
LIST-004467,6723 Sunrise Way,Los Angeles,CA,50904,33.889258,-118.086979,single-family,6,6,2549,1970,1040000,sold,2024-06-21
LIST-004468,7313 Winter Ct,Chicago,IL,84606,42.077195,-87.573689,condo,0,1,1028,1984,200000,sold,2025-10-10
LIST-004469,6763 Lincoln Way,Los Angeles,CA,63965,34.232934,-118.234098,single-family,6,5,1970,1943,665000,active,2025-04-04
LIST-004470,2502 Madison Ln,San Francisco,CA,46016,37.964257,-122.313113,condo,1,1,994,1980,425000,pending,2024-07-24
LIST-004471,6173 Hill Way,Denver,CO,94064,39.600026,-104.97512,single-family,2,2,1451,1977,370000,sold,2024-05-17
LIST-004472,2047 Cedar Blvd,Austin,TX,68537,30.359535,-97.975333,condo,1,1,1272,1957,390000,active,2024-07-12
LIST-004473,2769 River Dr,San Francisco,CA,92998,37.867494,-122.388794,multi-family,8,6,4071,1908,1750000,active,2025-02-28
LIST-004474,2107 Cedar Dr,San Francisco,CA,54250,37.734563,-122.543447,condo,3,4,961,1965,400000,sold,2025-08-28
LIST-004475,9545 Spring Pl,Denver,CO,50737,39.827037,-104.862477,townhouse,2,2,2029,1923,545000,active,2025-02-06
LIST-004476,593 Park Dr,Chicago,IL,12267,42.088013,-87.614662,townhouse,4,4,1596,1910,340000,sold,2024-09-13
LIST-004477,7515 Spring Ln,Chicago,IL,83884,41.800727,-87.367133,condo,1,1,1003,1909,225000,sold,2025-09-29
LIST-004478,9593 Elm St,Los Angeles,CA,10592,34.048749,-118.228514,townhouse,3,2,2457,1953,1045000,active,2024-10-16
LIST-004479,344 Pine Ct,Miami,FL,32650,25.695274,-80.221797,single-family,5,5,2567,2004,850000,active,2025-02-18
LIST-004480,534 Sunset Pl,Denver,CO,94627,39.769927,-105.027145,single-family,3,3,2724,2004,880000,sold,2025-08-30
LIST-004481,386 Oak Blvd,San Francisco,CA,58550,37.852261,-122.596341,condo,0,1,1331,1907,590000,sold,2026-03-18
LIST-004482,4254 Walnut Ave,Seattle,WA,84220,47.790645,-122.175808,single-family,3,2,1791,1956,570000,sold,2026-02-24
LIST-004483,9455 Elm Dr,Austin,TX,25142,30.106567,-97.652342,townhouse,4,3,1536,1935,400000,withdrawn,2025-09-19
LIST-004484,6580 Mission Ave,San Francisco,CA,82287,37.764967,-122.376208,townhouse,4,4,1595,1920,825000,active,2026-01-10
LIST-004485,9046 Spring Ct,Seattle,WA,72286,47.708532,-122.180974,single-family,5,5,2093,1902,675000,active,2026-04-23
LIST-004486,3772 Jefferson Ct,Seattle,WA,35023,47.715111,-122.450293,single-family,2,1,1834,2021,735000,active,2024-06-03
LIST-004487,5650 Washington Dr,Miami,FL,62207,25.71649,-80.147404,single-family,3,2,2511,1944,865000,sold,2024-05-23
LIST-004488,8645 Elm Ln,San Francisco,CA,91878,37.711216,-122.656411,single-family,2,2,2655,1977,1515000,sold,2024-09-13
LIST-004489,1521 Elm St,Denver,CO,17427,39.921938,-104.831045,condo,0,1,1585,1903,325000,sold,2024-07-06
LIST-004490,4967 Park Dr,New York,NY,39592,40.651141,-73.880352,condo,1,1,659,1977,295000,withdrawn,2025-02-17
LIST-004491,3828 River Dr,Los Angeles,CA,34966,33.960645,-118.153396,townhouse,4,3,1140,2014,595000,sold,2024-05-08
LIST-004492,7471 Sunrise Dr,Seattle,WA,11610,47.813359,-122.383956,single-family,2,2,2847,1942,750000,sold,2025-11-03
LIST-004493,729 Birch Ct,Los Angeles,CA,39118,34.11057,-118.080686,single-family,4,3,2007,1945,870000,sold,2026-03-25
LIST-004494,2892 Lake Way,New York,NY,88034,40.542416,-74.189783,single-family,3,2,3132,1940,1280000,active,2025-06-11
LIST-004495,6774 Forest Ln,San Francisco,CA,53746,37.716562,-122.369543,single-family,6,5,1660,1932,590000,sold,2025-11-11
LIST-004496,2275 Walnut St,New York,NY,29529,40.521511,-73.914457,single-family,4,3,1901,2008,1145000,sold,2024-09-25
LIST-004497,1763 Oak Blvd,New York,NY,51020,40.872,-74.150034,condo,1,2,1487,1924,615000,active,2025-12-02
LIST-004498,4273 Washington Ave,Miami,FL,67913,25.595454,-80.280917,single-family,3,3,1946,1907,580000,pending,2024-08-03
LIST-004499,2912 Valley Ave,Chicago,IL,14043,41.941697,-87.351383,single-family,4,4,2711,1954,725000,sold,2025-04-16
LIST-004500,7744 Ridge Ct,San Francisco,CA,28747,37.86928,-122.55855,single-family,4,3,2618,1982,1495000,sold,2025-03-18
LIST-004501,2243 Sunrise St,Seattle,WA,86798,47.709151,-122.330204,townhouse,2,2,2297,1962,950000,active,2025-09-16
LIST-004502,6351 Walnut Way,Austin,TX,96686,30.264092,-97.804463,condo,3,4,905,1968,235000,active,2025-02-09
LIST-004503,4774 Valley Dr,Denver,CO,63446,39.806751,-104.756097,single-family,3,2,1903,1940,485000,sold,2025-01-04
LIST-004504,2390 Washington St,San Francisco,CA,40876,37.686073,-122.445579,townhouse,3,2,2234,1909,800000,sold,2024-10-18
LIST-004505,761 Winter Ave,Austin,TX,79287,30.490186,-97.736894,single-family,4,3,1733,2024,500000,sold,2024-12-10
LIST-004506,1746 Pine Way,Denver,CO,30935,39.59856,-105.132021,single-family,5,5,1283,1969,405000,sold,2025-01-03
LIST-004507,2677 Elm Dr,Austin,TX,62133,30.227795,-97.648531,single-family,3,2,4129,1930,805000,pending,2026-01-12
LIST-004508,7789 Hill Ct,Seattle,WA,20755,47.785535,-122.363237,condo,3,3,1681,2019,850000,sold,2026-01-04
LIST-004509,2847 River Ct,Seattle,WA,78717,47.637124,-122.626979,condo,3,3,747,2023,315000,expired,2025-04-06
LIST-004510,2657 Cedar Blvd,Denver,CO,68351,39.919555,-104.890352,condo,1,1,910,1988,250000,sold,2024-06-12
LIST-004511,7525 Hill Ave,Seattle,WA,62835,47.768657,-122.460392,single-family,4,4,2254,2013,1025000,active,2026-02-15
LIST-004512,1521 Sunset Ln,Miami,FL,78103,25.837794,-80.341996,multi-family,8,8,1778,1970,675000,active,2025-05-15
LIST-004513,1753 Ridge Ln,San Francisco,CA,42629,37.703253,-122.292276,multi-family,4,4,3576,1994,1955000,sold,2026-03-12
LIST-004514,8081 Jefferson Ave,Chicago,IL,26454,41.985155,-87.869053,single-family,2,1,2130,1967,540000,expired,2025-11-30
LIST-004515,5188 Pine Ave,New York,NY,44859,40.659147,-73.917584,single-family,3,3,1044,1985,535000,sold,2025-03-23
LIST-004516,5767 Walnut Dr,New York,NY,73854,40.741173,-74.107964,single-family,2,2,1422,1992,595000,sold,2025-05-08
LIST-004517,464 Pine Ln,New York,NY,69005,40.609595,-74.144698,single-family,3,2,2129,2025,1010000,sold,2025-12-21
LIST-004518,6663 Birch Pl,New York,NY,19490,40.60319,-73.779076,single-family,6,5,998,1930,360000,expired,2025-04-21
LIST-004519,6454 Winter St,Seattle,WA,13057,47.493324,-122.362423,townhouse,3,2,2042,1932,795000,active,2024-07-01
LIST-004520,9709 Oak Ave,Austin,TX,63825,30.380218,-97.899807,single-family,4,3,2191,1915,400000,sold,2026-03-08
LIST-004521,3572 Market Blvd,Chicago,IL,94093,42.078221,-87.605805,condo,0,1,679,2006,205000,sold,2024-10-06
LIST-004522,4500 River Blvd,Seattle,WA,30755,47.386079,-122.28003,single-family,4,4,1241,1919,450000,sold,2024-05-08
LIST-004523,3510 Winter St,Los Angeles,CA,17129,34.095359,-118.281065,single-family,5,4,800,1991,315000,sold,2025-10-24
LIST-004524,6317 Sunrise Way,Seattle,WA,23890,47.799391,-122.252596,single-family,4,4,1127,1994,350000,sold,2024-12-24
LIST-004525,8068 Forest Ln,Austin,TX,12222,30.386625,-97.723334,single-family,4,4,1625,2024,595000,pending,2026-03-27
LIST-004526,1021 Valley Dr,Los Angeles,CA,31781,34.054257,-118.076984,condo,1,2,1637,1971,735000,sold,2024-12-28
LIST-004527,5431 Spring Ct,Seattle,WA,99294,47.552202,-122.170728,condo,0,1,1153,1981,375000,active,2025-03-28
LIST-004528,8909 Market Ave,Denver,CO,22745,39.835277,-104.801762,single-family,4,4,1940,2009,555000,sold,2025-12-01
LIST-004529,1918 Spring Ave,Miami,FL,29926,25.748058,-80.372,single-family,5,4,2944,1971,920000,active,2025-08-20
LIST-004530,7967 Maple Ln,Miami,FL,76623,25.716479,-80.298492,single-family,4,3,1893,1935,670000,active,2024-09-12
LIST-004531,2312 Spring Dr,Los Angeles,CA,76519,34.123079,-118.491035,single-family,6,5,1867,1977,595000,active,2024-06-10
LIST-004532,1056 Birch Way,Los Angeles,CA,20907,33.926975,-118.413767,single-family,3,2,1736,1904,540000,withdrawn,2025-08-06
LIST-004533,752 Forest Way,Miami,FL,33308,25.674183,-80.02746,townhouse,2,2,1637,1921,520000,sold,2025-10-24
LIST-004534,1273 Spring Ave,Seattle,WA,49812,47.77911,-122.478768,single-family,6,6,1614,1990,535000,sold,2026-01-08
LIST-004535,1503 Mission Ln,Chicago,IL,68462,41.853962,-87.589984,single-family,5,5,2449,2011,770000,sold,2025-04-26
LIST-004536,424 Spring Ln,San Francisco,CA,12803,37.819408,-122.451567,single-family,6,5,1685,1952,755000,sold,2025-06-01
LIST-004537,9173 Cedar Ave,New York,NY,73734,40.817022,-73.800289,single-family,2,1,2577,1949,1000000,active,2024-10-04
LIST-004538,8933 Park Pl,San Francisco,CA,51631,37.741286,-122.296307,condo,3,3,674,1953,325000,active,2025-08-16
LIST-004539,2402 Washington St,Los Angeles,CA,35277,34.133558,-118.019826,single-family,5,5,2345,1917,755000,active,2026-03-01
LIST-004540,7114 Pine Dr,Austin,TX,52798,30.448884,-97.613135,single-family,2,1,1604,1922,370000,active,2025-11-14
LIST-004541,6881 Washington Ct,Seattle,WA,29680,47.708871,-122.218107,townhouse,2,2,1137,2008,490000,active,2026-01-11
LIST-004542,3097 Lincoln Ln,San Francisco,CA,53327,37.587381,-122.413631,townhouse,3,2,1715,2018,870000,pending,2026-03-25
LIST-004543,9505 Park Ave,Denver,CO,96976,39.634165,-104.901849,multi-family,8,8,3073,1958,825000,pending,2026-02-04
LIST-004544,2205 Summer Way,Chicago,IL,63190,41.970096,-87.817231,condo,0,1,532,1902,110000,sold,2025-02-27
LIST-004545,6873 Market Ct,Austin,TX,73445,30.31041,-97.708173,townhouse,2,1,1813,1900,420000,active,2025-03-15
LIST-004546,135 Sunrise Blvd,Denver,CO,96651,39.843604,-105.161103,condo,3,3,895,1911,155000,active,2025-08-27
LIST-004547,9404 Pine Pl,New York,NY,36609,40.551317,-73.912035,single-family,4,3,1774,1980,840000,withdrawn,2024-11-17
LIST-004548,5057 Lincoln Ln,Miami,FL,39746,25.821019,-80.170377,single-family,4,3,2540,2023,1055000,pending,2025-06-19
LIST-004549,3368 River Dr,Los Angeles,CA,34127,33.895172,-118.232592,single-family,3,2,3320,1926,1130000,sold,2025-10-18
LIST-004550,4873 Walnut Dr,Los Angeles,CA,16453,34.234124,-118.283803,condo,1,2,655,1934,255000,sold,2025-01-30
LIST-004551,6668 Winter Dr,Miami,FL,69780,25.751621,-80.153239,condo,3,3,935,1918,235000,sold,2024-09-15
LIST-004552,6033 Lake Dr,New York,NY,72147,40.816378,-73.949449,condo,1,1,1275,1919,435000,sold,2024-07-10
LIST-004553,2614 Forest Dr,Seattle,WA,86056,47.726072,-122.179965,single-family,4,4,2162,1916,520000,sold,2026-02-26
LIST-004554,9324 Jefferson Ct,Seattle,WA,41532,47.435077,-122.324587,single-family,6,5,1825,1946,500000,active,2026-01-10
LIST-004555,4093 Sunset Pl,Miami,FL,68889,25.78173,-80.370825,single-family,6,5,2446,1985,965000,sold,2025-02-19
LIST-004556,1052 Winter Ave,San Francisco,CA,35997,37.916468,-122.424393,single-family,5,5,2352,1965,1390000,active,2024-05-23
LIST-004557,3009 Birch Way,Los Angeles,CA,43407,34.081482,-118.151338,townhouse,3,2,1773,1917,555000,active,2025-01-22
LIST-004558,4820 Market Ct,Los Angeles,CA,20250,34.10722,-118.167003,single-family,6,6,1927,2024,960000,sold,2024-11-30
LIST-004559,7121 Forest St,San Francisco,CA,84995,37.731497,-122.672273,single-family,3,3,1287,1941,525000,active,2024-09-06
LIST-004560,1257 Lake Ave,Miami,FL,18685,25.911859,-80.317329,townhouse,2,2,1064,1994,365000,sold,2024-06-02
LIST-004561,2660 Birch Blvd,Denver,CO,94191,39.771687,-105.134811,townhouse,3,2,1693,1907,335000,sold,2024-11-11
LIST-004562,570 Hill Dr,Austin,TX,92997,30.141072,-97.827139,single-family,3,2,2274,1921,450000,pending,2025-10-15
LIST-004563,2593 Mission Ct,Los Angeles,CA,48793,34.024695,-118.069745,condo,2,3,1238,1940,370000,sold,2025-09-14
LIST-004564,664 Park Way,Austin,TX,63030,30.253859,-97.679427,single-family,4,4,1895,1936,415000,active,2025-10-05
LIST-004565,4397 Sunrise Pl,Los Angeles,CA,18180,34.224222,-118.408336,single-family,6,5,2897,1993,1465000,sold,2025-07-14
LIST-004566,905 Autumn Dr,Austin,TX,19211,30.263617,-97.873954,condo,2,3,1062,1977,325000,sold,2024-08-05
LIST-004567,1508 Winter Pl,San Francisco,CA,28270,37.954117,-122.291048,single-family,5,5,3120,2000,2235000,sold,2025-03-22
LIST-004568,1574 Maple St,Los Angeles,CA,28518,33.933343,-118.415705,single-family,6,6,1285,1927,520000,active,2025-01-09
LIST-004569,9121 Oak St,New York,NY,42236,40.785294,-74.132004,townhouse,4,3,1749,1932,715000,active,2025-12-30
LIST-004570,3968 Winter Dr,Denver,CO,30402,39.621623,-104.894043,single-family,2,1,2138,2008,585000,active,2025-02-18
LIST-004571,4934 Madison Way,New York,NY,28815,40.545936,-73.811856,condo,2,3,964,1946,450000,withdrawn,2026-04-03
LIST-004572,2723 Forest Blvd,San Francisco,CA,73032,37.900314,-122.20022,single-family,2,1,1523,1923,725000,sold,2024-06-14
LIST-004573,620 Maple Ln,Los Angeles,CA,19091,34.123163,-118.15324,condo,3,3,494,1917,145000,active,2024-05-09
LIST-004574,1047 Sunrise Way,San Francisco,CA,87689,37.888752,-122.513824,single-family,3,3,2475,1961,1055000,pending,2025-01-05
LIST-004575,209 Market Dr,Denver,CO,67568,39.654735,-105.167125,single-family,4,4,2536,1950,780000,expired,2025-03-11
LIST-004576,2017 Spring Ln,New York,NY,63576,40.800766,-74.261056,single-family,5,4,2095,2005,925000,sold,2024-10-05
LIST-004577,609 Jefferson Dr,Austin,TX,90184,30.356263,-97.94255,single-family,3,2,1765,1922,335000,sold,2026-03-28
LIST-004578,4815 Park Ln,Los Angeles,CA,74227,33.946504,-118.117805,condo,1,2,1117,1939,310000,sold,2025-05-03
LIST-004579,7200 Washington Ct,San Francisco,CA,35301,37.655331,-122.27568,condo,0,1,1396,1967,875000,sold,2025-07-30
LIST-004580,1096 Mission Blvd,Los Angeles,CA,40165,34.070868,-118.473996,single-family,4,3,883,2022,340000,pending,2025-11-03
LIST-004581,7802 Forest St,Miami,FL,36267,25.666693,-79.973123,townhouse,2,2,1715,1969,580000,sold,2026-04-17
LIST-004582,8216 Winter Dr,Austin,TX,54398,30.113756,-97.763684,single-family,3,3,1708,1917,430000,active,2025-09-13
LIST-004583,8265 Market Dr,Chicago,IL,60408,41.911633,-87.499323,townhouse,2,1,908,1959,255000,active,2025-09-01
LIST-004584,7624 Pine St,Los Angeles,CA,87386,33.97256,-118.273975,condo,3,3,1006,1940,270000,withdrawn,2024-05-31
LIST-004585,265 Sunset Ln,Austin,TX,68726,30.167692,-97.858138,condo,0,1,1143,2013,395000,active,2025-03-12
LIST-004586,1630 Elm Pl,Seattle,WA,69735,47.577695,-122.629319,condo,3,4,1495,2007,500000,sold,2025-12-01
LIST-004587,2385 Sunrise St,Seattle,WA,18530,47.478661,-122.509071,single-family,4,3,3314,1970,1225000,active,2025-08-09
LIST-004588,3887 Cedar Ct,Los Angeles,CA,79715,34.120895,-118.267607,single-family,4,3,1744,2008,645000,active,2024-10-08
LIST-004589,3214 Oak Pl,Denver,CO,56893,39.906766,-104.941875,single-family,4,3,2764,1974,840000,active,2025-08-18
LIST-004590,568 Jefferson Dr,Los Angeles,CA,58049,34.178483,-118.306134,single-family,2,2,1374,1944,515000,active,2024-05-16
LIST-004591,4272 Birch Ln,Chicago,IL,94151,41.833758,-87.721893,single-family,2,2,2770,1996,640000,sold,2026-02-12
LIST-004592,1933 Market Ct,Miami,FL,31747,25.84823,-80.065484,townhouse,4,3,1857,1978,740000,sold,2024-08-04
LIST-004593,1554 Lake Dr,New York,NY,12819,40.906869,-73.920127,condo,1,1,959,2014,560000,expired,2024-12-13
LIST-004594,2774 Spring Dr,New York,NY,81544,40.790288,-74.283937,condo,0,1,829,2007,420000,sold,2025-05-15
LIST-004595,1841 Summer Ln,Los Angeles,CA,60894,34.149589,-118.292492,single-family,3,3,1976,1961,815000,sold,2026-04-20
LIST-004596,5139 Oak Blvd,New York,NY,25819,40.611546,-73.850746,single-family,5,5,1878,1961,820000,active,2024-11-14
LIST-004597,8257 Elm St,San Francisco,CA,52154,37.856149,-122.4875,single-family,2,2,2833,2025,1430000,expired,2024-12-06
LIST-004598,7624 Maple Blvd,San Francisco,CA,63418,37.78188,-122.634854,condo,2,3,609,1915,245000,expired,2024-12-25
LIST-004599,411 Washington Way,Los Angeles,CA,67808,33.893782,-118.208414,condo,1,1,1187,1996,565000,active,2025-02-20
LIST-004600,2583 Cedar Way,Los Angeles,CA,79930,34.126611,-118.125521,condo,0,1,1294,1915,350000,sold,2025-05-24
LIST-004601,9115 Madison St,Los Angeles,CA,23385,33.936681,-118.052075,single-family,6,6,2886,1964,1095000,active,2025-12-11
LIST-004602,84 Forest Ave,Los Angeles,CA,97879,34.156856,-118.475482,single-family,3,3,1161,1984,395000,active,2025-08-02
LIST-004603,3194 Cedar Ct,San Francisco,CA,47248,37.744258,-122.669254,condo,3,3,1653,1976,885000,sold,2024-09-28
LIST-004604,4921 Sunrise Ave,Miami,FL,81018,25.951019,-80.222656,condo,2,2,882,1946,245000,pending,2024-05-23
LIST-004605,8761 Mission Ave,Denver,CO,40502,39.701917,-104.907556,single-family,6,5,2094,1991,560000,pending,2025-02-25
LIST-004606,862 Washington Blvd,Los Angeles,CA,36503,33.927493,-118.373039,single-family,6,6,2445,1990,1255000,sold,2025-02-26
LIST-004607,8559 Washington Pl,Seattle,WA,16648,47.599766,-122.286454,single-family,2,2,2290,1908,640000,active,2024-07-25
LIST-004608,9959 Spring Ct,Los Angeles,CA,86735,33.980106,-118.331044,single-family,5,5,1579,1943,600000,pending,2026-03-04
LIST-004609,8761 Ridge St,Miami,FL,76855,25.782941,-79.958433,single-family,2,1,1155,2007,435000,withdrawn,2025-12-23
LIST-004610,8458 Spring Ct,Seattle,WA,91091,47.557399,-122.043578,single-family,2,1,1663,1980,615000,active,2025-03-03
LIST-004611,658 Washington Way,Austin,TX,96697,30.14234,-97.790021,condo,0,1,878,1936,245000,sold,2024-08-12
LIST-004612,8608 Summer St,Los Angeles,CA,64396,33.964069,-118.393121,condo,0,1,1504,2012,535000,pending,2024-10-30
LIST-004613,4143 Summer Ave,Denver,CO,84920,39.766307,-104.801013,townhouse,2,2,2188,1962,570000,sold,2024-09-05
LIST-004614,6565 Elm St,New York,NY,35344,40.620031,-74.139076,multi-family,4,4,3397,1989,1700000,active,2025-04-11
LIST-004615,5984 Maple Pl,New York,NY,66220,40.760372,-74.185468,townhouse,3,3,1655,1958,890000,sold,2025-07-26
LIST-004616,7286 Park Pl,San Francisco,CA,53584,37.702699,-122.478056,townhouse,3,3,2538,1955,1385000,sold,2025-02-08
LIST-004617,4139 Maple Pl,Seattle,WA,16375,47.737932,-122.142395,single-family,2,2,2528,1941,905000,pending,2024-11-06
LIST-004618,3526 Hill Way,Miami,FL,57376,25.678851,-80.286314,condo,3,4,872,1984,295000,active,2025-09-20
LIST-004619,1034 Oak Ct,Chicago,IL,22711,41.832531,-87.363967,single-family,4,3,800,1931,180000,sold,2024-05-10
LIST-004620,5638 Winter Ln,Los Angeles,CA,37649,34.197305,-118.153535,condo,0,1,804,1966,355000,sold,2025-06-27
LIST-004621,9064 Madison Pl,Los Angeles,CA,18139,34.218601,-118.321348,single-family,2,2,2348,2003,895000,sold,2025-12-07
LIST-004622,3157 Park Ave,Miami,FL,38726,25.676164,-80.273767,multi-family,4,2,2635,1925,835000,sold,2025-04-24
LIST-004623,9069 Summer Dr,Chicago,IL,97608,41.781461,-87.744791,multi-family,5,5,3138,1946,840000,sold,2025-07-15
LIST-004624,9608 Madison Way,Los Angeles,CA,82018,33.958087,-118.203412,single-family,3,3,2229,1941,875000,active,2026-02-06
LIST-004625,3007 Sunset Dr,Chicago,IL,49454,41.845062,-87.419735,single-family,2,1,2608,1944,525000,sold,2025-03-10
LIST-004626,4451 Market Ave,San Francisco,CA,92069,37.66224,-122.303702,single-family,4,3,1915,1907,715000,active,2026-04-10
LIST-004627,4174 Winter Pl,Chicago,IL,76887,42.023943,-87.765492,single-family,5,5,2394,1962,630000,sold,2024-11-03
LIST-004628,8089 Washington Pl,Miami,FL,86842,25.802375,-80.262911,single-family,5,4,2928,2010,855000,active,2024-07-24
LIST-004629,2992 Park Way,San Francisco,CA,65333,37.661055,-122.498074,townhouse,3,3,2083,1993,1020000,sold,2024-10-25
LIST-004630,1124 Jefferson Ct,Denver,CO,76433,39.858867,-104.990909,single-family,3,3,2516,1917,455000,active,2025-10-24
LIST-004631,8326 Market Ln,Seattle,WA,63874,47.567637,-122.32203,condo,2,3,1106,1963,330000,active,2026-04-18
LIST-004632,3647 Valley Pl,Los Angeles,CA,50518,34.022037,-118.483379,condo,0,1,835,2024,470000,active,2026-03-09
LIST-004633,6664 Lake Ave,Miami,FL,40451,25.89759,-80.305311,condo,1,2,602,1960,210000,sold,2026-01-04
LIST-004634,3698 Washington Ct,New York,NY,52251,40.883392,-73.968339,single-family,3,2,1846,1958,955000,sold,2026-02-11
LIST-004635,2652 Summer Blvd,San Francisco,CA,69319,37.614886,-122.553852,single-family,6,6,1363,1961,570000,active,2024-08-16
LIST-004636,8996 Walnut Way,New York,NY,18293,40.720343,-74.138371,single-family,5,5,1040,2019,705000,active,2025-07-11
LIST-004637,5100 Elm Ave,Denver,CO,80148,39.53965,-105.00156,single-family,4,4,1595,1901,285000,sold,2025-09-12
LIST-004638,1000 Park Pl,Austin,TX,44319,30.420798,-97.921857,townhouse,4,3,2779,1960,750000,pending,2024-12-27
LIST-004639,5596 Oak Ct,Chicago,IL,49976,41.728103,-87.693326,single-family,4,4,2592,1979,520000,active,2025-04-28
LIST-004640,836 Valley Blvd,Los Angeles,CA,31325,34.256698,-118.228633,condo,0,1,1503,1968,655000,sold,2025-09-19
LIST-004641,3305 River Pl,Miami,FL,16367,25.858645,-80.022832,townhouse,3,3,1664,2025,805000,sold,2025-01-01
LIST-004642,7263 Park Blvd,San Francisco,CA,99091,37.653665,-122.480816,single-family,2,2,2827,1967,1365000,sold,2025-07-02
LIST-004643,8027 Forest Way,San Francisco,CA,27649,37.865942,-122.23782,condo,2,2,1052,1916,470000,sold,2026-04-20
LIST-004644,8117 Washington Dr,New York,NY,69908,40.64692,-73.89949,single-family,5,4,2356,1917,690000,sold,2024-09-11
LIST-004645,4560 Sunset Way,Los Angeles,CA,71091,33.958208,-118.297325,single-family,5,4,2549,1901,620000,pending,2024-07-14
LIST-004646,9988 Summer Ct,San Francisco,CA,11837,37.955675,-122.425133,townhouse,4,4,2065,1945,980000,sold,2024-12-28
LIST-004647,4742 Oak Way,Chicago,IL,91589,41.953708,-87.613099,single-family,2,2,1902,1907,380000,sold,2025-01-19
LIST-004648,4899 Jefferson Blvd,New York,NY,12234,40.612967,-73.998185,single-family,6,6,1463,1903,475000,active,2026-01-03
LIST-004649,6420 Hill Ln,Chicago,IL,32013,41.845096,-87.817796,single-family,3,3,2388,1929,570000,pending,2024-08-16
LIST-004650,4624 Sunrise Ln,New York,NY,22516,40.87674,-74.205832,single-family,6,6,1398,1980,630000,sold,2025-05-29
LIST-004651,5653 Spring Ln,New York,NY,14093,40.759081,-74.247709,condo,2,2,1199,1930,545000,sold,2025-02-06
LIST-004652,2175 Spring St,San Francisco,CA,84855,37.854166,-122.652377,multi-family,7,5,2500,2007,1350000,active,2024-08-08
LIST-004653,8616 Madison Pl,Los Angeles,CA,95266,34.179909,-118.065,single-family,3,3,1812,1984,575000,active,2025-09-05
LIST-004654,8599 Valley Ave,Miami,FL,25025,25.947091,-80.19769,condo,0,1,803,1945,200000,sold,2025-12-12
LIST-004655,7719 Walnut Ct,New York,NY,97109,40.560097,-73.830259,condo,3,3,930,2014,420000,sold,2024-09-26
LIST-004656,3671 River Ave,Austin,TX,44984,30.186915,-97.707801,single-family,5,5,1674,2009,430000,sold,2024-05-15
LIST-004657,8839 Cedar Pl,Seattle,WA,78485,47.79246,-122.412171,single-family,3,3,2145,1955,780000,active,2024-07-04
LIST-004658,2849 Summer Dr,Los Angeles,CA,24531,34.140095,-118.129393,single-family,4,4,1232,1963,550000,sold,2024-11-12
LIST-004659,1173 Market Dr,Los Angeles,CA,87934,34.127138,-118.100912,single-family,2,2,1463,1962,550000,active,2025-07-03
LIST-004660,8028 Birch Dr,New York,NY,79165,40.892133,-74.054164,condo,0,1,1356,1955,660000,sold,2025-03-25
LIST-004661,9107 Pine Pl,San Francisco,CA,12994,37.812771,-122.407421,single-family,4,3,2021,1962,1170000,active,2025-05-13
LIST-004662,3855 Sunrise Dr,San Francisco,CA,78932,37.572519,-122.392868,condo,0,1,1388,1998,805000,active,2024-08-19
LIST-004663,9895 Hill Ave,Seattle,WA,63253,47.57091,-122.471543,condo,3,4,1508,1989,685000,active,2026-04-11
LIST-004664,5877 River Dr,New York,NY,58424,40.771285,-74.245466,condo,1,1,893,1983,355000,sold,2024-08-19
LIST-004665,9592 Winter Blvd,Chicago,IL,43287,41.665544,-87.698077,single-family,3,2,2242,1907,435000,withdrawn,2024-10-04
LIST-004666,8690 Washington Ct,Seattle,WA,50406,47.532167,-122.039248,single-family,3,3,2577,1932,670000,active,2025-02-12
LIST-004667,5555 Spring Pl,San Francisco,CA,74407,37.661523,-122.586084,single-family,3,2,2622,1996,1480000,sold,2024-05-19
LIST-004668,3314 Pine Ln,Miami,FL,72432,25.788933,-80.168486,single-family,5,4,2062,1941,705000,active,2024-12-22
LIST-004669,3395 Valley Dr,New York,NY,55751,40.759031,-74.243477,single-family,2,1,800,1973,365000,pending,2025-04-19
LIST-004670,4069 Sunset Ct,Miami,FL,84563,25.579083,-80.144523,townhouse,4,3,2442,1995,740000,pending,2025-10-24
LIST-004671,5721 Autumn St,San Francisco,CA,17473,37.995978,-122.41021,single-family,4,3,1483,2008,990000,expired,2024-11-13
LIST-004672,2316 Sunset Ave,Seattle,WA,33262,47.469536,-122.585441,single-family,2,2,2111,1911,565000,pending,2025-01-22
LIST-004673,891 Birch Pl,Chicago,IL,54521,41.870532,-87.437502,single-family,4,3,800,1928,190000,sold,2025-07-27
LIST-004674,567 Walnut Pl,Chicago,IL,39951,42.089462,-87.715504,condo,3,4,1178,1986,350000,active,2024-07-09
LIST-004675,8931 Park Blvd,Denver,CO,40162,39.919933,-104.858419,condo,1,2,1195,1974,260000,sold,2025-05-13
LIST-004676,7836 Winter Dr,Austin,TX,47096,30.285553,-97.917669,multi-family,7,6,3017,1915,530000,pending,2025-11-22
LIST-004677,6206 Spring Ave,Denver,CO,64051,39.863239,-104.987047,single-family,2,1,2251,1933,420000,sold,2025-03-25
LIST-004678,4951 Sunset Ct,Chicago,IL,15990,42.018538,-87.632518,single-family,3,3,1885,1966,385000,active,2024-08-04
LIST-004679,6061 Sunrise St,San Francisco,CA,31592,37.870764,-122.38826,single-family,3,2,2117,1933,785000,withdrawn,2024-07-10
LIST-004680,5880 Park Ln,San Francisco,CA,79535,37.957964,-122.332529,condo,1,2,1493,2015,865000,active,2025-08-24
LIST-004681,9214 Sunset St,New York,NY,78002,40.810451,-74.142885,single-family,4,3,1641,1905,675000,active,2024-08-12
LIST-004682,3187 Park Blvd,Los Angeles,CA,17031,34.123285,-118.246821,single-family,3,2,2700,1909,650000,active,2024-10-03
LIST-004683,6310 Birch Ln,New York,NY,47813,40.571315,-74.075248,single-family,4,3,2660,1952,1000000,sold,2025-09-25
LIST-004684,1042 Winter Dr,Miami,FL,32021,25.746983,-79.967322,single-family,5,5,1654,1992,550000,sold,2024-11-10
LIST-004685,7642 Winter Ct,Chicago,IL,89727,41.833859,-87.830971,townhouse,3,3,1414,1941,285000,sold,2024-07-27
LIST-004686,9329 River Pl,Los Angeles,CA,77180,33.907883,-118.342956,single-family,6,5,2021,1979,920000,sold,2025-03-17
LIST-004687,6695 Forest Way,Austin,TX,88399,30.141011,-97.844515,townhouse,3,2,990,1993,340000,pending,2025-10-17
LIST-004688,852 Park Ave,San Francisco,CA,78334,37.907664,-122.638232,single-family,4,3,1865,1970,1220000,pending,2024-11-25
LIST-004689,5303 Mission Pl,Chicago,IL,41366,41.927681,-87.834335,single-family,5,4,2141,1918,480000,active,2025-06-20
LIST-004690,2962 Sunset Ct,Miami,FL,97068,25.707154,-80.362255,single-family,3,2,2141,2009,680000,expired,2024-11-06
LIST-004691,6619 Cedar Ave,New York,NY,95709,40.705684,-74.042673,single-family,5,5,2062,1979,805000,sold,2025-11-18
LIST-004692,2970 Hill Blvd,Chicago,IL,89881,41.829284,-87.875573,single-family,4,3,2142,1989,440000,pending,2025-07-20
LIST-004693,1480 Winter Blvd,Austin,TX,38053,30.21552,-97.903554,single-family,4,3,1824,1910,425000,expired,2025-05-06
LIST-004694,9744 Hill Blvd,San Francisco,CA,98721,37.90795,-122.595774,single-family,2,1,800,1930,440000,sold,2025-10-02
LIST-004695,7044 Birch Ln,Austin,TX,28265,30.377719,-97.754073,townhouse,2,1,1409,1937,320000,active,2025-12-29
LIST-004696,6942 Walnut Dr,San Francisco,CA,27248,37.966647,-122.434106,condo,3,3,1045,1975,440000,sold,2024-12-02
LIST-004697,6728 Maple Dr,Denver,CO,98954,39.893312,-104.873246,single-family,2,2,2268,1960,485000,sold,2025-12-06
LIST-004698,4219 Park Ln,San Francisco,CA,21919,37.746725,-122.483566,condo,1,2,1295,1920,495000,active,2025-06-30
LIST-004699,6277 Sunset Ave,Austin,TX,55620,30.460371,-97.84853,single-family,2,1,2665,1987,695000,sold,2024-08-26
LIST-004700,3736 Washington St,Los Angeles,CA,61315,34.01813,-118.333904,single-family,2,2,2964,2013,1185000,active,2026-04-22
LIST-004701,223 Cedar Blvd,Austin,TX,15129,30.343384,-97.863907,single-family,4,4,2846,1988,670000,sold,2025-02-05
LIST-004702,865 Winter St,New York,NY,42358,40.691355,-73.932304,condo,1,1,506,1938,190000,sold,2024-06-18
LIST-004703,6490 Pine Blvd,Seattle,WA,13609,47.808171,-122.450065,condo,0,1,1277,1971,520000,pending,2026-01-11
LIST-004704,7215 Sunrise Blvd,San Francisco,CA,80705,37.891842,-122.647529,single-family,5,4,1762,1923,675000,sold,2025-04-03
LIST-004705,2060 Cedar St,Denver,CO,49263,39.924833,-105.120287,condo,3,4,813,1907,215000,active,2025-11-17
LIST-004706,9715 Summer Way,Austin,TX,75326,30.198291,-97.911451,single-family,5,5,1710,2013,615000,sold,2025-11-11
LIST-004707,5206 River Way,Los Angeles,CA,32525,34.179206,-118.072481,condo,0,1,1046,1958,340000,pending,2026-02-02
LIST-004708,280 Ridge Ct,New York,NY,62069,40.878441,-74.090254,condo,0,1,1135,1983,680000,active,2024-09-29
LIST-004709,2788 River Ln,New York,NY,83093,40.812495,-74.260885,single-family,2,2,2733,1979,1225000,active,2026-01-15
LIST-004710,1292 Lake Pl,New York,NY,53691,40.781229,-73.938849,townhouse,3,3,1995,2008,820000,sold,2026-04-17
LIST-004711,8066 Winter Ln,Austin,TX,51407,30.158061,-97.739845,single-family,5,4,2415,1975,530000,sold,2025-11-01
LIST-004712,3036 Mission Ln,Seattle,WA,13878,47.49138,-122.41798,single-family,4,3,2529,1927,935000,active,2025-03-04
LIST-004713,2263 Madison St,Austin,TX,27506,30.047814,-97.716659,condo,2,3,1344,1955,380000,sold,2025-02-01
LIST-004714,9432 Winter St,Austin,TX,11518,30.371964,-97.888979,single-family,3,3,1599,1984,545000,pending,2024-05-31
LIST-004715,7277 Market Way,Los Angeles,CA,86880,33.887332,-118.343358,single-family,6,5,897,1930,265000,sold,2024-05-01
LIST-004716,8772 Spring Ave,Chicago,IL,96809,42.054724,-87.516882,single-family,2,2,1764,2020,410000,withdrawn,2025-06-19
LIST-004717,8695 Autumn Ln,Seattle,WA,39835,47.520907,-122.264986,single-family,6,5,1954,1920,690000,sold,2026-02-24
LIST-004718,1374 Sunset St,Los Angeles,CA,18824,34.166491,-118.18046,single-family,4,3,3346,1976,1485000,withdrawn,2025-04-22
LIST-004719,8885 Winter Dr,Los Angeles,CA,97157,33.916351,-118.45136,single-family,2,1,2640,1915,740000,sold,2025-10-16
LIST-004720,1712 Lake Ct,San Francisco,CA,49547,37.894214,-122.20851,townhouse,4,4,1537,1989,825000,sold,2024-05-31
LIST-004721,938 Mission Ct,Miami,FL,48157,25.78393,-80.182322,single-family,5,5,1525,1987,625000,active,2026-03-13
LIST-004722,2305 Washington Ln,Los Angeles,CA,32457,34.265531,-118.157375,condo,2,2,1161,1944,335000,sold,2025-05-26
LIST-004723,2547 Park Way,Miami,FL,78784,25.607477,-80.354776,single-family,5,4,2273,2011,900000,active,2024-11-26
LIST-004724,6025 Autumn Blvd,Denver,CO,35988,39.613971,-104.807375,single-family,3,3,1641,2017,535000,sold,2025-12-21
LIST-004725,2237 Winter Blvd,Miami,FL,90376,25.6614,-80.215323,single-family,2,1,1604,1956,565000,sold,2026-03-20
LIST-004726,1533 Park Ln,Los Angeles,CA,92899,33.884649,-118.109068,single-family,3,2,1780,1960,725000,sold,2026-02-14
LIST-004727,4377 Sunset Blvd,Seattle,WA,87345,47.524119,-122.512111,multi-family,4,4,2620,1955,760000,active,2025-11-01
LIST-004728,4682 Madison Dr,Miami,FL,18825,25.711131,-80.118996,condo,3,3,591,1974,200000,withdrawn,2024-12-29
LIST-004729,9406 Market Pl,Austin,TX,99799,30.114643,-97.610447,townhouse,2,1,2839,1939,810000,sold,2025-02-08
LIST-004730,7453 Sunset Ln,Denver,CO,20294,39.556931,-105.111793,townhouse,3,2,1680,1979,450000,sold,2025-03-01
LIST-004731,2219 Sunset Ct,San Francisco,CA,38971,37.902933,-122.296807,townhouse,3,2,1856,2014,1010000,pending,2025-08-08
LIST-004732,7145 Pine Ct,Chicago,IL,98967,41.825636,-87.828489,single-family,5,5,1621,1915,315000,active,2026-01-24
LIST-004733,186 Lake Way,Chicago,IL,23116,41.935939,-87.821768,condo,1,1,887,1920,145000,sold,2025-08-05
LIST-004734,9227 Forest Blvd,Miami,FL,10593,25.959806,-80.11907,condo,3,3,924,2007,385000,sold,2024-10-31
LIST-004735,2619 Summer Blvd,San Francisco,CA,68102,37.663829,-122.328344,single-family,5,4,2853,1952,1190000,sold,2024-09-03
LIST-004736,8085 Winter Ln,New York,NY,49295,40.539683,-73.861389,single-family,6,5,2333,1996,1225000,withdrawn,2025-02-15
LIST-004737,1511 Birch Pl,Denver,CO,31407,39.535377,-105.040759,condo,0,1,1341,1964,305000,active,2024-10-15
LIST-004738,9159 Sunrise Blvd,Denver,CO,34814,39.66642,-104.962994,single-family,3,2,1707,1968,495000,sold,2024-11-22
LIST-004739,3522 Cedar Ct,Los Angeles,CA,84928,33.899244,-118.245006,single-family,2,1,2003,1942,725000,sold,2026-04-22
LIST-004740,3553 Elm Ln,New York,NY,94555,40.607814,-73.865398,townhouse,3,2,1821,1943,660000,active,2025-05-11
LIST-004741,8946 Cedar Ln,Los Angeles,CA,81910,33.848235,-118.26155,condo,1,2,1210,2016,550000,sold,2024-05-28
LIST-004742,4631 Park Ln,San Francisco,CA,56811,37.682751,-122.473086,single-family,4,4,2090,1927,890000,sold,2024-10-27
LIST-004743,8196 Winter Ct,Chicago,IL,22989,41.722045,-87.497062,condo,0,1,815,1996,185000,sold,2026-03-05
LIST-004744,2735 Madison Blvd,Austin,TX,97962,30.191296,-97.894802,condo,1,1,534,1945,120000,active,2025-06-05
LIST-004745,1000 Sunset Pl,Los Angeles,CA,76285,34.03517,-118.228584,condo,3,3,1022,2004,410000,active,2025-12-31
LIST-004746,322 Pine Way,San Francisco,CA,42039,37.698117,-122.375508,single-family,2,1,2113,2011,1245000,active,2025-10-01
LIST-004747,9675 Ridge Ave,Miami,FL,68519,25.855797,-80.079658,single-family,6,6,2013,1968,810000,sold,2025-10-08
LIST-004748,8266 Oak Blvd,Miami,FL,25480,25.888992,-80.336629,condo,1,1,673,2017,285000,pending,2024-07-20
LIST-004749,2538 Oak Ave,San Francisco,CA,50694,37.926818,-122.293755,condo,1,2,971,1901,400000,sold,2024-08-30
LIST-004750,7724 Birch Pl,Denver,CO,17073,39.679453,-104.737941,single-family,6,5,1276,2000,340000,sold,2025-06-09
LIST-004751,22 River Way,New York,NY,57113,40.842083,-73.876415,condo,2,2,934,1932,435000,active,2024-05-06
LIST-004752,2451 Lincoln Blvd,Seattle,WA,84198,47.575478,-122.236653,condo,2,2,1193,1912,340000,sold,2025-09-04
LIST-004753,6471 Summer Ct,Los Angeles,CA,13320,34.048742,-118.46731,single-family,2,1,2067,1956,660000,sold,2024-11-05
LIST-004754,6001 Walnut Way,Seattle,WA,60549,47.481978,-122.529603,townhouse,2,1,1855,1959,745000,sold,2025-03-28
LIST-004755,3031 Market Ln,Chicago,IL,55494,41.91157,-87.641114,single-family,2,1,1819,1989,390000,active,2025-10-07
LIST-004756,7485 Cedar St,Miami,FL,92806,25.835875,-80.159654,multi-family,8,6,2508,2005,745000,sold,2024-12-12
LIST-004757,9478 Sunset Way,New York,NY,17206,40.634851,-73.776397,single-family,5,5,1269,2012,825000,sold,2024-12-31
LIST-004758,9482 Walnut St,Miami,FL,75652,25.878269,-79.985188,single-family,6,6,1559,1952,460000,sold,2024-12-23
LIST-004759,8973 Lincoln Ave,Austin,TX,37767,30.284233,-97.678488,condo,3,3,1248,2008,450000,sold,2024-11-04
LIST-004760,1851 Market Ln,New York,NY,74545,40.813677,-74.10724,townhouse,4,3,1639,1946,690000,sold,2025-07-02
LIST-004761,6986 Sunset Pl,Austin,TX,63370,30.384978,-97.918093,single-family,3,3,2701,1962,555000,sold,2024-12-11
LIST-004762,9490 Pine Blvd,San Francisco,CA,96765,37.917239,-122.586345,single-family,6,6,3020,1933,1670000,active,2026-03-18
LIST-004763,1207 Walnut Ln,Chicago,IL,76929,,,single-family,3,3,826,1984,175000,sold,2026-01-17
LIST-004764,7073 Lake Dr,Denver,CO,55200,39.927078,-104.923722,condo,3,3,1024,1968,310000,sold,2025-05-11
LIST-004765,7258 Market Way,Seattle,WA,41043,47.47093,-122.277002,single-family,6,6,1270,1976,385000,active,2025-06-27
LIST-004766,8034 Cedar Way,Miami,FL,23484,25.786822,-80.048065,condo,1,2,1149,1948,390000,sold,2024-05-29
LIST-004767,648 Valley Dr,San Francisco,CA,18436,37.561397,-122.488484,condo,1,1,1267,2006,645000,sold,2025-08-19
LIST-004768,8315 Autumn Ln,Seattle,WA,75115,47.480755,-122.270414,single-family,3,2,2214,1902,625000,sold,2024-08-10
LIST-004769,6160 Sunset Way,Austin,TX,87451,30.052214,-97.72541,single-family,4,3,1170,1959,320000,sold,2024-07-04
LIST-004770,1947 Sunset St,Chicago,IL,88728,41.761181,-87.769933,single-family,3,2,1392,1915,325000,withdrawn,2024-06-25
LIST-004771,2511 Jefferson Ave,New York,NY,52880,40.82945,-73.877328,single-family,6,6,1703,1987,1045000,pending,2024-10-16
LIST-004772,4468 Mission Pl,Seattle,WA,70875,47.504721,-122.056286,condo,2,3,1140,1938,310000,sold,2025-09-14
LIST-004773,2761 Walnut Pl,Los Angeles,CA,29419,33.978203,-118.327416,condo,3,3,670,1984,215000,active,2025-06-07
LIST-004774,1413 River Way,Chicago,IL,13349,41.965476,-87.380412,condo,3,3,854,2024,265000,active,2025-03-21
LIST-004775,849 Forest Ct,Los Angeles,CA,17322,33.877019,-118.087607,single-family,4,4,2143,1970,685000,sold,2025-10-09
LIST-004776,8817 Autumn Ln,Chicago,IL,67187,41.956195,-87.776521,multi-family,7,6,3959,1984,1140000,sold,2024-09-23
LIST-004777,1878 Maple Pl,Austin,TX,41957,30.065269,-97.803037,townhouse,4,3,2331,1977,750000,sold,2024-08-16
LIST-004778,7088 Park Ave,Austin,TX,90422,30.338952,-97.897687,single-family,2,1,1956,1925,470000,sold,2025-12-12
LIST-004779,1327 Sunrise St,Seattle,WA,76662,47.600473,-122.264178,single-family,2,1,2313,1985,700000,sold,2025-01-12
LIST-004780,9495 Maple St,New York,NY,69128,40.700829,-74.03098,single-family,4,3,2743,1901,1035000,active,2025-06-27
LIST-004781,3461 Elm Ave,Chicago,IL,89843,41.694238,-87.785218,condo,1,2,827,2012,260000,sold,2024-11-17
LIST-004782,2298 Sunrise Ct,New York,NY,19568,40.771065,-73.773889,single-family,4,4,2799,1931,1230000,active,2025-09-01
LIST-004783,512 Summer Pl,Austin,TX,77306,30.266299,-97.711537,condo,3,3,1069,1983,345000,active,2025-09-04
LIST-004784,3142 Summer Dr,New York,NY,35960,40.903393,-73.98488,condo,3,3,1450,1948,620000,pending,2024-10-08
LIST-004785,3362 River Dr,Los Angeles,CA,62262,33.854361,-118.262251,single-family,2,2,1791,2021,905000,active,2025-11-27
LIST-004786,7851 Jefferson Ln,Denver,CO,24765,39.961294,-104.946327,single-family,2,2,1456,1931,420000,withdrawn,2024-07-15
LIST-004787,7103 Autumn St,New York,NY,95222,40.830009,-74.091634,condo,1,1,1290,2008,605000,active,2025-09-27
LIST-004788,3031 Washington Ln,San Francisco,CA,70815,37.854824,-122.179355,single-family,6,6,1693,2020,1250000,active,2025-06-07
LIST-004789,9436 Forest Way,Austin,TX,85335,30.261089,-97.775586,single-family,2,2,2240,1977,650000,sold,2024-05-09
LIST-004790,7246 Pine Dr,Seattle,WA,78673,47.411565,-122.44139,townhouse,4,3,1189,1935,450000,pending,2025-10-06
LIST-004791,3783 Winter St,New York,NY,22235,40.736016,-73.957101,condo,2,3,1073,1969,450000,active,2024-08-08
LIST-004792,38 Lincoln Way,New York,NY,88149,40.668514,-73.774339,townhouse,4,3,1512,1948,500000,active,2024-08-09
LIST-004793,7092 Maple Ct,New York,NY,37774,40.777596,-73.816298,single-family,5,4,2168,1988,920000,pending,2025-08-05
LIST-004794,5779 Washington Ct,Austin,TX,10916,30.198305,-97.836848,single-family,3,2,2198,1936,465000,sold,2024-11-07
LIST-004795,7217 River Pl,San Francisco,CA,96097,37.788486,-122.221087,single-family,6,5,1780,1998,1110000,pending,2025-04-21
LIST-004796,5090 Pine Ln,New York,NY,57504,40.603471,-74.051192,single-family,6,6,2392,1935,820000,active,2025-05-23
LIST-004797,7578 Cedar Ln,Los Angeles,CA,36493,34.254718,-118.19863,single-family,6,5,1937,2023,955000,active,2025-12-28
LIST-004798,5509 Birch Ave,New York,NY,96340,40.522267,-74.063327,single-family,6,5,1610,1952,765000,sold,2024-09-20
LIST-004799,6650 Ridge Pl,San Francisco,CA,56131,37.797873,-122.476865,condo,3,4,550,1946,290000,sold,2025-02-10
LIST-004800,9032 Jefferson Ln,Miami,FL,97398,25.811809,-80.284968,townhouse,4,3,1440,1901,310000,pending,2024-06-01
LIST-004801,6392 Walnut Ct,San Francisco,CA,19100,37.839547,-122.529515,condo,0,1,1196,1969,690000,withdrawn,2025-07-03
LIST-004802,2112 Autumn Dr,New York,NY,74361,40.679012,-74.109067,single-family,3,2,1512,1942,595000,active,2025-09-29
LIST-004803,9497 Washington Ln,Los Angeles,CA,15621,34.16637,-118.163357,single-family,5,4,2822,1958,1275000,sold,2025-04-28
LIST-004804,54 Forest Pl,New York,NY,48098,40.557329,-73.808166,single-family,4,4,1870,1951,650000,sold,2024-12-09
LIST-004805,1773 Maple Ct,Los Angeles,CA,68653,34.214148,-118.161396,single-family,2,2,1665,1981,540000,sold,2026-04-09
LIST-004806,8364 Maple St,New York,NY,83814,40.837114,-74.140213,single-family,3,3,1601,2021,830000,sold,2025-03-05
LIST-004807,2963 Ridge Blvd,Miami,FL,19660,25.853318,-80.343925,single-family,6,5,1310,1949,430000,sold,2024-11-20
LIST-004808,2606 Summer Way,New York,NY,25706,40.886785,-74.018606,single-family,6,6,1891,1931,865000,active,2025-11-19
LIST-004809,6086 Lincoln Ln,Miami,FL,69522,25.587376,-80.26619,single-family,6,6,2400,1974,765000,pending,2025-11-10
LIST-004810,7897 Spring Blvd,Austin,TX,20559,30.294372,-97.551106,condo,2,3,1716,1992,480000,active,2026-01-23
LIST-004811,7265 Summer Dr,Los Angeles,CA,30022,34.174707,-118.115378,condo,0,1,1207,1968,545000,active,2025-04-11
LIST-004812,6429 Birch St,San Francisco,CA,50439,37.636063,-122.440352,single-family,2,1,2749,2022,1865000,sold,2025-03-06
LIST-004813,4575 Pine Dr,Austin,TX,90892,30.347243,-97.558035,condo,1,1,1020,1980,345000,expired,2025-01-06
LIST-004814,2785 Pine Way,New York,NY,99539,40.665561,-73.912482,townhouse,2,2,1253,1930,545000,active,2025-09-25
LIST-004815,937 Madison Ct,Denver,CO,29428,39.819873,-105.125907,multi-family,6,4,3460,1932,725000,active,2026-04-26
LIST-004816,4980 Winter Blvd,New York,NY,19814,40.730177,-74.235814,single-family,2,1,1035,1908,300000,active,2025-12-24
LIST-004817,1227 Ridge Pl,Austin,TX,11417,30.23335,-97.554908,single-family,6,6,1382,2013,520000,sold,2025-03-22
LIST-004818,3724 Valley Ave,Seattle,WA,50957,47.538733,-122.255144,condo,3,3,1577,1982,475000,sold,2024-08-11
LIST-004819,6455 Maple St,New York,NY,47725,40.501019,-73.928795,multi-family,5,3,3168,1913,1160000,active,2024-09-04
LIST-004820,4451 Walnut Ave,San Francisco,CA,94279,37.890022,-122.61916,single-family,2,1,800,2016,385000,sold,2024-05-27
LIST-004821,3954 Forest Ct,Los Angeles,CA,21858,34.055781,-118.336635,condo,3,4,1648,1992,595000,sold,2025-03-09
LIST-004822,2631 Madison Way,Los Angeles,CA,64351,33.930832,-118.410995,single-family,2,1,1992,1997,790000,sold,2024-05-05
LIST-004823,1217 Spring Dr,Los Angeles,CA,20006,34.061719,-118.514494,condo,3,3,796,2002,275000,expired,2025-05-01
LIST-004824,7166 Summer Ln,New York,NY,74101,40.627403,-73.85244,single-family,2,2,1630,1931,795000,active,2024-08-18
LIST-004825,306 Hill St,Los Angeles,CA,89571,34.165844,-118.372791,condo,1,1,705,2007,240000,sold,2025-05-04
LIST-004826,867 Winter Ct,Austin,TX,70663,30.161552,-97.723473,condo,3,4,910,1965,220000,active,2025-08-22
LIST-004827,724 Lake Ln,Los Angeles,CA,30120,33.882635,-118.387574,condo,2,2,675,1911,185000,active,2025-07-30
LIST-004828,8645 Jefferson Blvd,San Francisco,CA,19792,37.691443,-122.269464,single-family,2,1,2528,1913,1045000,active,2024-12-12
LIST-004829,8125 Sunrise St,Los Angeles,CA,60244,34.01682,-118.458456,condo,2,3,840,1931,285000,active,2026-02-19
LIST-004830,5775 Maple Pl,Los Angeles,CA,92878,33.860339,-118.294386,single-family,2,2,2516,1950,795000,active,2025-08-07
LIST-004831,1758 Oak Blvd,Miami,FL,39539,25.84111,-80.189182,single-family,5,4,2769,1976,740000,withdrawn,2024-11-04
LIST-004832,4588 Sunset Dr,San Francisco,CA,77060,37.906888,-122.269228,condo,1,2,1386,1948,695000,sold,2025-07-20
LIST-004833,3843 Madison Blvd,Chicago,IL,14654,41.917022,-87.358024,single-family,4,3,1422,1953,340000,active,2025-03-28
LIST-004834,2236 Sunset St,New York,NY,99015,40.632997,-74.243018,single-family,3,3,1595,1930,600000,sold,2025-01-09
LIST-004835,7987 Summer Pl,Los Angeles,CA,67840,33.999166,-118.318942,single-family,2,1,2456,1951,840000,sold,2026-01-05
LIST-004836,655 River Ct,Denver,CO,27179,,,single-family,2,1,2601,2004,985000,active,2025-05-21
LIST-004837,309 Forest Ave,Los Angeles,CA,70993,33.893374,-118.149549,condo,3,4,836,1975,375000,expired,2025-03-08
LIST-004838,3368 Jefferson St,Chicago,IL,94949,41.670702,-87.61976,single-family,2,2,3430,1967,655000,sold,2024-12-19
LIST-004839,9098 Valley Blvd,San Francisco,CA,81018,37.962772,-122.307339,multi-family,4,4,3216,1926,1355000,active,2025-10-17
LIST-004840,1616 Winter Dr,Los Angeles,CA,69147,34.029634,-118.074459,townhouse,2,1,1084,2021,510000,active,2026-03-02
LIST-004841,6678 Winter Dr,Los Angeles,CA,44214,33.994193,-118.39075,single-family,2,1,1338,1996,500000,sold,2024-08-25
LIST-004842,1139 Washington Dr,Austin,TX,98498,30.257709,-97.572941,condo,2,2,836,1974,175000,sold,2025-10-11
LIST-004843,5099 Hill Ln,New York,NY,57455,40.683638,-74.268137,condo,0,1,851,1991,365000,sold,2024-12-25
LIST-004844,8222 Elm Ave,Chicago,IL,39114,41.800686,-87.495607,single-family,3,2,2072,1997,570000,active,2025-12-15
LIST-004845,5780 Sunset St,New York,NY,36513,40.56856,-74.053066,condo,2,3,1065,1958,415000,sold,2024-06-29
LIST-004846,5322 Madison Way,Chicago,IL,34020,41.915266,-87.788995,single-family,4,4,1944,1919,340000,active,2024-05-15
LIST-004847,6453 Elm Way,New York,NY,27761,40.879213,-74.16345,single-family,3,2,2005,1951,675000,pending,2024-06-04
LIST-004848,6682 Washington Ave,Miami,FL,88026,25.895023,-80.070184,condo,1,1,1526,1940,390000,sold,2025-02-05
LIST-004849,796 Cedar Way,Seattle,WA,60969,47.69637,-122.319836,single-family,5,4,1279,1964,480000,active,2024-09-28
LIST-004850,8960 Sunrise St,New York,NY,79669,40.796452,-74.069212,multi-family,7,6,2195,1991,1130000,sold,2024-08-04
LIST-004851,7604 Walnut Ave,Los Angeles,CA,76913,33.887598,-118.298295,single-family,2,2,3528,1943,1430000,withdrawn,2025-04-20
LIST-004852,5997 Mission Dr,New York,NY,15525,40.731405,-73.969126,condo,1,1,1388,2006,650000,sold,2024-12-21
LIST-004853,6831 Oak Dr,Los Angeles,CA,17968,34.084488,-118.464607,single-family,2,1,1913,1987,785000,sold,2025-09-28
LIST-004854,4743 River Way,Los Angeles,CA,19122,33.994532,-118.25979,single-family,4,4,3152,1902,775000,sold,2025-12-01
LIST-004855,5195 Maple Ave,Los Angeles,CA,56264,33.856258,-118.344081,condo,1,2,1323,1902,445000,pending,2024-06-22
LIST-004856,529 Maple Ct,Chicago,IL,71089,41.815173,-87.620389,townhouse,4,3,942,1972,205000,sold,2024-12-19
LIST-004857,2924 Walnut Dr,Los Angeles,CA,14882,34.119933,-118.374637,single-family,5,4,1979,1987,740000,sold,2025-08-04
LIST-004858,5888 Sunrise Ct,Seattle,WA,66776,47.59567,-122.291313,single-family,2,1,2309,2024,1120000,sold,2025-03-22
LIST-004859,1411 Madison Pl,New York,NY,30815,40.734945,-73.903789,townhouse,4,4,2335,1920,995000,pending,2025-05-27
LIST-004860,4002 Ridge St,Miami,FL,38202,25.833147,-80.215912,condo,2,3,1003,1909,245000,withdrawn,2024-07-03
LIST-004861,9237 Hill Ave,Miami,FL,93377,25.616597,-80.317861,single-family,3,3,2025,2011,635000,expired,2025-04-19
LIST-004862,2158 Summer Pl,Miami,FL,85771,25.757379,-80.271221,single-family,4,3,2264,2017,890000,sold,2024-06-12
LIST-004863,362 Birch St,Chicago,IL,38780,41.771892,-87.789316,single-family,5,5,1401,2014,405000,active,2025-09-30
LIST-004864,3394 Ridge Pl,Miami,FL,31197,25.839415,-79.989968,single-family,4,4,3014,2000,1260000,sold,2025-01-17
LIST-004865,2846 Maple Way,Denver,CO,25584,39.546116,-104.903354,single-family,3,3,2458,2024,640000,sold,2024-07-27
LIST-004866,2836 Washington Ln,Miami,FL,91377,25.794073,-80.154377,condo,2,3,1330,1906,395000,sold,2025-07-30
LIST-004867,5425 Birch Pl,Los Angeles,CA,19470,34.25207,-118.25277,single-family,6,5,2109,1902,545000,pending,2024-09-13
LIST-004868,9316 Summer St,New York,NY,49909,40.765841,-74.0989,single-family,2,1,1990,1997,1015000,sold,2025-12-31
LIST-004869,7014 River Ave,Los Angeles,CA,75770,33.948868,-118.306704,single-family,4,3,983,1977,330000,active,2025-08-21
LIST-004870,217 Maple Ct,New York,NY,82654,40.834855,-74.18578,townhouse,3,3,1576,2008,650000,active,2025-12-22
LIST-004871,2587 Mission Ln,San Francisco,CA,63855,37.806179,-122.459853,townhouse,2,1,1113,1959,665000,pending,2024-07-29
LIST-004872,5197 Autumn Way,Austin,TX,77123,30.290979,-97.883545,townhouse,2,1,2327,1955,715000,pending,2025-06-15
LIST-004873,1880 Elm St,Chicago,IL,48767,41.725049,-87.75116,single-family,4,4,2308,2018,715000,active,2025-11-29
LIST-004874,1798 Winter Ln,Miami,FL,33183,25.804249,-80.43603,condo,3,4,977,1913,230000,active,2024-11-04
LIST-004875,4987 Forest Ct,San Francisco,CA,19276,37.755954,-122.149353,single-family,6,6,1994,1965,940000,active,2025-05-11
LIST-004876,6257 Summer St,San Francisco,CA,42390,37.767209,-122.463826,single-family,4,4,1575,1983,760000,withdrawn,2024-07-15
LIST-004877,3909 Madison Ct,New York,NY,64072,40.580362,-73.976356,condo,0,1,1134,2007,650000,sold,2025-05-16
LIST-004878,7183 Autumn Ln,Los Angeles,CA,98005,34.060288,-118.145189,single-family,2,1,2319,2010,840000,active,2024-05-27
LIST-004879,2575 Elm Ave,San Francisco,CA,91508,37.867218,-122.478603,single-family,4,3,2121,1909,815000,sold,2025-03-09
LIST-004880,1322 Lincoln Blvd,Austin,TX,71582,30.41931,-97.6643,single-family,2,2,1535,2003,545000,expired,2025-04-29
LIST-004881,1324 Spring Pl,Miami,FL,67258,25.910467,-80.23271,single-family,6,5,1501,2022,625000,sold,2025-03-05
LIST-004882,5513 Washington Blvd,Denver,CO,73080,39.699581,-104.74433,condo,2,3,1305,2007,390000,sold,2024-10-14
LIST-004883,7340 Walnut Way,Los Angeles,CA,97492,34.0874,-118.049854,townhouse,2,2,1912,1978,840000,pending,2024-11-28
LIST-004884,5106 Oak Ln,San Francisco,CA,58709,37.812198,-122.557879,single-family,4,4,800,1925,290000,active,2026-04-17
LIST-004885,9396 Lincoln Blvd,Los Angeles,CA,43458,34.031166,-118.109802,single-family,3,3,2183,1954,740000,active,2025-07-30
LIST-004886,3032 Birch Blvd,Seattle,WA,20892,47.504905,-122.282755,townhouse,2,1,2431,1915,575000,sold,2025-08-15
LIST-004887,2588 Hill Ave,Seattle,WA,48794,47.405705,-122.199283,single-family,4,4,1955,2016,1005000,sold,2025-05-04
LIST-004888,481 Washington Pl,Chicago,IL,48187,42.036855,-87.660687,townhouse,2,2,1837,1979,450000,sold,2024-10-03
LIST-004889,1748 Jefferson Pl,Miami,FL,44959,25.886371,-80.354432,single-family,6,5,1573,1918,445000,sold,2025-09-20
LIST-004890,6403 Jefferson Way,Los Angeles,CA,43180,33.905082,-118.305771,condo,1,1,1783,1955,600000,sold,2025-05-30
LIST-004891,829 Mission St,San Francisco,CA,31069,37.855598,-122.374627,condo,2,2,1217,1976,555000,sold,2024-12-07
LIST-004892,4756 Spring Pl,Los Angeles,CA,14399,33.890229,-118.086733,single-family,6,6,1542,1913,570000,withdrawn,2025-05-16
LIST-004893,9268 Sunrise St,Denver,CO,75480,39.79712,-105.215645,single-family,4,4,1889,1987,550000,active,2024-06-06
LIST-004894,9542 River Pl,Chicago,IL,69174,41.898585,-87.436592,single-family,3,2,2314,1965,660000,withdrawn,2026-02-05
LIST-004895,4711 Autumn Ln,Seattle,WA,78624,47.805215,-122.431141,single-family,5,4,2293,1934,750000,sold,2025-10-11
LIST-004896,4809 Park Ave,Los Angeles,CA,83270,34.007121,-118.159425,townhouse,4,3,1692,1937,680000,active,2025-03-25
LIST-004897,7647 Jefferson Dr,San Francisco,CA,45372,37.831804,-122.272423,townhouse,3,2,1974,1913,775000,active,2026-02-10
LIST-004898,8648 Market Way,New York,NY,38127,40.751762,-73.934012,multi-family,4,2,2985,1952,1320000,active,2025-02-28
LIST-004899,3880 Valley Blvd,Seattle,WA,34063,47.419621,-122.317463,single-family,2,1,1027,1964,450000,sold,2025-07-05
LIST-004900,6470 Elm Pl,Miami,FL,20759,25.700526,-80.109234,single-family,6,5,3281,1901,970000,pending,2025-01-27
LIST-004901,2548 Forest Ave,New York,NY,75729,40.61546,-73.763437,townhouse,3,3,1517,1980,655000,sold,2024-11-29
LIST-004902,3025 Oak St,Los Angeles,CA,92657,33.856979,-118.195158,condo,0,1,1094,1948,475000,sold,2025-04-19
LIST-004903,8851 Maple Blvd,Seattle,WA,47180,47.559848,-122.420861,condo,1,1,559,1978,230000,sold,2025-12-26
LIST-004904,9160 Walnut Ln,New York,NY,88312,40.647165,-74.104213,single-family,3,2,1209,2010,655000,active,2025-02-15
LIST-004905,5102 Sunrise Way,Seattle,WA,16732,47.475243,-122.444045,single-family,6,6,1883,1913,470000,sold,2025-12-06
LIST-004906,9531 Walnut Dr,New York,NY,77879,40.661512,-74.081515,single-family,4,4,2584,1941,1320000,active,2025-02-15
LIST-004907,4435 Summer Pl,Los Angeles,CA,12880,33.852964,-118.208493,single-family,5,4,2496,2011,1005000,sold,2024-11-26
LIST-004908,409 Market Ln,Seattle,WA,19640,47.541114,-122.416707,single-family,6,6,3145,1979,1400000,sold,2025-04-20
LIST-004909,2448 Ridge Way,Miami,FL,68985,25.966399,-80.11392,single-family,6,6,2522,1914,665000,expired,2025-01-17
LIST-004910,4138 Mission Way,San Francisco,CA,95809,37.754833,-122.326425,single-family,2,2,1975,1914,930000,active,2024-09-09
LIST-004911,7759 Lincoln Ln,San Francisco,CA,83668,37.941023,-122.542907,condo,0,1,963,1939,515000,active,2024-11-09
LIST-004912,5411 Hill Dr,San Francisco,CA,16794,37.961111,-122.573647,townhouse,2,1,1208,1959,480000,pending,2025-09-12
LIST-004913,7050 Elm Ct,Seattle,WA,38384,47.454948,-122.493855,single-family,3,2,1969,2014,745000,withdrawn,2026-04-24
LIST-004914,5237 Jefferson Ln,Austin,TX,26292,30.171606,-97.579877,condo,1,2,450,1905,100000,active,2025-05-04
LIST-004915,4175 Oak Pl,San Francisco,CA,86185,37.601714,-122.289337,single-family,3,3,1603,1935,720000,active,2025-05-14
LIST-004916,8265 River Way,Miami,FL,42356,25.673814,-80.058343,single-family,4,4,2304,1940,770000,expired,2024-10-27
LIST-004917,5548 Lincoln Ct,Los Angeles,CA,97191,34.218622,-118.237371,single-family,2,1,1573,1925,415000,sold,2026-03-30
LIST-004918,3951 Valley Dr,San Francisco,CA,30033,37.592944,-122.380824,single-family,3,3,2381,1938,1355000,active,2026-02-15
LIST-004919,4317 River Dr,Chicago,IL,89796,41.886675,-87.422605,single-family,5,4,1418,1929,350000,active,2025-09-12
LIST-004920,2447 Park Ave,Los Angeles,CA,25786,33.927308,-118.129391,condo,3,3,1072,1979,435000,sold,2026-01-02
LIST-004921,8601 Maple Way,San Francisco,CA,77330,37.731475,-122.266536,single-family,4,4,2373,1906,1035000,sold,2025-08-14
LIST-004922,8983 Lincoln Ln,Los Angeles,CA,17225,34.066208,-118.355138,single-family,6,6,2677,1978,1235000,sold,2024-06-11
LIST-004923,1863 Hill Ln,Chicago,IL,69765,41.774259,-87.40591,multi-family,7,7,3859,2020,945000,sold,2024-05-25
LIST-004924,2634 Jefferson Ave,Denver,CO,22984,39.885869,-105.013685,condo,0,1,882,1923,160000,active,2024-05-03
LIST-004925,4738 Maple Ln,Los Angeles,CA,10558,33.922892,-118.406428,single-family,4,4,2408,1981,940000,active,2025-10-26
LIST-004926,6763 Spring Dr,Los Angeles,CA,64967,34.164899,-118.392189,single-family,6,5,1975,1967,755000,withdrawn,2024-10-22
LIST-004927,2802 Hill Dr,Los Angeles,CA,84086,34.100558,-118.398676,townhouse,2,2,2127,1929,735000,active,2025-04-17
LIST-004928,7674 Winter Way,Miami,FL,82157,25.867487,-80.083274,multi-family,8,6,3454,1953,1305000,sold,2025-10-24
LIST-004929,2762 Valley Pl,Los Angeles,CA,38463,34.000808,-117.983082,condo,1,2,1355,1985,455000,sold,2024-08-18
LIST-004930,898 Walnut Way,Los Angeles,CA,19346,34.174715,-118.329885,townhouse,3,3,900,2021,415000,sold,2025-01-31
LIST-004931,3677 Washington Dr,Austin,TX,71773,30.08272,-97.67633,townhouse,3,3,1256,2012,345000,sold,2025-03-21
LIST-004932,1022 Valley Ave,Seattle,WA,51475,47.57295,-122.183315,condo,2,2,971,1923,230000,active,2026-03-26
LIST-004933,8588 Forest Dr,San Francisco,CA,41959,37.960309,-122.526395,single-family,2,2,2967,2001,2135000,sold,2024-10-24
LIST-004934,4577 Cedar Pl,Austin,TX,24643,30.222827,-97.537577,single-family,4,4,1323,1995,345000,active,2025-12-02
LIST-004935,426 Hill Pl,Seattle,WA,15487,47.416363,-122.435219,single-family,2,2,2100,2000,1005000,active,2024-11-30
LIST-004936,1776 Valley Blvd,Austin,TX,76031,30.392718,-97.589516,single-family,6,6,2169,1955,575000,active,2026-02-14
LIST-004937,6836 Winter Ct,San Francisco,CA,19066,37.853749,-122.671144,single-family,5,5,2275,1936,850000,pending,2024-05-17
LIST-004938,1430 Pine Dr,Austin,TX,53269,30.46291,-97.620257,condo,0,1,887,1947,260000,sold,2026-04-07
LIST-004939,9998 River Dr,Los Angeles,CA,30484,34.06278,-118.169391,single-family,3,3,2074,1917,780000,sold,2024-08-29
LIST-004940,3834 Lincoln Ave,Los Angeles,CA,87885,34.139437,-118.447319,single-family,5,5,2535,1993,965000,sold,2026-03-27
LIST-004941,4709 Madison St,Seattle,WA,11330,47.712873,-122.059158,condo,3,3,1128,1960,435000,sold,2026-03-13
LIST-004942,6264 Market Pl,San Francisco,CA,92414,37.679356,-122.622541,single-family,4,4,2073,1955,1145000,withdrawn,2025-11-29
LIST-004943,7143 Valley Ln,Seattle,WA,52530,47.387412,-122.315743,single-family,5,4,2111,1914,760000,active,2025-02-22
LIST-004944,2699 Birch Dr,San Francisco,CA,41198,37.947334,-122.413351,single-family,4,4,1749,1927,945000,active,2024-05-10
LIST-004945,879 Summer Ln,Miami,FL,84824,25.747879,-80.080635,single-family,5,4,2346,2007,1025000,active,2025-03-28
LIST-004946,9473 Birch Dr,Miami,FL,22323,25.865578,-80.252045,multi-family,6,5,4221,1952,1515000,active,2025-04-25
LIST-004947,2818 Washington Blvd,New York,NY,15412,40.729296,-73.980645,single-family,4,4,2502,1937,955000,sold,2026-03-12
LIST-004948,9464 Sunrise Pl,New York,NY,53119,40.70519,-74.04708,multi-family,6,5,2868,1903,1255000,active,2024-05-03
LIST-004949,8585 Washington Blvd,Chicago,IL,62794,41.98118,-87.666531,single-family,4,3,1993,1985,425000,withdrawn,2026-01-30
LIST-004950,7771 Birch Blvd,Austin,TX,34604,30.11961,-97.728714,condo,1,1,1252,1964,380000,pending,2025-04-01
LIST-004951,398 Oak Ave,Miami,FL,51809,25.732675,-80.393316,single-family,5,5,887,1975,265000,active,2025-04-21
LIST-004952,631 Spring St,Austin,TX,80909,30.146483,-97.706701,single-family,4,3,3562,1962,810000,sold,2025-10-24
LIST-004953,7852 Madison Dr,San Francisco,CA,60383,37.769022,-122.436113,single-family,6,5,2705,1956,1655000,sold,2026-02-26
LIST-004954,2393 Elm Dr,Miami,FL,40069,25.841725,-80.375018,single-family,2,2,1285,2000,440000,sold,2025-04-17
LIST-004955,9422 Mission Ave,Austin,TX,31900,30.406134,-97.705049,single-family,4,3,2618,1993,830000,sold,2024-10-08
LIST-004956,7936 Birch Pl,San Francisco,CA,53491,37.742444,-122.317324,single-family,6,6,2758,1992,1525000,sold,2024-11-27
LIST-004957,3383 Mission St,Denver,CO,61637,39.893525,-104.960905,condo,1,1,891,1937,215000,sold,2024-11-25
LIST-004958,7169 Lincoln Ln,Chicago,IL,35380,41.876943,-87.735493,single-family,6,6,1828,2005,415000,active,2026-04-07
LIST-004959,6091 Pine Way,Chicago,IL,98519,41.935904,-87.877619,single-family,2,2,3070,2011,900000,sold,2026-02-06
LIST-004960,4041 Madison Ct,New York,NY,72299,40.628081,-74.014176,townhouse,3,3,1530,1911,585000,active,2024-07-05
LIST-004961,5918 Walnut Pl,San Francisco,CA,87328,37.954427,-122.380339,single-family,2,2,2398,2025,1430000,pending,2025-01-12
LIST-004962,46 Washington Blvd,Los Angeles,CA,48512,34.248574,-118.269621,condo,2,2,970,1902,220000,sold,2025-12-06
LIST-004963,1409 Spring Dr,Miami,FL,12891,25.572875,-80.287028,condo,3,3,1617,2009,720000,active,2025-10-31
LIST-004964,4260 Park Dr,Chicago,IL,74746,41.887848,-87.614805,single-family,3,3,2416,1945,580000,active,2025-10-17
LIST-004965,2718 Ridge Way,Miami,FL,38899,25.665689,-80.011465,single-family,3,2,1587,1912,480000,active,2025-03-04
LIST-004966,7016 Summer St,Chicago,IL,44421,41.932145,-87.457308,multi-family,5,3,3305,1981,825000,active,2025-06-22
LIST-004967,989 Madison Ave,Chicago,IL,19140,41.822447,-87.849489,condo,1,1,1344,1912,235000,active,2025-04-23
LIST-004968,3305 Mission Blvd,Seattle,WA,57870,47.465655,-122.111135,condo,2,2,1233,1984,480000,sold,2024-06-18
LIST-004969,248 Oak Ct,San Francisco,CA,99472,37.609767,-122.499732,condo,1,2,849,1942,315000,active,2024-09-10
LIST-004970,6610 Spring Ct,Los Angeles,CA,98635,33.91467,-118.136903,multi-family,6,5,2273,1984,920000,sold,2024-10-12
LIST-004971,6913 River Dr,Austin,TX,23542,30.3512,-97.565087,single-family,6,5,2322,1983,665000,sold,2024-05-09
LIST-004972,1490 Madison Dr,Miami,FL,33372,25.746109,-80.149107,single-family,3,2,2801,1979,850000,active,2025-07-11
LIST-004973,7116 Washington St,San Francisco,CA,34279,37.834403,-122.573825,single-family,6,6,1359,2007,795000,sold,2026-03-01
LIST-004974,986 Valley St,Denver,CO,33676,39.811496,-104.82332,single-family,5,5,2173,1909,450000,sold,2024-07-31
LIST-004975,3558 Madison Ct,Austin,TX,72958,30.369403,-97.757272,single-family,5,4,2996,1962,635000,withdrawn,2025-05-06
LIST-004976,8097 Summer Ct,Los Angeles,CA,62988,34.102121,-118.36905,single-family,3,3,2122,1984,895000,sold,2026-01-13
LIST-004977,7727 Autumn St,Los Angeles,CA,35981,33.97865,-118.45288,single-family,2,2,2661,1915,770000,sold,2024-11-12
LIST-004978,3647 Elm Blvd,Chicago,IL,59122,41.880953,-87.87322,condo,1,1,1396,1908,290000,sold,2025-11-13
LIST-004979,3982 Winter Blvd,Los Angeles,CA,20481,34.195165,-118.393458,townhouse,3,3,2060,1973,705000,active,2026-03-21
LIST-004980,345 Walnut Blvd,Los Angeles,CA,29903,33.856986,-118.258326,single-family,2,2,1649,1972,535000,active,2024-08-14
LIST-004981,9543 Madison Ct,Miami,FL,18265,25.930076,-80.207242,townhouse,3,3,976,2015,395000,pending,2025-01-13
LIST-004982,4862 River Dr,Seattle,WA,61205,47.6894,-122.226692,condo,2,2,1557,1931,560000,active,2025-04-16
LIST-004983,9759 Market Ln,Miami,FL,41450,25.727948,-80.18557,multi-family,4,2,3521,1979,1050000,sold,2025-02-06
LIST-004984,3239 Summer Way,Chicago,IL,42472,42.037453,-87.709517,single-family,3,3,1611,2016,380000,active,2025-08-31
LIST-004985,2894 Sunrise St,New York,NY,21721,40.713535,-74.192325,condo,2,3,1051,1920,370000,active,2025-12-02
LIST-004986,2806 River Way,Miami,FL,59392,25.760707,-80.034898,single-family,4,3,1271,2003,465000,sold,2026-04-12
LIST-004987,5260 Park Ln,Austin,TX,75116,30.193027,-97.73238,townhouse,4,4,2205,1953,435000,expired,2024-10-23
LIST-004988,5022 Park St,Los Angeles,CA,64796,34.203017,-118.104462,single-family,2,1,2674,1922,1040000,sold,2025-06-22
LIST-004989,417 Lake St,Chicago,IL,97988,41.826572,-87.71131,condo,1,1,1115,1991,225000,sold,2024-07-24
LIST-004990,1796 Oak Ct,Austin,TX,95039,30.246984,-97.964246,condo,0,1,991,2022,285000,sold,2024-05-28
LIST-004991,9139 Birch Way,Austin,TX,48057,30.133956,-97.548102,condo,1,2,1037,1940,235000,sold,2024-09-01
LIST-004992,2303 Forest Ln,New York,NY,12840,40.582921,-73.790877,single-family,3,3,2562,1947,870000,sold,2025-02-22
LIST-004993,7265 Washington Ln,Austin,TX,55504,30.123501,-97.698475,single-family,2,2,2854,1959,695000,sold,2025-01-21
LIST-004994,2941 Birch Dr,Austin,TX,56956,30.238131,-97.820032,single-family,5,4,2332,1956,695000,active,2024-09-05
LIST-004995,4101 Mission Pl,New York,NY,71201,40.796779,-73.813488,townhouse,4,4,1144,1925,530000,sold,2025-10-14
LIST-004996,4137 Sunrise Pl,Chicago,IL,78724,42.030086,-87.675511,single-family,4,3,1906,1918,435000,sold,2024-10-07
LIST-004997,6670 Spring Blvd,New York,NY,63475,40.661552,-73.795449,condo,3,3,1289,1927,455000,active,2024-10-17
LIST-004998,98 Spring Way,Chicago,IL,44831,42.03629,-87.562238,condo,3,3,977,1992,295000,pending,2025-12-11
LIST-004999,2182 Hill Pl,Los Angeles,CA,68435,34.023919,-118.238462,single-family,5,5,1792,1905,485000,sold,2026-02-25
LIST-005000,5704 Walnut St,Austin,TX,29862,30.174414,-97.721829,single-family,5,4,2723,2006,960000,pending,2024-11-13
