incident_id,occurred_at,incident_type,severity,latitude,longitude
INC-000001,2024-07-11T23:55:14,theft-from-vehicle,medium,37.71332,-122.244242
INC-000002,2025-02-03T11:56:32,theft-from-vehicle,low,39.675772,-105.004439
INC-000003,2025-04-16T11:23:12,drug-violation,medium,47.590673,-122.341651
INC-000004,2026-04-22T09:55:33,burglary,high,37.668244,-122.272337
INC-000005,2025-02-17T01:32:18,vehicle-theft,low,39.672475,-105.101136
INC-000006,2025-12-01T16:12:49,other,low,34.010482,-118.391889
INC-000007,2024-05-26T18:46:40,other,low,34.078515,-118.450155
INC-000008,2026-02-25T07:42:12,other,medium,41.961873,-87.463717
INC-000009,2026-02-18T21:09:17,fraud,medium,41.982357,-87.448446
INC-000010,2025-10-04T13:34:31,theft-from-vehicle,low,37.689364,-122.346062
INC-000011,2026-01-15T09:22:30,vandalism,medium,34.038678,-118.210988
INC-000012,2025-04-05T11:27:40,theft-from-vehicle,low,40.809788,-74.11105
INC-000013,2025-07-26T21:59:55,drug-violation,low,41.862713,-87.758012
INC-000014,2026-01-14T09:36:38,vandalism,low,37.681749,-122.497509
INC-000015,2024-07-02T01:32:26,vehicle-theft,low,30.163392,-97.756975
INC-000016,2024-11-09T08:14:08,assault,medium,25.753454,-80.110844
INC-000017,2024-07-30T17:40:59,drug-violation,low,34.003015,-118.142435
INC-000018,2026-03-27T21:20:26,vandalism,medium,47.512514,-122.488445
INC-000019,2024-12-07T04:32:19,vandalism,medium,40.644077,-74.15781
INC-000020,2024-10-04T10:50:25,theft-from-vehicle,low,47.563958,-122.59061
INC-000021,2024-07-06T16:05:59,assault,low,34.116855,-118.142089
INC-000022,2025-10-06T13:08:03,other,low,34.037263,-118.03108
INC-000023,2025-10-09T01:15:04,vandalism,low,41.742382,-87.668158
INC-000024,2025-10-17T17:11:58,burglary,low,41.947527,-87.656081
INC-000025,2026-04-23T03:29:55,other,low,30.372376,-97.668945
INC-000026,2024-08-18T02:15:44,vandalism,low,41.89681,-87.486493
INC-000027,2025-07-22T06:05:17,robbery,medium,33.973882,-118.201738
INC-000028,2025-01-19T08:54:21,theft-from-vehicle,low,34.120225,-118.126248
INC-000029,2024-05-30T02:17:07,fraud,medium,37.798774,-122.284275
INC-000030,2024-05-07T10:02:32,fraud,medium,34.079932,-118.346998
INC-000031,2025-01-13T18:43:21,other,low,37.836257,-122.311642
INC-000032,2024-06-04T18:50:52,other,low,41.791085,-87.617146
INC-000033,2024-08-10T15:29:40,vandalism,medium,47.739841,-122.344568
INC-000034,2026-04-18T19:38:52,assault,medium,37.91295,-122.312551
INC-000035,2024-06-21T12:29:22,burglary,high,40.773656,-74.063863
INC-000036,2026-01-25T18:57:16,vandalism,medium,40.575932,-73.962087
INC-000037,2024-12-11T07:10:17,drug-violation,high,25.664846,-80.080604
INC-000038,2024-06-27T00:57:15,drug-violation,low,41.827524,-87.402932
INC-000039,2025-03-23T22:38:53,fraud,low,37.799112,-122.570306
INC-000040,2024-05-02T03:29:31,vandalism,medium,34.026426,-118.052354
INC-000041,2025-10-26T03:26:43,theft-from-vehicle,medium,41.766646,-87.5032
INC-000042,2025-01-03T21:06:24,burglary,medium,37.710356,-122.357864
INC-000043,2024-07-05T17:10:29,drug-violation,medium,40.812111,-73.893624
INC-000044,2026-02-01T12:18:23,fraud,high,25.656364,-80.18363
INC-000045,2025-10-20T21:17:51,drug-violation,low,37.808879,-122.493268
INC-000046,2024-12-17T05:16:46,theft-from-vehicle,low,30.181541,-97.775632
INC-000047,2025-06-22T05:57:00,fraud,medium,25.832933,-80.158978
INC-000048,2024-10-03T15:51:06,theft-from-vehicle,low,37.856433,-122.615125
INC-000049,2025-05-23T22:26:10,theft-from-vehicle,low,47.655402,-122.427989
INC-000050,2024-05-12T14:33:27,theft-from-vehicle,low,34.162889,-118.23401
INC-000051,2024-08-30T18:41:37,burglary,low,40.663004,-74.185614
INC-000052,2025-09-01T01:29:20,drug-violation,low,37.689575,-122.231922
INC-000053,2025-08-29T17:54:01,fraud,low,40.675368,-73.975632
INC-000054,2025-11-04T09:41:01,vandalism,low,33.985629,-118.173097
INC-000055,2024-05-23T05:47:21,burglary,low,33.912159,-118.185484
INC-000056,2025-02-13T07:31:50,drug-violation,medium,34.097528,-118.283862
INC-000057,2026-03-15T15:27:51,burglary,low,25.650521,-80.096033
INC-000058,2025-07-21T14:07:17,vehicle-theft,low,41.758857,-87.497752
INC-000059,2025-02-15T01:30:05,other,medium,34.192633,-118.173263
INC-000060,2026-01-23T05:43:51,fraud,low,34.065296,-118.429666
INC-000061,2025-07-11T15:54:49,theft-from-vehicle,low,30.357472,-97.809005
INC-000062,2025-05-17T11:26:42,vandalism,low,41.98485,-87.590957
INC-000063,2024-09-17T04:23:13,other,low,37.815032,-122.282944
INC-000064,2024-12-14T13:52:53,theft-from-vehicle,low,40.646123,-74.093156
INC-000065,2024-06-29T12:23:00,vehicle-theft,low,47.455174,-122.419602
INC-000066,2025-07-18T23:26:39,drug-violation,low,47.605854,-122.33254
INC-000067,2025-09-18T16:48:23,vandalism,low,25.899367,-80.078015
INC-000068,2025-03-15T16:14:13,theft-from-vehicle,medium,41.891851,-87.671485
INC-000069,2024-05-23T02:24:55,vehicle-theft,medium,47.706576,-122.197537
INC-000070,2026-02-26T04:47:36,robbery,high,30.275033,-97.773669
INC-000071,2025-03-13T21:09:28,theft-from-vehicle,high,39.880058,-104.944607
INC-000072,2025-02-07T15:35:09,theft-from-vehicle,low,37.606216,-122.468446
INC-000073,2025-09-10T09:30:55,vandalism,low,40.720971,-73.951648
INC-000074,2025-01-02T15:45:22,burglary,low,37.79332,-122.302184
INC-000075,2024-07-25T04:50:53,theft-from-vehicle,low,30.359792,-97.592908
INC-000076,2024-08-26T17:38:40,robbery,low,30.09918,-97.722201
INC-000077,2026-03-21T06:50:21,theft-from-vehicle,low,37.847114,-122.620342
INC-000078,2025-02-08T21:53:30,burglary,low,42.024371,-87.530283
INC-000079,2024-06-24T23:34:04,vandalism,high,40.701041,-74.079936
INC-000080,2026-03-26T18:20:52,fraud,medium,37.655877,-122.476491
INC-000081,2025-04-16T14:30:38,theft-from-vehicle,medium,33.910147,-118.207071
INC-000082,2025-06-09T18:20:54,drug-violation,low,37.89892,-122.26725
INC-000083,2026-03-12T21:11:27,theft-from-vehicle,low,39.730271,-105.133791
INC-000084,2026-04-01T18:53:24,fraud,medium,39.662596,-105.14698
INC-000085,2026-02-07T09:09:40,vehicle-theft,low,25.625091,-80.100995
INC-000086,2025-05-07T18:35:36,fraud,low,34.075428,-118.435608
INC-000087,2024-08-02T18:08:11,drug-violation,medium,39.617973,-104.8838
INC-000088,2025-05-13T12:55:57,burglary,medium,47.654292,-122.133946
INC-000089,2024-11-29T20:03:38,vandalism,low,41.796724,-87.658466
INC-000090,2024-10-12T02:49:58,burglary,low,33.909662,-118.248746
INC-000091,2024-08-08T06:13:39,theft-from-vehicle,low,39.796228,-104.866269
INC-000092,2024-12-18T12:31:38,vandalism,low,30.276865,-97.592248
INC-000093,2026-03-26T23:42:30,theft-from-vehicle,low,41.881493,-87.495254
INC-000094,2025-03-02T23:41:12,theft-from-vehicle,low,34.043648,-118.243882
INC-000095,2025-12-08T22:15:45,assault,medium,41.858443,-87.585834
INC-000096,2024-12-08T05:48:06,theft-from-vehicle,medium,33.925574,-118.192551
INC-000097,2025-06-22T00:46:30,theft-from-vehicle,low,37.696342,-122.349237
INC-000098,2026-01-24T23:32:49,other,medium,25.774659,-80.110412
INC-000099,2025-09-08T20:29:46,burglary,low,40.852608,-74.124649
INC-000100,2025-08-21T22:07:57,vandalism,low,37.76725,-122.224182
INC-000101,2024-12-08T21:35:38,vandalism,low,25.699603,-80.107176
INC-000102,2024-09-08T21:46:15,drug-violation,low,30.337144,-97.723689
INC-000103,2024-10-22T14:46:17,robbery,low,47.745257,-122.382011
INC-000104,2025-05-26T08:35:50,robbery,low,37.692869,-122.44703
INC-000105,2024-05-02T10:45:34,burglary,medium,40.6381,-74.034293
INC-000106,2025-03-18T00:07:36,fraud,low,34.080234,-118.035315
INC-000107,2025-01-30T09:59:47,burglary,low,37.638398,-122.431167
INC-000108,2024-07-15T22:42:27,fraud,medium,40.744067,-74.015947
INC-000109,2024-06-10T00:33:27,theft-from-vehicle,medium,40.602363,-73.976625
INC-000110,2024-07-03T13:17:05,burglary,low,37.717659,-122.416475
INC-000111,2025-12-02T05:41:14,other,low,47.6202,-122.338299
INC-000112,2025-05-20T22:21:03,vehicle-theft,low,25.696912,-80.067743
INC-000113,2024-05-26T12:56:52,theft-from-vehicle,medium,39.649847,-104.88086
INC-000114,2025-07-28T17:40:22,vandalism,low,40.680422,-73.781985
INC-000115,2025-03-24T11:59:32,vandalism,low,34.04627,-118.152115
INC-000116,2024-06-05T23:28:17,assault,high,34.023595,-118.210214
INC-000117,2024-08-19T03:04:25,drug-violation,low,25.763151,-80.391454
INC-000118,2025-04-02T01:52:23,drug-violation,low,40.627886,-74.035232
INC-000119,2025-05-31T06:17:38,robbery,low,30.367346,-97.607832
INC-000120,2026-04-30T17:45:18,assault,low,47.642091,-122.2691
INC-000121,2026-04-10T19:35:35,burglary,low,34.036512,-118.373681
INC-000122,2025-02-11T04:53:14,vehicle-theft,low,37.636492,-122.310339
INC-000123,2025-05-21T09:17:34,fraud,medium,37.834525,-122.256634
INC-000124,2024-05-22T18:06:08,drug-violation,low,33.937473,-118.272502
INC-000125,2025-11-30T21:40:14,theft-from-vehicle,medium,39.723344,-104.75985
INC-000126,2024-08-29T23:41:51,vandalism,low,30.28196,-97.638334
INC-000127,2026-01-27T13:55:20,vandalism,low,40.715699,-74.207013
INC-000128,2025-02-01T20:03:04,burglary,medium,37.783988,-122.304917
INC-000129,2024-11-20T19:00:55,other,medium,47.713159,-122.246343
INC-000130,2025-06-07T10:09:42,other,medium,37.830637,-122.246149
INC-000131,2025-06-04T20:28:41,burglary,low,42.026558,-87.528787
INC-000132,2025-08-01T20:30:18,other,low,34.168195,-118.142738
INC-000133,2024-06-22T11:47:03,burglary,low,39.704323,-105.019649
INC-000134,2024-10-12T11:23:13,drug-violation,low,34.187446,-118.256679
INC-000135,2024-11-20T17:45:24,vandalism,medium,47.758048,-122.36946
INC-000136,2024-08-05T11:05:35,theft-from-vehicle,medium,34.072751,-118.152116
INC-000137,2025-09-13T06:15:12,theft-from-vehicle,low,39.728636,-105.223189
INC-000138,2024-11-11T11:20:55,robbery,low,40.619638,-74.032498
INC-000139,2024-06-15T23:11:11,vandalism,medium,37.761221,-122.193279
INC-000140,2025-04-06T02:51:12,theft-from-vehicle,low,37.919207,-122.409394
INC-000141,2024-09-25T12:20:18,other,medium,47.521577,-122.510444
INC-000142,2025-09-02T09:44:57,burglary,low,39.843322,-105.045858
INC-000143,2024-05-31T22:46:34,assault,medium,39.812031,-105.066941
INC-000144,2025-06-20T12:33:14,assault,low,37.66366,-122.477028
INC-000145,2025-05-18T21:04:24,burglary,medium,34.175045,-118.294467
INC-000146,2026-03-26T05:21:21,theft-from-vehicle,high,37.727002,-122.499402
INC-000147,2025-01-02T05:08:50,theft-from-vehicle,low,39.871115,-104.834444
INC-000148,2024-11-17T12:27:07,assault,high,37.84937,-122.461027
INC-000149,2026-04-19T04:28:55,drug-violation,medium,47.511209,-122.513414
INC-000150,2025-06-07T17:00:18,theft-from-vehicle,high,41.939058,-87.840174
INC-000151,2025-11-18T13:37:34,theft-from-vehicle,medium,37.618465,-122.449168
INC-000152,2025-10-15T22:46:39,robbery,high,25.731051,-80.048818
INC-000153,2024-10-11T23:20:52,fraud,low,33.959033,-118.259397
INC-000154,2024-05-13T15:01:16,theft-from-vehicle,low,40.631261,-74.188445
INC-000155,2024-12-26T21:05:15,burglary,high,25.713315,-80.091012
INC-000156,2025-04-30T16:06:41,theft-from-vehicle,high,41.864381,-87.813746
INC-000157,2024-08-12T16:50:59,other,medium,41.791257,-87.765696
INC-000158,2026-02-28T03:38:47,robbery,medium,47.604911,-122.269141
INC-000159,2025-11-06T10:19:56,other,medium,34.042006,-118.166257
INC-000160,2025-03-13T15:45:57,fraud,low,47.566801,-122.285596
INC-000161,2024-07-18T05:21:13,burglary,low,34.025672,-118.294508
INC-000162,2024-06-21T21:06:16,theft-from-vehicle,low,30.389333,-97.852149
INC-000163,2024-06-01T05:11:04,vandalism,low,30.218069,-97.858947
INC-000164,2026-01-08T01:02:42,assault,low,40.846696,-73.939926
INC-000165,2025-03-12T22:31:27,theft-from-vehicle,low,40.588816,-73.932828
INC-000166,2025-01-18T03:05:15,other,medium,25.872258,-80.167203
INC-000167,2025-05-03T10:12:59,assault,medium,39.701586,-105.149602
INC-000168,2025-02-02T22:30:04,assault,low,40.656245,-74.084373
INC-000169,2024-08-01T04:12:28,theft-from-vehicle,low,39.597343,-104.967243
INC-000170,2024-08-16T09:01:33,other,medium,37.889167,-122.48943
INC-000171,2026-01-15T14:18:34,drug-violation,high,37.805111,-122.488575
INC-000172,2024-10-07T23:00:06,vehicle-theft,low,39.830552,-105.104075
INC-000173,2026-01-25T21:13:37,theft-from-vehicle,medium,40.882067,-73.979646
INC-000174,2026-01-20T00:52:29,burglary,medium,47.454341,-122.435285
INC-000175,2025-01-08T22:51:51,vehicle-theft,low,40.874366,-74.071598
INC-000176,2026-04-05T15:50:38,other,low,25.759535,-80.280499
INC-000177,2025-12-24T03:13:49,vandalism,medium,39.73653,-105.107629
INC-000178,2025-08-08T01:33:03,fraud,low,33.981714,-118.213965
INC-000179,2026-01-28T18:34:39,burglary,high,39.799508,-104.880966
INC-000180,2025-03-01T01:43:08,theft-from-vehicle,medium,34.085346,-118.364114
INC-000181,2024-09-23T22:04:15,vandalism,low,37.690228,-122.247702
INC-000182,2024-09-23T09:02:45,burglary,low,47.562194,-122.101819
INC-000183,2025-10-10T19:07:19,burglary,low,39.742773,-104.919306
INC-000184,2026-02-04T07:27:28,vandalism,low,33.886257,-118.267149
INC-000185,2025-07-14T14:10:06,burglary,low,37.785386,-122.295517
INC-000186,2026-01-15T02:30:37,burglary,low,40.785167,-73.842779
INC-000187,2024-10-18T22:42:15,assault,low,40.856501,-73.926075
INC-000188,2024-06-17T10:48:01,burglary,low,37.817308,-122.560806
INC-000189,2024-10-13T16:14:06,assault,low,34.103253,-118.30722
INC-000190,2024-07-06T00:31:58,fraud,high,47.645122,-122.552366
INC-000191,2026-04-29T14:52:29,fraud,low,37.901959,-122.448924
INC-000192,2026-04-04T07:22:11,robbery,medium,25.851736,-80.332887
INC-000193,2025-06-30T21:13:50,theft-from-vehicle,low,40.828262,-73.826965
INC-000194,2024-10-01T17:57:31,vehicle-theft,low,39.815821,-105.161648
INC-000195,2024-06-12T15:42:33,vandalism,low,30.312618,-97.555542
INC-000196,2025-06-21T13:41:21,burglary,low,47.58829,-122.213892
INC-000197,2024-10-13T14:03:33,assault,low,25.631472,-80.306097
INC-000198,2024-10-26T00:29:58,drug-violation,low,25.718855,-80.046723
INC-000199,2026-01-25T01:40:33,burglary,medium,37.817896,-122.620839
INC-000200,2025-03-17T01:13:01,vehicle-theft,low,37.75787,-122.224375
INC-000201,2024-05-20T00:37:32,burglary,low,37.81624,-122.637055
INC-000202,2025-07-23T19:37:31,drug-violation,low,40.687104,-74.123552
INC-000203,2024-06-25T12:59:22,theft-from-vehicle,low,37.613182,-122.485803
INC-000204,2025-03-16T23:52:44,assault,low,37.633192,-122.505442
INC-000205,2025-11-30T14:56:59,vandalism,low,25.8756,-80.196256
INC-000206,2026-03-13T10:53:45,vehicle-theft,low,25.82287,-80.191728
INC-000207,2025-06-25T08:22:17,burglary,medium,37.675441,-122.288176
INC-000208,2025-11-29T03:47:24,vandalism,medium,25.932367,-80.149826
INC-000209,2025-12-19T23:11:42,burglary,medium,37.732361,-122.255331
INC-000210,2024-10-26T07:17:06,other,low,37.80215,-122.327373
INC-000211,2025-09-04T07:43:44,vandalism,low,30.298539,-97.757948
INC-000212,2025-12-15T13:52:18,vehicle-theft,low,37.701601,-122.448942
INC-000213,2025-11-01T08:15:22,theft-from-vehicle,low,34.074718,-118.170749
INC-000214,2024-09-30T02:16:33,robbery,high,25.852851,-80.055583
INC-000215,2024-08-20T11:41:37,theft-from-vehicle,medium,39.812254,-104.955314
INC-000216,2024-08-14T11:29:06,fraud,low,33.961014,-118.365959
INC-000217,2025-08-27T16:53:49,burglary,low,41.855167,-87.858309
INC-000218,2025-06-16T01:39:50,vandalism,low,34.137189,-118.063259
INC-000219,2024-11-10T20:52:31,theft-from-vehicle,medium,39.745692,-104.909071
INC-000220,2025-06-10T04:34:51,theft-from-vehicle,low,33.931833,-118.215543
INC-000221,2025-04-02T05:25:28,fraud,low,30.244298,-97.638322
INC-000222,2025-11-28T13:35:16,fraud,high,30.274042,-97.589838
INC-000223,2024-12-15T15:26:18,assault,high,42.036741,-87.542192
INC-000224,2025-05-04T12:32:28,fraud,high,47.566081,-122.546029
INC-000225,2025-03-26T09:14:29,assault,low,47.514347,-122.481217
INC-000226,2024-10-30T06:39:43,vehicle-theft,medium,37.745591,-122.462438
INC-000227,2025-02-01T12:04:08,fraud,medium,34.051818,-118.234438
INC-000228,2024-05-18T14:13:47,burglary,low,37.625711,-122.351957
INC-000229,2025-10-02T20:21:45,vehicle-theft,medium,34.118416,-118.345672
INC-000230,2025-09-13T02:26:15,vehicle-theft,high,39.899056,-104.886382
INC-000231,2024-07-14T00:51:02,assault,high,39.74708,-104.907588
INC-000232,2024-10-26T10:56:52,assault,low,47.446789,-122.351832
INC-000233,2024-06-09T04:58:43,vehicle-theft,medium,34.138282,-118.325741
INC-000234,2024-12-13T07:58:07,drug-violation,low,37.723807,-122.272747
INC-000235,2025-09-29T11:44:53,assault,medium,47.748079,-122.469723
INC-000236,2025-02-06T18:12:59,fraud,medium,41.878134,-87.83893
INC-000237,2025-10-14T22:32:52,vandalism,low,37.700483,-122.521138
INC-000238,2025-04-17T11:17:32,theft-from-vehicle,low,37.743505,-122.378865
INC-000239,2025-07-08T00:26:03,fraud,medium,30.120605,-97.781904
INC-000240,2025-01-29T03:36:11,theft-from-vehicle,medium,37.641043,-122.389529
INC-000241,2025-12-21T15:40:17,other,low,34.218047,-118.308871
INC-000242,2024-12-04T08:39:21,burglary,low,25.797133,-80.347682
INC-000243,2025-09-23T01:05:41,vandalism,high,37.793094,-122.558101
INC-000244,2025-10-20T22:38:28,theft-from-vehicle,low,40.698464,-73.907172
INC-000245,2026-03-16T21:35:23,burglary,medium,41.803598,-87.665875
INC-000246,2026-01-31T05:43:26,robbery,low,37.607373,-122.48126
INC-000247,2024-05-02T13:58:12,theft-from-vehicle,medium,40.867649,-74.119245
INC-000248,2024-11-24T13:52:10,vandalism,high,40.766115,-74.08481
INC-000249,2025-05-12T06:26:18,vandalism,low,25.777439,-80.330543
INC-000250,2026-03-05T21:24:25,theft-from-vehicle,low,47.699895,-122.125779
INC-000251,2025-04-09T10:56:11,drug-violation,low,37.688264,-122.477495
INC-000252,2025-08-26T08:31:26,vehicle-theft,low,39.858334,-105.003451
INC-000253,2024-11-05T13:17:03,assault,low,33.903593,-118.356291
INC-000254,2025-01-07T21:28:29,vandalism,low,34.003455,-118.300061
INC-000255,2024-10-16T00:23:12,drug-violation,medium,33.899197,-118.219504
INC-000256,2024-06-05T22:16:08,theft-from-vehicle,low,37.679365,-122.237022
INC-000257,2025-12-02T04:46:29,theft-from-vehicle,high,37.619855,-122.475773
INC-000258,2025-05-19T09:41:34,assault,low,47.677452,-122.27645
INC-000259,2025-09-17T17:21:29,vehicle-theft,low,33.948039,-118.370368
INC-000260,2025-04-05T08:29:41,burglary,low,40.685795,-74.058617
INC-000261,2025-09-04T02:08:26,theft-from-vehicle,high,37.607822,-122.396335
INC-000262,2025-11-03T18:53:37,theft-from-vehicle,medium,30.416599,-97.665394
INC-000263,2025-07-16T07:23:32,theft-from-vehicle,low,30.37222,-97.846735
INC-000264,2026-01-29T17:21:00,vandalism,medium,34.064426,-118.240904
INC-000265,2024-05-05T03:02:40,fraud,low,47.520547,-122.203179
INC-000266,2025-12-26T05:27:23,fraud,low,42.032326,-87.635757
INC-000267,2025-07-07T12:41:57,theft-from-vehicle,medium,37.663231,-122.32057
INC-000268,2024-08-28T23:53:54,vehicle-theft,low,37.602187,-122.474815
INC-000269,2025-03-28T21:31:10,drug-violation,low,30.258556,-97.768946
INC-000270,2025-09-12T14:15:35,vehicle-theft,medium,39.613931,-105.016778
INC-000271,2024-11-04T07:30:58,burglary,medium,25.716335,-80.07037
INC-000272,2025-04-22T01:30:34,theft-from-vehicle,low,37.886284,-122.512878
INC-000273,2025-09-12T08:12:45,assault,medium,37.808167,-122.355972
INC-000274,2024-07-25T12:13:19,drug-violation,low,39.826426,-104.986325
INC-000275,2024-05-04T12:12:28,assault,low,41.773633,-87.545675
INC-000276,2025-07-06T11:24:13,vandalism,low,33.945213,-118.140751
INC-000277,2025-02-22T22:04:54,theft-from-vehicle,low,33.888714,-118.233706
INC-000278,2026-01-15T07:49:38,theft-from-vehicle,low,25.907353,-80.077519
INC-000279,2025-06-30T13:04:56,burglary,low,25.838268,-80.080367
INC-000280,2024-08-21T09:21:42,vehicle-theft,medium,34.167811,-118.410141
INC-000281,2025-06-15T15:05:41,fraud,medium,39.681885,-105.067195
INC-000282,2024-09-14T14:19:02,drug-violation,low,37.635416,-122.519233
INC-000283,2024-06-28T15:43:49,robbery,low,33.970979,-118.386964
INC-000284,2025-08-19T00:25:36,vandalism,low,30.42272,-97.784101
INC-000285,2025-03-20T08:20:37,other,low,25.862717,-80.037708
INC-000286,2026-02-06T23:40:53,theft-from-vehicle,high,39.708648,-105.065663
INC-000287,2024-07-24T13:43:52,vandalism,high,34.029079,-118.317573
INC-000288,2025-11-16T05:46:58,robbery,low,37.819979,-122.210921
INC-000289,2024-06-17T12:20:18,vehicle-theft,low,37.608458,-122.491342
INC-000290,2025-06-05T03:33:20,burglary,low,37.745395,-122.232977
INC-000291,2024-07-28T06:41:49,theft-from-vehicle,medium,30.240089,-97.58248
INC-000292,2024-11-02T12:09:42,vandalism,low,30.407528,-97.681417
INC-000293,2025-02-15T21:08:12,theft-from-vehicle,high,34.036426,-118.221736
INC-000294,2025-08-13T08:09:16,vandalism,low,47.693186,-122.388881
INC-000295,2025-02-15T10:06:05,theft-from-vehicle,low,39.754137,-104.824381
INC-000296,2025-07-20T23:52:41,theft-from-vehicle,low,37.68673,-122.519675
INC-000297,2025-04-09T19:57:41,drug-violation,high,47.552518,-122.166358
INC-000298,2025-05-12T14:27:41,theft-from-vehicle,low,25.882586,-80.283388
INC-000299,2025-05-08T01:27:42,burglary,low,40.722135,-73.893152
INC-000300,2026-03-17T00:41:09,burglary,low,37.657996,-122.490203
INC-000301,2025-02-09T05:05:16,theft-from-vehicle,low,37.756787,-122.638174
INC-000302,2025-04-04T22:48:16,burglary,low,47.644987,-122.176665
INC-000303,2025-02-14T06:12:36,drug-violation,medium,41.991787,-87.760032
INC-000304,2024-07-04T06:11:45,drug-violation,low,34.168196,-118.261941
INC-000305,2025-09-20T08:33:46,vehicle-theft,medium,37.798788,-122.358333
INC-000306,2025-08-06T22:50:16,theft-from-vehicle,medium,37.815453,-122.443547
INC-000307,2024-06-19T15:41:21,other,medium,34.198489,-118.290973
INC-000308,2024-11-26T22:58:25,theft-from-vehicle,low,40.702346,-74.173971
INC-000309,2025-03-23T16:55:44,burglary,medium,39.677433,-104.832833
INC-000310,2025-12-13T18:21:48,other,low,47.727183,-122.365834
INC-000311,2024-05-22T18:48:09,burglary,medium,39.738209,-104.890761
INC-000312,2024-08-15T19:43:42,theft-from-vehicle,low,25.717302,-80.142108
INC-000313,2025-04-13T04:34:57,robbery,high,41.875636,-87.399639
INC-000314,2025-09-19T02:06:59,fraud,low,34.176119,-118.128607
INC-000315,2025-08-05T13:45:00,burglary,low,34.082572,-118.307181
INC-000316,2024-11-08T08:01:08,robbery,medium,30.174054,-97.885011
INC-000317,2025-02-14T04:44:21,drug-violation,low,40.667949,-74.14836
INC-000318,2025-12-01T01:06:16,drug-violation,low,47.634667,-122.548419
INC-000319,2025-08-07T01:38:11,burglary,medium,34.148478,-118.370746
INC-000320,2026-01-05T03:21:49,other,low,40.688534,-74.056946
INC-000321,2025-11-27T01:52:24,burglary,high,37.923811,-122.476163
INC-000322,2024-09-25T12:06:49,drug-violation,medium,30.314682,-97.862256
INC-000323,2025-09-11T11:12:05,robbery,medium,47.715819,-122.328487
INC-000324,2025-12-16T19:00:31,vandalism,low,37.743214,-122.197571
INC-000325,2025-03-30T18:42:41,robbery,high,47.718383,-122.233949
INC-000326,2024-06-05T05:07:12,other,medium,40.637542,-74.095668
INC-000327,2025-06-12T05:42:15,theft-from-vehicle,medium,40.547696,-74.096031
INC-000328,2025-03-21T18:26:55,fraud,medium,33.960542,-118.385061
INC-000329,2024-10-01T23:46:30,theft-from-vehicle,low,40.62378,-73.931056
INC-000330,2025-04-29T20:55:04,theft-from-vehicle,low,40.728641,-74.015755
INC-000331,2024-08-06T00:31:19,vandalism,medium,40.619855,-74.107563
INC-000332,2025-03-04T10:32:09,theft-from-vehicle,low,30.244926,-97.923616
INC-000333,2024-06-25T08:42:28,drug-violation,low,25.730762,-80.112814
INC-000334,2025-10-03T01:29:08,burglary,low,39.749735,-105.217941
INC-000335,2025-03-26T22:23:33,vandalism,low,33.972561,-118.315517
INC-000336,2024-05-05T05:26:07,other,low,39.596681,-104.96646
INC-000337,2025-07-15T13:32:49,drug-violation,low,34.04069,-118.296776
INC-000338,2025-01-22T04:30:57,vandalism,medium,40.622978,-73.917197
INC-000339,2025-03-02T08:31:18,theft-from-vehicle,medium,34.163806,-118.226216
INC-000340,2026-02-21T14:38:48,theft-from-vehicle,low,40.554925,-73.983331
INC-000341,2026-02-06T21:03:40,robbery,low,47.578114,-122.345038
INC-000342,2025-08-24T15:00:11,theft-from-vehicle,low,40.837979,-73.911582
INC-000343,2025-07-20T18:10:41,other,medium,39.664273,-104.987428
INC-000344,2024-12-26T11:21:41,other,low,25.807321,-80.203914
INC-000345,2026-01-26T12:21:58,drug-violation,low,47.574699,-122.278641
INC-000346,2024-06-02T01:53:58,robbery,low,34.087224,-118.287732
INC-000347,2025-03-03T02:06:25,burglary,medium,40.735169,-74.178285
INC-000348,2024-10-19T12:31:48,other,low,37.791956,-122.566949
INC-000349,2026-03-06T14:57:17,theft-from-vehicle,low,40.857929,-74.142726
INC-000350,2025-11-20T22:40:45,other,low,30.142903,-97.673763
INC-000351,2024-09-08T07:16:08,assault,medium,34.094883,-118.229998
INC-000352,2025-01-11T02:55:35,theft-from-vehicle,medium,40.763961,-73.829489
INC-000353,2026-03-26T01:02:24,vandalism,low,47.478215,-122.491141
INC-000354,2026-01-26T22:33:53,other,medium,30.313255,-97.716207
INC-000355,2026-04-19T21:06:38,vehicle-theft,low,39.766276,-105.207955
INC-000356,2025-09-07T22:58:57,burglary,low,39.871382,-105.039456
INC-000357,2025-04-16T18:30:44,vandalism,low,34.146394,-118.391738
INC-000358,2025-12-24T09:21:03,drug-violation,low,33.934105,-118.398691
INC-000359,2025-11-09T05:41:50,burglary,low,47.502783,-122.289182
INC-000360,2025-02-13T23:24:38,fraud,medium,30.32806,-97.642502
INC-000361,2025-12-16T14:35:30,burglary,low,47.586631,-122.553671
INC-000362,2026-03-09T14:13:25,theft-from-vehicle,low,30.193662,-97.812698
INC-000363,2025-10-24T17:18:59,other,medium,41.983578,-87.546296
INC-000364,2026-01-29T18:08:53,vandalism,low,34.171362,-118.108297
INC-000365,2024-06-02T10:09:10,fraud,medium,37.745064,-122.364716
INC-000366,2025-08-15T18:18:15,vandalism,medium,47.447734,-122.354126
INC-000367,2025-07-20T13:56:45,other,medium,41.788765,-87.432367
INC-000368,2024-05-09T16:55:16,vandalism,high,41.824931,-87.65235
INC-000369,2026-04-01T23:15:55,theft-from-vehicle,medium,41.761014,-87.500094
INC-000370,2025-10-11T21:29:25,drug-violation,low,33.947827,-118.267626
INC-000371,2025-04-27T14:05:00,vandalism,medium,25.774054,-80.014178
INC-000372,2024-07-09T19:36:06,burglary,low,39.736619,-105.103278
INC-000373,2025-12-19T20:40:54,drug-violation,low,39.82931,-104.804194
INC-000374,2025-01-23T20:19:36,burglary,high,41.956195,-87.750335
INC-000375,2025-09-01T11:53:19,robbery,medium,39.689845,-104.79733
INC-000376,2024-08-29T01:33:38,burglary,high,34.057185,-118.114051
INC-000377,2024-12-01T05:51:08,vandalism,low,25.751049,-80.18344
INC-000378,2025-11-27T12:57:19,robbery,medium,25.687401,-80.266664
INC-000379,2024-11-07T02:41:38,other,low,39.849834,-105.14535
INC-000380,2024-06-28T10:07:38,vehicle-theft,low,39.613875,-104.924407
INC-000381,2025-09-24T04:53:12,vehicle-theft,low,34.133782,-118.414501
INC-000382,2025-03-13T14:51:37,vandalism,low,39.81522,-104.969751
INC-000383,2025-08-29T08:34:33,vandalism,medium,25.739126,-80.07029
INC-000384,2026-02-05T04:40:14,vehicle-theft,medium,30.443592,-97.705056
INC-000385,2025-09-12T17:26:45,fraud,low,30.333858,-97.776439
INC-000386,2025-08-01T13:20:39,burglary,low,25.835992,-80.366887
INC-000387,2024-08-18T16:45:41,theft-from-vehicle,low,39.748464,-105.143488
INC-000388,2025-07-14T21:19:11,burglary,medium,34.028034,-118.196633
INC-000389,2025-12-09T20:57:31,assault,low,39.746295,-104.949995
INC-000390,2026-03-15T19:28:43,robbery,medium,34.196175,-118.343343
INC-000391,2024-11-29T06:43:05,burglary,low,34.011746,-118.455009
INC-000392,2025-09-27T11:29:05,burglary,high,25.61805,-80.183458
INC-000393,2026-04-12T18:55:55,vehicle-theft,low,37.663497,-122.380763
INC-000394,2026-02-04T19:50:28,vandalism,low,37.889063,-122.427648
INC-000395,2024-05-15T09:28:58,theft-from-vehicle,low,37.720374,-122.40457
INC-000396,2025-10-19T07:18:05,assault,low,40.56524,-74.08637
INC-000397,2024-06-24T04:09:38,vehicle-theft,low,47.62775,-122.375823
INC-000398,2026-04-17T13:33:51,vandalism,low,40.81385,-74.16052
INC-000399,2025-09-11T18:55:42,other,medium,41.733766,-87.52893
INC-000400,2026-01-30T16:28:09,theft-from-vehicle,medium,34.086715,-118.105992
INC-000401,2025-05-14T12:53:17,vandalism,medium,47.618992,-122.325993
INC-000402,2025-09-25T21:49:17,other,medium,33.95156,-118.395334
INC-000403,2025-01-14T03:46:54,burglary,low,40.826481,-73.942411
INC-000404,2024-08-20T01:22:26,vandalism,low,39.578991,-104.920557
INC-000405,2025-08-29T18:00:11,theft-from-vehicle,medium,40.745081,-74.179946
INC-000406,2025-11-10T23:56:23,robbery,low,25.798795,-80.145715
INC-000407,2025-11-14T14:16:34,vandalism,high,41.812037,-87.846356
INC-000408,2025-11-21T11:46:02,theft-from-vehicle,low,41.972982,-87.644611
INC-000409,2024-10-02T07:29:13,burglary,medium,39.600851,-104.913513
INC-000410,2025-02-07T14:23:55,burglary,low,34.131203,-118.293056
INC-000411,2026-03-29T09:08:38,assault,low,30.34833,-97.579814
INC-000412,2024-06-24T05:09:50,fraud,low,37.812648,-122.451792
INC-000413,2024-07-20T23:32:26,drug-violation,medium,33.994438,-118.244699
INC-000414,2025-04-10T07:05:20,burglary,low,34.213753,-118.184588
INC-000415,2025-04-15T21:11:08,burglary,medium,33.944934,-118.206594
INC-000416,2026-04-27T15:05:27,burglary,low,41.965339,-87.449597
INC-000417,2024-12-08T11:35:32,burglary,medium,34.108974,-118.184082
INC-000418,2025-06-21T08:44:55,other,medium,37.789865,-122.351537
INC-000419,2026-01-20T10:25:24,assault,low,25.684187,-80.205534
INC-000420,2025-07-15T17:57:17,vandalism,low,39.810077,-105.180128
INC-000421,2025-05-21T20:09:22,robbery,medium,37.734863,-122.583421
INC-000422,2026-04-14T14:41:24,assault,low,37.935453,-122.36491
INC-000423,2025-01-01T04:38:10,vandalism,low,25.883536,-80.115219
INC-000424,2024-09-12T11:43:22,vandalism,medium,40.653478,-73.861452
INC-000425,2024-09-20T22:42:25,theft-from-vehicle,medium,40.627522,-73.907619
INC-000426,2025-05-17T00:38:35,fraud,low,30.313017,-97.554396
INC-000427,2025-06-23T12:39:55,fraud,high,33.889042,-118.239624
INC-000428,2025-10-29T22:04:31,theft-from-vehicle,medium,40.700685,-74.031316
INC-000429,2025-02-07T18:16:02,burglary,medium,37.888229,-122.314685
INC-000430,2026-01-05T17:42:36,burglary,medium,40.555132,-74.038268
INC-000431,2024-05-04T04:44:14,burglary,low,25.696382,-80.013713
INC-000432,2025-03-19T15:55:54,robbery,low,47.70184,-122.440864
INC-000433,2025-04-14T08:40:19,drug-violation,low,33.902441,-118.151932
INC-000434,2025-09-29T04:21:28,burglary,high,33.933138,-118.135819
INC-000435,2025-04-05T12:22:22,theft-from-vehicle,low,47.548123,-122.195657
INC-000436,2025-05-07T09:24:48,theft-from-vehicle,low,30.219871,-97.690071
INC-000437,2025-03-24T19:31:06,vandalism,low,33.922401,-118.310357
INC-000438,2025-01-07T13:37:14,burglary,low,30.231597,-97.912293
INC-000439,2025-10-24T13:20:32,burglary,low,41.892908,-87.842688
INC-000440,2024-07-31T21:35:36,theft-from-vehicle,medium,34.002931,-118.09432
INC-000441,2025-04-23T07:46:16,fraud,low,40.828706,-74.127206
INC-000442,2025-04-03T03:30:31,robbery,low,37.724744,-122.32895
INC-000443,2024-10-18T19:38:31,theft-from-vehicle,low,40.723754,-74.096462
INC-000444,2025-09-29T23:30:30,theft-from-vehicle,medium,37.843426,-122.315605
INC-000445,2025-11-10T08:29:37,robbery,low,34.13089,-118.204587
INC-000446,2024-12-19T16:20:44,burglary,medium,39.570424,-105.004721
INC-000447,2025-06-04T07:57:58,theft-from-vehicle,low,34.170757,-118.300518
INC-000448,2025-07-29T09:43:18,burglary,low,47.537012,-122.460715
INC-000449,2024-11-14T09:45:36,vandalism,low,47.719118,-122.377469
INC-000450,2024-08-24T09:21:19,theft-from-vehicle,low,41.798289,-87.46615
INC-000451,2024-06-20T11:40:14,assault,low,37.842299,-122.508378
INC-000452,2025-11-21T20:57:35,fraud,medium,37.598236,-122.441465
INC-000453,2024-09-19T10:57:07,vandalism,low,39.835101,-104.886755
INC-000454,2025-11-15T14:17:32,assault,low,47.555316,-122.208117
INC-000455,2024-10-06T23:38:05,burglary,medium,34.043282,-118.044133
INC-000456,2025-11-06T23:33:07,vandalism,medium,40.774627,-73.976054
INC-000457,2024-09-20T07:15:43,vandalism,high,33.920524,-118.131976
INC-000458,2026-04-21T11:26:23,robbery,low,34.199545,-118.355888
INC-000459,2026-01-29T04:18:53,drug-violation,medium,25.749047,-80.309507
INC-000460,2024-11-08T09:20:09,vehicle-theft,low,41.881645,-87.81095
INC-000461,2025-04-04T02:48:11,drug-violation,medium,40.634172,-74.163979
INC-000462,2024-05-19T01:29:18,burglary,low,47.43893,-122.408414
INC-000463,2024-06-06T19:30:15,vandalism,medium,33.999638,-118.353987
INC-000464,2024-05-23T10:21:19,burglary,low,40.767049,-74.024737
INC-000465,2025-01-25T08:43:05,assault,medium,40.598903,-73.959453
INC-000466,2025-04-30T09:47:29,vehicle-theft,medium,33.958959,-118.133268
INC-000467,2025-02-15T18:18:37,other,medium,33.957128,-118.411736
INC-000468,2026-04-14T01:56:28,theft-from-vehicle,low,34.141829,-118.41377
INC-000469,2025-02-22T20:49:51,burglary,low,47.436954,-122.39631
INC-000470,2025-12-07T07:08:04,other,medium,37.624861,-122.454699
INC-000471,2026-01-16T12:19:10,vandalism,medium,33.96294,-118.075234
INC-000472,2025-02-28T05:30:07,vandalism,low,37.732774,-122.261899
INC-000473,2026-02-28T14:50:09,vehicle-theft,medium,33.966327,-118.334002
INC-000474,2024-12-07T00:31:37,other,low,37.778468,-122.288692
INC-000475,2025-02-24T16:41:54,fraud,low,37.843372,-122.603119
INC-000476,2025-10-15T23:03:01,theft-from-vehicle,low,41.786066,-87.587832
INC-000477,2026-03-28T19:05:57,assault,low,37.766241,-122.348193
INC-000478,2025-10-13T17:57:41,theft-from-vehicle,low,39.623171,-104.938887
INC-000479,2025-04-11T23:32:44,vandalism,low,25.847914,-80.157019
INC-000480,2025-10-04T20:34:24,vehicle-theft,low,25.780644,-80.215689
INC-000481,2025-01-07T02:41:33,fraud,low,30.144225,-97.824566
INC-000482,2024-12-05T22:16:13,vandalism,low,25.865667,-80.078653
INC-000483,2024-07-28T03:43:41,burglary,medium,37.850974,-122.237739
INC-000484,2025-07-06T13:42:02,burglary,low,37.605149,-122.44082
INC-000485,2025-03-28T19:16:16,theft-from-vehicle,low,40.737181,-73.908407
INC-000486,2025-07-12T14:48:27,fraud,low,40.809615,-74.157349
INC-000487,2025-08-28T08:04:40,vehicle-theft,low,30.355994,-97.5811
INC-000488,2024-12-11T16:39:49,other,low,34.133793,-118.075976
INC-000489,2024-12-06T04:32:22,other,low,47.617588,-122.43524
INC-000490,2025-09-27T14:09:52,vandalism,low,47.592847,-122.152283
INC-000491,2024-11-05T14:05:22,other,medium,39.695594,-105.198192
INC-000492,2024-07-21T21:45:13,assault,low,40.863822,-74.097211
INC-000493,2024-05-10T20:45:27,robbery,low,34.212676,-118.206832
INC-000494,2024-06-15T13:08:13,fraud,low,37.702696,-122.247659
INC-000495,2024-11-22T16:54:15,theft-from-vehicle,medium,40.853489,-73.945889
INC-000496,2024-07-13T20:04:22,theft-from-vehicle,medium,25.61117,-80.189411
INC-000497,2025-11-01T02:46:48,theft-from-vehicle,medium,34.027602,-118.268675
INC-000498,2026-04-27T04:37:16,burglary,medium,25.595162,-80.158568
INC-000499,2024-06-26T02:02:36,burglary,low,39.776951,-104.955207
INC-000500,2024-11-20T20:00:33,burglary,medium,30.226066,-97.611251
INC-000501,2024-07-05T20:00:48,other,low,47.595701,-122.490019
INC-000502,2024-12-22T22:02:14,vandalism,medium,30.252608,-97.755316
INC-000503,2025-09-14T01:30:36,burglary,medium,40.780289,-74.070647
INC-000504,2025-08-08T04:35:08,vandalism,medium,34.204165,-118.142756
INC-000505,2025-04-10T17:32:39,theft-from-vehicle,high,34.071172,-118.119307
INC-000506,2025-01-22T04:38:21,other,medium,33.915264,-118.276036
INC-000507,2025-03-04T07:30:00,burglary,low,41.845428,-87.70564
INC-000508,2026-03-02T22:56:08,vandalism,low,39.819023,-104.80158
INC-000509,2024-05-12T13:24:10,theft-from-vehicle,medium,34.083419,-118.308364
INC-000510,2025-04-01T19:10:18,vandalism,high,41.790859,-87.771619
INC-000511,2024-08-10T15:00:11,drug-violation,medium,34.028503,-118.355529
INC-000512,2024-05-31T10:02:15,vandalism,low,30.287152,-97.787271
INC-000513,2024-08-29T01:53:21,assault,high,33.985335,-118.142956
INC-000514,2025-01-30T05:08:41,burglary,medium,33.925373,-118.262351
INC-000515,2024-08-29T10:12:35,assault,medium,25.62721,-80.272349
INC-000516,2025-10-20T11:17:31,vandalism,low,37.701689,-122.349626
INC-000517,2024-11-27T15:43:44,theft-from-vehicle,low,25.671726,-80.169859
INC-000518,2024-10-20T19:51:16,vandalism,high,37.913607,-122.460471
INC-000519,2024-11-12T05:57:26,theft-from-vehicle,low,47.549879,-122.336664
INC-000520,2026-02-05T00:50:26,other,low,30.329742,-97.651008
INC-000521,2025-06-24T05:25:55,assault,low,37.899344,-122.443645
INC-000522,2025-10-17T17:32:09,vehicle-theft,low,40.836112,-73.997098
INC-000523,2025-04-25T07:09:46,vandalism,low,40.772722,-73.93689
INC-000524,2025-02-20T22:03:01,theft-from-vehicle,low,33.903931,-118.120757
INC-000525,2026-03-19T15:12:53,burglary,low,47.702677,-122.151064
INC-000526,2024-09-22T17:33:50,burglary,low,34.165137,-118.288522
INC-000527,2024-07-07T11:53:05,fraud,low,33.941476,-118.279295
INC-000528,2025-05-11T17:43:19,drug-violation,medium,30.208528,-97.794852
INC-000529,2025-12-18T11:54:09,fraud,low,30.28309,-97.550275
INC-000530,2025-01-10T13:54:21,burglary,medium,47.428706,-122.310955
INC-000531,2026-03-20T03:16:02,theft-from-vehicle,low,47.581271,-122.297138
INC-000532,2024-08-07T11:37:54,burglary,medium,25.714537,-80.075594
INC-000533,2024-12-10T12:38:05,vandalism,low,47.715731,-122.257037
INC-000534,2026-03-17T02:15:52,other,low,37.73092,-122.542085
INC-000535,2025-03-10T02:39:21,theft-from-vehicle,medium,30.139116,-97.782647
INC-000536,2025-02-04T19:58:19,robbery,low,30.248402,-97.868303
INC-000537,2025-04-07T13:33:32,theft-from-vehicle,medium,37.826663,-122.320177
INC-000538,2025-04-24T08:24:23,theft-from-vehicle,medium,25.593224,-80.180612
INC-000539,2026-01-07T06:35:19,theft-from-vehicle,low,37.809378,-122.414089
INC-000540,2025-09-03T20:37:11,theft-from-vehicle,medium,25.697861,-80.157745
INC-000541,2026-01-08T02:56:40,drug-violation,medium,34.08873,-118.237419
INC-000542,2025-12-13T21:20:15,burglary,low,37.661956,-122.589565
INC-000543,2025-07-04T15:29:39,theft-from-vehicle,low,25.877893,-80.067171
INC-000544,2024-06-01T13:56:01,assault,low,34.064295,-118.372292
INC-000545,2025-12-24T10:58:51,vandalism,medium,37.81347,-122.341544
INC-000546,2025-10-11T13:04:46,theft-from-vehicle,medium,41.901092,-87.759798
INC-000547,2026-02-21T13:04:14,drug-violation,low,37.762999,-122.428526
INC-000548,2024-06-06T13:08:11,vandalism,low,30.39682,-97.887952
INC-000549,2025-08-04T15:12:11,assault,low,34.065506,-118.235994
INC-000550,2024-06-28T07:14:17,theft-from-vehicle,low,42.027936,-87.551092
INC-000551,2024-10-18T05:53:09,drug-violation,low,37.783713,-122.64126
INC-000552,2024-10-09T15:34:57,theft-from-vehicle,high,30.155752,-97.820259
INC-000553,2025-12-20T22:09:21,theft-from-vehicle,medium,30.432667,-97.712359
INC-000554,2024-08-09T18:29:43,fraud,low,47.657481,-122.148302
INC-000555,2025-05-02T02:27:00,vandalism,low,25.717016,-80.241211
INC-000556,2025-02-06T21:05:09,assault,low,40.785493,-73.799225
INC-000557,2025-07-25T08:50:22,vandalism,low,33.977664,-118.141819
INC-000558,2026-03-20T01:45:26,fraud,low,37.732587,-122.500963
INC-000559,2025-03-31T13:34:51,theft-from-vehicle,medium,25.677692,-80.319142
INC-000560,2025-09-07T09:01:20,robbery,low,30.23867,-97.592501
INC-000561,2025-07-17T02:19:19,theft-from-vehicle,medium,41.851693,-87.444917
INC-000562,2025-12-20T21:28:58,theft-from-vehicle,high,40.736312,-74.219703
INC-000563,2026-01-24T18:40:53,theft-from-vehicle,low,37.850615,-122.548536
INC-000564,2025-07-27T07:20:01,theft-from-vehicle,low,34.024081,-118.399439
INC-000565,2024-07-23T16:40:02,robbery,medium,30.274879,-97.821652
INC-000566,2024-07-09T23:45:41,theft-from-vehicle,medium,40.617769,-73.893658
INC-000567,2025-10-09T17:22:08,other,low,25.863268,-80.306225
INC-000568,2024-08-01T23:27:46,burglary,medium,47.641774,-122.195063
INC-000569,2025-07-28T22:20:12,burglary,low,47.755326,-122.295093
INC-000570,2025-09-16T10:14:54,other,low,30.16332,-97.793282
INC-000571,2025-04-23T02:13:59,burglary,medium,47.531597,-122.513798
INC-000572,2025-08-18T18:57:57,theft-from-vehicle,high,37.65716,-122.30163
INC-000573,2026-04-17T22:16:26,theft-from-vehicle,low,47.574346,-122.082822
INC-000574,2025-06-02T07:42:48,theft-from-vehicle,low,30.33428,-97.709849
INC-000575,2025-06-24T05:55:43,robbery,low,39.614162,-104.842341
INC-000576,2025-10-25T20:17:58,burglary,medium,34.052665,-118.03894
INC-000577,2024-12-19T09:47:25,fraud,low,34.125452,-118.071166
INC-000578,2024-11-06T01:21:14,vandalism,medium,37.749472,-122.594281
INC-000579,2024-06-16T05:35:27,other,medium,37.936382,-122.468062
INC-000580,2025-05-23T10:33:20,burglary,low,40.652887,-73.89779
INC-000581,2025-03-20T18:11:40,vehicle-theft,low,40.731105,-73.983463
INC-000582,2025-01-03T16:59:18,robbery,low,41.856546,-87.553509
INC-000583,2024-05-27T00:17:20,theft-from-vehicle,medium,41.833071,-87.860039
INC-000584,2025-06-13T00:46:35,theft-from-vehicle,medium,34.091295,-118.168171
INC-000585,2025-02-07T13:03:09,theft-from-vehicle,low,37.831656,-122.319072
INC-000586,2025-04-22T02:25:01,vandalism,low,47.591336,-122.470901
INC-000587,2025-09-29T03:20:23,burglary,low,37.871537,-122.61068
INC-000588,2025-01-16T16:38:44,burglary,low,33.968802,-118.120365
INC-000589,2024-08-12T02:48:38,theft-from-vehicle,low,37.67181,-122.524239
INC-000590,2025-02-28T03:56:12,theft-from-vehicle,low,40.601579,-74.10389
INC-000591,2025-08-25T18:01:51,burglary,low,37.915206,-122.327721
INC-000592,2025-01-30T10:34:28,assault,low,30.135192,-97.878448
INC-000593,2025-02-03T02:05:28,assault,low,41.922121,-87.671174
INC-000594,2025-05-01T07:30:47,theft-from-vehicle,low,40.892076,-74.009461
INC-000595,2025-12-11T16:17:26,vehicle-theft,medium,25.811577,-80.371112
INC-000596,2025-03-07T13:20:38,theft-from-vehicle,medium,40.720155,-73.991588
INC-000597,2025-05-28T20:40:33,theft-from-vehicle,low,40.655404,-73.824497
INC-000598,2024-10-13T14:04:14,theft-from-vehicle,low,25.772413,-80.154444
INC-000599,2025-05-29T03:18:19,vandalism,low,33.895651,-118.310762
INC-000600,2025-05-25T06:06:03,drug-violation,high,40.875192,-73.988727
INC-000601,2025-08-24T16:57:09,assault,low,37.789601,-122.465198
INC-000602,2025-06-19T12:08:22,burglary,low,39.840909,-105.063477
INC-000603,2025-04-09T09:49:19,assault,low,47.609898,-122.230273
INC-000604,2025-06-13T22:50:49,vehicle-theft,low,39.767621,-105.014184
INC-000605,2025-12-29T10:44:20,burglary,low,37.78632,-122.457579
INC-000606,2025-05-18T19:43:27,assault,medium,34.08258,-118.294349
INC-000607,2025-03-30T01:13:56,robbery,medium,37.843297,-122.437338
INC-000608,2025-06-29T10:35:22,theft-from-vehicle,high,25.89232,-80.258077
INC-000609,2024-11-03T09:37:56,burglary,low,25.761606,-80.084985
INC-000610,2024-07-24T22:43:53,vehicle-theft,high,33.940513,-118.319551
INC-000611,2025-10-01T20:14:36,robbery,high,37.625251,-122.50312
INC-000612,2025-05-08T20:29:18,burglary,high,34.209346,-118.309834
INC-000613,2025-11-27T11:13:04,vandalism,low,30.256306,-97.582589
INC-000614,2024-06-04T06:19:57,vehicle-theft,low,47.619358,-122.097369
INC-000615,2025-03-19T19:44:29,vandalism,high,34.021418,-118.409106
INC-000616,2025-04-21T02:21:35,burglary,low,40.812401,-73.913131
INC-000617,2026-04-16T13:06:37,burglary,high,37.793067,-122.331714
INC-000618,2024-08-13T06:38:07,vandalism,medium,37.820246,-122.592801
INC-000619,2024-09-11T17:14:28,assault,medium,25.788845,-80.218566
INC-000620,2026-03-10T16:36:10,other,medium,37.890021,-122.332329
INC-000621,2024-05-31T02:09:23,drug-violation,low,47.543698,-122.086325
INC-000622,2025-03-21T22:04:57,other,medium,41.994699,-87.771919
INC-000623,2025-02-06T08:14:27,vehicle-theft,low,37.713612,-122.496624
INC-000624,2024-07-17T23:54:00,other,medium,40.758677,-73.793951
INC-000625,2026-03-05T03:20:35,assault,medium,37.853478,-122.338799
INC-000626,2024-11-18T19:11:52,robbery,low,40.643749,-74.00165
INC-000627,2026-03-16T02:32:10,vandalism,medium,37.81445,-122.345989
INC-000628,2026-01-02T17:32:53,theft-from-vehicle,low,40.758046,-74.098889
INC-000629,2024-12-18T09:56:54,other,medium,40.691992,-74.027312
INC-000630,2025-01-19T00:08:53,vandalism,medium,37.739052,-122.346039
INC-000631,2024-12-10T17:45:40,other,medium,39.742966,-105.082275
INC-000632,2024-09-25T18:37:29,drug-violation,high,40.539335,-73.941811
INC-000633,2025-03-31T22:23:22,drug-violation,low,30.218619,-97.758355
INC-000634,2025-09-25T18:44:59,theft-from-vehicle,medium,40.575117,-73.99863
INC-000635,2024-10-27T23:01:43,assault,low,33.93999,-118.189718
INC-000636,2024-06-05T08:12:05,vandalism,medium,33.937095,-118.166337
INC-000637,2024-11-12T14:34:05,burglary,low,47.558659,-122.29953
INC-000638,2025-10-22T17:08:00,theft-from-vehicle,low,33.979739,-118.352337
INC-000639,2024-10-26T05:09:19,drug-violation,low,41.87921,-87.7754
INC-000640,2024-09-26T00:13:17,burglary,medium,40.640004,-73.818871
INC-000641,2025-12-01T03:44:49,theft-from-vehicle,medium,47.434316,-122.274234
INC-000642,2024-12-23T14:46:00,burglary,low,25.910836,-80.226515
INC-000643,2025-12-22T21:57:13,vehicle-theft,low,41.993529,-87.54773
INC-000644,2026-02-17T16:58:29,vandalism,medium,41.967304,-87.798384
INC-000645,2025-05-14T11:51:41,other,low,25.675362,-80.323997
INC-000646,2026-01-02T14:18:12,vehicle-theft,low,30.216158,-97.631912
INC-000647,2024-10-19T23:05:35,vehicle-theft,high,34.075679,-118.270102
INC-000648,2025-04-06T18:05:08,theft-from-vehicle,low,34.034314,-118.033365
INC-000649,2024-07-12T13:40:47,theft-from-vehicle,low,39.825624,-105.158401
INC-000650,2026-04-15T19:26:33,theft-from-vehicle,low,37.651291,-122.440693
INC-000651,2025-10-30T09:14:43,vandalism,low,25.873187,-80.263795
INC-000652,2025-04-20T09:51:10,other,high,40.616302,-74.102391
INC-000653,2025-12-21T21:43:50,burglary,medium,30.206494,-97.798959
INC-000654,2026-04-13T13:15:34,vehicle-theft,high,33.899494,-118.129581
INC-000655,2024-09-02T00:37:36,burglary,low,37.874847,-122.558191
INC-000656,2025-01-17T23:37:33,burglary,medium,37.684691,-122.548822
INC-000657,2025-07-17T02:13:38,robbery,low,47.630023,-122.416394
INC-000658,2025-10-24T15:55:20,vandalism,medium,40.795354,-74.121406
INC-000659,2026-03-03T10:22:51,assault,low,37.888278,-122.310672
INC-000660,2025-08-07T15:51:40,other,medium,41.856433,-87.804822
INC-000661,2025-08-27T06:48:54,burglary,low,34.219327,-118.182723
INC-000662,2024-10-25T23:57:56,vandalism,low,39.724279,-105.2098
INC-000663,2025-04-14T15:29:56,burglary,medium,37.787358,-122.623322
INC-000664,2025-07-18T14:08:02,vandalism,low,37.647343,-122.308007
INC-000665,2025-02-27T10:29:22,burglary,medium,25.700826,-80.257127
INC-000666,2025-01-31T07:07:16,theft-from-vehicle,low,47.632063,-122.307436
INC-000667,2025-06-21T18:50:03,assault,medium,47.485758,-122.376312
INC-000668,2025-06-04T19:43:37,other,medium,47.623608,-122.142323
INC-000669,2024-07-12T04:37:49,fraud,medium,40.673922,-73.860674
INC-000670,2025-03-01T10:59:05,theft-from-vehicle,low,34.02012,-118.435163
INC-000671,2026-04-12T04:57:32,theft-from-vehicle,low,33.947438,-118.072002
INC-000672,2024-11-25T15:01:37,burglary,medium,40.766072,-73.882337
INC-000673,2024-05-17T17:09:44,assault,medium,42.014002,-87.563116
INC-000674,2026-03-29T20:58:59,burglary,low,40.84787,-73.980691
INC-000675,2025-04-24T17:41:27,vehicle-theft,low,33.997061,-118.267328
INC-000676,2025-05-01T10:01:03,theft-from-vehicle,high,41.778595,-87.677261
INC-000677,2025-05-30T16:52:21,vandalism,medium,37.712767,-122.233333
INC-000678,2026-03-09T11:18:00,vehicle-theft,medium,25.819415,-80.247684
INC-000679,2024-10-03T15:41:28,burglary,low,40.580463,-74.138816
INC-000680,2024-08-29T21:07:27,other,medium,47.511034,-122.241543
INC-000681,2025-07-09T19:46:13,drug-violation,medium,40.720134,-73.860744
INC-000682,2026-01-13T09:59:59,theft-from-vehicle,low,40.613133,-74.022096
INC-000683,2025-12-17T17:39:28,theft-from-vehicle,low,41.855296,-87.780508
INC-000684,2025-01-03T06:47:25,vandalism,low,39.638917,-105.145563
INC-000685,2025-01-13T02:31:42,theft-from-vehicle,low,47.685441,-122.35234
INC-000686,2026-02-21T04:58:39,vandalism,medium,39.794654,-105.189383
INC-000687,2024-08-19T17:22:40,theft-from-vehicle,low,34.070481,-118.319966
INC-000688,2025-10-19T16:34:12,burglary,medium,25.675569,-80.260247
INC-000689,2024-10-03T03:25:12,drug-violation,medium,39.64395,-104.800826
INC-000690,2025-02-14T23:40:48,fraud,medium,39.683275,-104.842135
INC-000691,2025-10-21T00:18:54,theft-from-vehicle,low,34.040671,-118.082429
INC-000692,2025-02-11T16:18:01,theft-from-vehicle,medium,33.988045,-118.188702
INC-000693,2025-07-20T14:56:24,vehicle-theft,low,34.134534,-118.087142
INC-000694,2025-03-27T02:26:19,robbery,low,34.119815,-118.344777
INC-000695,2025-07-18T21:58:57,theft-from-vehicle,low,39.698768,-104.782262
INC-000696,2025-09-17T16:23:53,assault,low,47.770955,-122.340993
INC-000697,2025-08-23T10:24:33,other,medium,41.864346,-87.423753
INC-000698,2025-02-16T23:10:48,vandalism,medium,40.630764,-73.940184
INC-000699,2025-12-18T11:22:03,theft-from-vehicle,low,37.84248,-122.578963
INC-000700,2024-11-10T16:10:52,other,low,33.992543,-118.38259
INC-000701,2025-02-02T07:04:23,drug-violation,medium,37.702223,-122.433164
INC-000702,2024-09-27T07:06:27,theft-from-vehicle,high,33.885322,-118.313251
INC-000703,2025-01-30T20:04:20,vehicle-theft,medium,37.757392,-122.597312
INC-000704,2025-02-06T09:22:25,drug-violation,low,25.786652,-80.275849
INC-000705,2024-11-03T15:40:24,other,medium,39.657709,-104.901723
INC-000706,2026-04-15T21:55:22,vehicle-theft,low,25.891211,-80.250862
INC-000707,2025-05-03T05:14:06,assault,high,47.643543,-122.468068
INC-000708,2025-03-08T16:12:46,other,medium,40.765197,-73.861597
INC-000709,2024-08-10T21:41:49,theft-from-vehicle,low,40.790286,-73.950705
INC-000710,2025-11-20T06:28:41,fraud,medium,37.779476,-122.546533
INC-000711,2026-03-22T13:51:27,fraud,medium,25.586507,-80.225277
INC-000712,2024-05-11T18:06:26,other,low,39.875023,-104.942168
INC-000713,2025-08-17T08:45:07,robbery,high,40.762002,-73.828558
INC-000714,2026-01-06T08:26:48,vehicle-theft,medium,40.609676,-74.12559
INC-000715,2025-01-07T16:45:20,other,low,30.370646,-97.907808
INC-000716,2026-03-20T20:34:15,burglary,high,47.656893,-122.463772
INC-000717,2026-03-28T15:03:47,robbery,medium,37.772381,-122.560152
INC-000718,2026-04-12T06:13:37,burglary,low,40.650836,-74.115808
INC-000719,2025-04-12T00:42:25,other,medium,40.858695,-73.973246
INC-000720,2024-09-09T08:31:26,burglary,medium,30.417834,-97.764625
INC-000721,2024-08-27T17:29:24,theft-from-vehicle,low,40.606126,-74.049395
INC-000722,2024-09-29T06:06:30,vandalism,high,34.080422,-118.275748
INC-000723,2025-11-25T05:00:47,vandalism,low,40.618367,-73.965088
INC-000724,2025-10-27T10:45:29,vandalism,medium,39.823324,-104.951137
INC-000725,2024-06-13T02:00:27,vehicle-theft,low,34.065887,-118.129786
INC-000726,2025-01-11T12:10:09,burglary,low,34.145196,-118.205794
INC-000727,2026-04-22T22:15:09,assault,high,37.840405,-122.538703
INC-000728,2024-10-29T15:47:45,theft-from-vehicle,medium,25.720767,-80.246361
INC-000729,2025-05-31T18:09:40,theft-from-vehicle,medium,33.95085,-118.310552
INC-000730,2026-01-25T18:21:41,burglary,medium,40.715727,-74.153976
INC-000731,2024-12-25T11:45:17,theft-from-vehicle,medium,25.760701,-80.257992
INC-000732,2024-10-12T00:48:09,fraud,low,30.121381,-97.797804
INC-000733,2025-01-16T11:18:24,theft-from-vehicle,medium,34.154727,-118.322612
INC-000734,2024-06-16T23:12:50,theft-from-vehicle,medium,41.894296,-87.484032
INC-000735,2026-02-21T11:36:35,vehicle-theft,high,37.66249,-122.468766
INC-000736,2024-05-02T12:47:12,burglary,low,47.451771,-122.207192
INC-000737,2026-04-26T21:02:12,burglary,medium,34.126225,-118.165068
INC-000738,2025-04-21T01:03:00,vandalism,medium,30.38623,-97.807298
INC-000739,2025-10-25T21:57:47,other,medium,47.591911,-122.104779
INC-000740,2025-08-27T07:57:32,vandalism,low,41.779618,-87.702812
INC-000741,2025-10-10T07:59:09,drug-violation,low,37.843091,-122.479472
INC-000742,2025-07-16T03:23:45,robbery,medium,34.175982,-118.122606
INC-000743,2025-11-20T15:28:33,vandalism,low,34.167881,-118.158906
INC-000744,2025-09-18T22:37:03,vandalism,low,25.658451,-80.142349
INC-000745,2025-02-28T16:13:44,theft-from-vehicle,medium,34.184155,-118.39057
INC-000746,2026-01-02T14:08:18,theft-from-vehicle,low,25.706675,-80.188502
INC-000747,2024-08-28T17:28:16,burglary,low,47.707478,-122.325672
INC-000748,2024-10-31T05:26:19,burglary,low,39.668607,-104.987717
INC-000749,2025-06-25T20:32:10,burglary,medium,33.913766,-118.211986
INC-000750,2024-09-25T14:18:40,fraud,low,37.698678,-122.320709
INC-000751,2025-02-03T21:28:52,drug-violation,low,40.786785,-74.013667
INC-000752,2025-09-28T21:47:47,vandalism,medium,25.809374,-80.276168
INC-000753,2024-12-17T21:26:55,fraud,high,25.808001,-80.373306
INC-000754,2025-03-18T16:08:53,vandalism,medium,25.771683,-80.054601
INC-000755,2026-03-26T20:17:26,theft-from-vehicle,low,37.830832,-122.347929
INC-000756,2025-10-14T13:47:37,vandalism,low,25.81201,-80.340306
INC-000757,2025-07-04T03:42:24,fraud,low,37.812661,-122.351517
INC-000758,2025-03-24T12:02:05,burglary,medium,30.302515,-97.804756
INC-000759,2025-08-07T09:48:49,vandalism,medium,25.796446,-80.207794
INC-000760,2025-12-14T01:22:25,theft-from-vehicle,low,41.768664,-87.7222
INC-000761,2026-01-31T04:01:16,theft-from-vehicle,low,39.790803,-105.121914
INC-000762,2024-10-03T15:35:18,other,low,41.959976,-87.748455
INC-000763,2025-03-09T15:02:36,theft-from-vehicle,low,39.7837,-104.812245
INC-000764,2026-01-08T01:43:58,other,low,34.207935,-118.277338
INC-000765,2025-07-08T00:19:58,other,low,25.934466,-80.15664
INC-000766,2025-12-08T00:10:35,assault,low,41.791369,-87.790945
INC-000767,2024-06-17T11:15:14,drug-violation,medium,34.134463,-118.246667
INC-000768,2025-02-15T12:01:36,assault,medium,30.280201,-97.651033
INC-000769,2025-12-01T17:47:22,vehicle-theft,low,34.056184,-118.261263
INC-000770,2025-01-24T02:39:10,robbery,low,40.885695,-74.071527
INC-000771,2025-09-28T03:20:08,vehicle-theft,medium,34.15029,-118.199828
INC-000772,2026-02-10T12:52:45,burglary,medium,42.047369,-87.55352
INC-000773,2025-09-25T05:55:29,vandalism,medium,37.637323,-122.351561
INC-000774,2025-11-19T23:03:18,fraud,medium,34.058789,-118.375562
INC-000775,2025-12-12T18:24:35,vehicle-theft,medium,40.78623,-73.822181
INC-000776,2025-01-25T07:13:10,vandalism,low,47.489087,-122.445003
INC-000777,2025-08-04T16:51:37,assault,low,39.814099,-104.786895
INC-000778,2026-02-27T00:05:49,burglary,low,25.660721,-80.31745
INC-000779,2024-07-02T04:30:03,drug-violation,medium,37.713304,-122.365825
INC-000780,2025-04-09T14:32:21,vehicle-theft,medium,47.49026,-122.347039
INC-000781,2026-01-09T20:05:13,assault,medium,30.414409,-97.785924
INC-000782,2025-12-21T00:11:58,assault,low,34.153375,-118.219302
INC-000783,2025-10-31T06:47:03,theft-from-vehicle,medium,25.847415,-80.161933
INC-000784,2025-03-27T19:45:28,fraud,high,34.16279,-118.125538
INC-000785,2026-01-21T05:40:40,assault,medium,41.819167,-87.849267
INC-000786,2026-04-16T23:44:51,fraud,low,47.441014,-122.267714
INC-000787,2026-03-11T12:27:02,vehicle-theft,low,41.865638,-87.651364
INC-000788,2025-06-16T08:42:22,burglary,medium,40.598183,-73.910893
INC-000789,2024-12-11T09:45:05,theft-from-vehicle,medium,40.623617,-74.064103
INC-000790,2025-08-14T14:18:30,other,medium,25.756239,-80.125572
INC-000791,2025-02-12T14:32:00,other,medium,40.620401,-74.079072
INC-000792,2025-05-16T02:24:58,vandalism,low,41.956851,-87.4719
INC-000793,2026-01-18T10:37:39,burglary,low,40.66124,-73.812713
INC-000794,2024-11-02T17:08:54,vandalism,medium,41.705588,-87.567533
INC-000795,2024-11-26T21:05:57,theft-from-vehicle,medium,25.670535,-80.23959
INC-000796,2025-10-22T23:08:59,vandalism,medium,47.644921,-122.522077
INC-000797,2026-01-29T01:06:13,vandalism,medium,40.602003,-73.965837
INC-000798,2025-03-31T04:26:23,theft-from-vehicle,medium,47.543916,-122.430445
INC-000799,2024-06-30T04:16:41,burglary,low,25.724703,-80.062733
INC-000800,2025-10-10T21:22:13,burglary,medium,30.24633,-97.652822
INC-000801,2026-01-06T01:30:30,vehicle-theft,medium,37.952847,-122.434494
INC-000802,2025-07-18T03:09:18,drug-violation,medium,34.080316,-118.213217
INC-000803,2025-09-19T07:27:16,vandalism,high,37.876459,-122.581934
INC-000804,2024-08-27T01:32:53,other,medium,37.873572,-122.51571
INC-000805,2025-07-01T02:08:20,vehicle-theft,medium,30.419792,-97.800233
INC-000806,2024-06-06T00:47:34,other,low,34.059982,-118.417035
INC-000807,2025-02-22T16:48:56,drug-violation,medium,25.860837,-80.290608
INC-000808,2024-12-19T20:14:08,theft-from-vehicle,medium,42.008698,-87.676305
INC-000809,2025-01-31T11:01:42,vandalism,low,40.569629,-74.147697
INC-000810,2024-06-23T12:03:03,theft-from-vehicle,low,37.871776,-122.250253
INC-000811,2024-08-21T04:07:19,vandalism,medium,34.080953,-118.312561
INC-000812,2024-12-18T00:10:20,assault,low,37.63213,-122.370527
INC-000813,2024-05-12T09:35:57,assault,low,34.114281,-118.042159
INC-000814,2025-02-19T20:22:32,burglary,low,40.662888,-74.02924
INC-000815,2025-10-11T21:13:26,assault,medium,34.188795,-118.361964
INC-000816,2026-01-25T21:02:43,assault,medium,34.082479,-118.446228
INC-000817,2025-08-23T17:40:04,burglary,low,47.696867,-122.14058
INC-000818,2025-07-16T10:23:03,vehicle-theft,medium,37.835427,-122.546812
INC-000819,2025-02-07T00:02:20,fraud,medium,39.605504,-105.039352
INC-000820,2026-03-13T14:28:34,fraud,medium,37.650334,-122.255736
INC-000821,2025-07-24T23:08:25,vehicle-theft,low,37.833136,-122.483165
INC-000822,2025-08-05T09:11:29,assault,medium,33.96705,-118.198307
INC-000823,2024-08-11T19:47:49,theft-from-vehicle,high,25.868573,-80.275454
INC-000824,2025-02-26T13:23:22,theft-from-vehicle,low,47.517525,-122.250856
INC-000825,2026-03-20T08:25:39,burglary,low,37.89576,-122.388097
INC-000826,2025-11-26T04:38:43,burglary,high,34.058161,-118.32975
INC-000827,2025-12-21T12:56:02,robbery,low,30.287926,-97.799883
INC-000828,2025-09-25T17:01:46,vehicle-theft,medium,33.919818,-118.180022
INC-000829,2025-05-08T03:32:42,burglary,low,39.840416,-105.050525
INC-000830,2024-08-16T02:47:54,vandalism,low,41.904197,-87.857548
INC-000831,2024-12-16T16:41:57,robbery,low,41.703413,-87.673744
INC-000832,2026-04-21T01:30:14,theft-from-vehicle,medium,37.801467,-122.407673
INC-000833,2024-10-15T13:52:49,theft-from-vehicle,low,37.674708,-122.39207
INC-000834,2024-10-19T04:25:00,theft-from-vehicle,medium,40.82475,-74.084499
INC-000835,2024-09-29T07:35:27,theft-from-vehicle,medium,47.752782,-122.404193
INC-000836,2025-11-23T11:42:12,burglary,low,25.910097,-80.298796
INC-000837,2024-07-17T06:44:28,drug-violation,low,37.685418,-122.284067
INC-000838,2025-06-20T06:00:09,fraud,medium,39.736758,-105.126288
INC-000839,2026-01-09T16:46:56,theft-from-vehicle,low,47.637155,-122.409418
INC-000840,2025-07-18T09:55:56,drug-violation,low,40.725302,-73.801057
INC-000841,2025-10-21T14:23:21,assault,low,40.607865,-73.923334
INC-000842,2026-03-16T03:39:11,burglary,low,40.543943,-74.0172
INC-000843,2025-12-24T19:56:36,drug-violation,low,30.231539,-97.592803
INC-000844,2024-09-19T12:49:30,vehicle-theft,high,37.694051,-122.492377
INC-000845,2025-10-25T11:30:30,vehicle-theft,low,47.684571,-122.473981
INC-000846,2024-06-28T09:02:34,burglary,low,34.076712,-118.267174
INC-000847,2024-12-27T10:00:29,vandalism,low,25.862466,-80.051026
INC-000848,2024-08-27T04:29:18,burglary,low,37.651892,-122.463312
INC-000849,2024-06-09T21:32:41,vehicle-theft,medium,41.933998,-87.530531
INC-000850,2025-02-20T14:06:45,drug-violation,medium,37.644605,-122.36119
INC-000851,2025-02-11T03:48:58,other,low,47.738257,-122.327271
INC-000852,2024-07-17T04:40:40,other,medium,39.733859,-105.068931
INC-000853,2024-11-17T09:09:36,theft-from-vehicle,low,34.137615,-118.326424
INC-000854,2025-05-10T09:51:55,theft-from-vehicle,low,41.961227,-87.817554
INC-000855,2024-05-07T23:35:53,robbery,medium,40.642015,-74.094137
INC-000856,2024-05-29T01:20:59,fraud,low,34.147904,-118.102607
INC-000857,2024-09-23T00:39:39,drug-violation,medium,37.797331,-122.240979
INC-000858,2025-07-15T23:57:40,burglary,low,34.080563,-118.323826
INC-000859,2024-05-11T00:47:23,vandalism,medium,34.12327,-118.190978
INC-000860,2025-09-20T23:14:55,assault,medium,25.857933,-80.125057
INC-000861,2025-11-05T06:53:10,vehicle-theft,medium,30.234362,-97.747381
INC-000862,2025-07-20T03:39:11,theft-from-vehicle,medium,41.769593,-87.760135
INC-000863,2025-01-21T06:31:33,drug-violation,low,25.831673,-80.354501
INC-000864,2025-12-08T00:41:38,vandalism,low,37.61422,-122.462337
INC-000865,2024-09-16T13:34:11,drug-violation,low,41.996,-87.634547
INC-000866,2025-09-02T00:00:46,assault,low,37.670201,-122.243268
INC-000867,2025-01-06T19:03:03,burglary,medium,33.959108,-118.080504
INC-000868,2025-08-09T10:57:31,drug-violation,low,40.620246,-74.044336
INC-000869,2025-03-13T20:09:55,burglary,high,39.780863,-104.842095
INC-000870,2025-09-16T05:58:32,other,low,34.060124,-118.065433
INC-000871,2025-03-25T15:19:00,theft-from-vehicle,medium,34.090829,-118.244723
INC-000872,2025-03-16T23:51:30,vandalism,low,41.868127,-87.869459
INC-000873,2025-02-01T18:52:17,vandalism,low,25.681106,-80.105487
INC-000874,2026-01-10T08:02:52,vehicle-theft,high,39.699947,-104.935097
INC-000875,2026-02-04T15:41:33,drug-violation,low,25.839974,-80.077955
INC-000876,2024-07-04T01:02:25,burglary,high,30.212107,-97.89652
INC-000877,2026-03-29T19:52:36,burglary,low,25.749984,-80.274587
INC-000878,2026-01-30T05:53:36,other,low,47.705724,-122.494409
INC-000879,2025-11-11T10:09:21,drug-violation,medium,39.800447,-104.867446
INC-000880,2026-02-17T06:51:31,drug-violation,low,40.575276,-73.928146
INC-000881,2026-01-01T02:14:48,theft-from-vehicle,high,34.157098,-118.347795
INC-000882,2024-05-30T20:06:41,drug-violation,low,47.524703,-122.509421
INC-000883,2024-06-29T09:35:16,assault,low,30.168274,-97.571789
INC-000884,2025-10-16T10:11:24,vehicle-theft,low,39.653328,-104.818043
INC-000885,2026-01-09T08:08:59,drug-violation,low,40.815374,-74.20046
INC-000886,2025-10-30T08:27:00,robbery,medium,37.699695,-122.379075
INC-000887,2025-02-27T09:51:18,burglary,low,33.887034,-118.315573
INC-000888,2024-09-06T13:47:19,burglary,high,37.728225,-122.568628
INC-000889,2024-07-09T16:39:29,vehicle-theft,low,41.849754,-87.757734
INC-000890,2025-04-10T04:02:43,burglary,low,47.704722,-122.502382
INC-000891,2024-09-16T20:31:11,burglary,high,40.685194,-73.866116
INC-000892,2025-12-04T14:09:02,other,high,40.723325,-73.944333
INC-000893,2024-05-24T02:38:47,vandalism,medium,25.8864,-80.110211
INC-000894,2024-07-20T09:56:33,theft-from-vehicle,low,40.780403,-74.017209
INC-000895,2025-08-12T12:17:20,robbery,medium,41.941482,-87.666223
INC-000896,2024-10-23T01:57:55,assault,low,34.087946,-118.164837
INC-000897,2025-12-11T14:13:28,drug-violation,medium,33.904373,-118.188392
INC-000898,2025-11-04T08:08:21,other,high,37.651183,-122.369973
INC-000899,2025-08-01T13:05:27,burglary,medium,33.908767,-118.220065
INC-000900,2024-09-30T23:58:37,drug-violation,medium,25.663375,-80.158996
INC-000901,2025-11-11T15:21:56,robbery,low,41.903433,-87.638277
INC-000902,2025-02-11T05:34:56,vandalism,low,30.399594,-97.715838
INC-000903,2024-07-17T03:35:24,theft-from-vehicle,medium,47.602255,-122.465237
INC-000904,2025-04-21T11:56:59,burglary,low,34.055238,-118.319001
INC-000905,2024-09-04T05:30:36,theft-from-vehicle,low,34.044948,-118.097449
INC-000906,2024-12-17T22:04:14,assault,medium,34.126082,-118.186804
INC-000907,2024-12-06T16:39:05,vandalism,low,39.694344,-105.13351
INC-000908,2025-01-17T17:34:41,theft-from-vehicle,low,37.711988,-122.362057
INC-000909,2024-10-27T19:06:59,vandalism,low,37.869124,-122.431953
INC-000910,2025-01-05T07:33:25,assault,medium,34.10957,-118.197011
INC-000911,2025-02-18T16:06:15,vandalism,medium,41.8573,-87.585717
INC-000912,2024-10-15T12:11:52,assault,medium,34.11283,-118.156808
INC-000913,2025-06-16T19:45:25,assault,high,34.111086,-118.138375
INC-000914,2024-05-02T12:50:55,vandalism,medium,30.189505,-97.598634
INC-000915,2026-04-03T03:26:34,vandalism,low,40.756208,-74.154041
INC-000916,2024-11-18T09:38:16,assault,low,37.803784,-122.280191
INC-000917,2026-04-14T15:08:56,vandalism,low,40.633766,-74.133186
INC-000918,2025-03-13T07:33:44,theft-from-vehicle,low,34.068293,-118.1433
INC-000919,2026-02-06T11:52:18,theft-from-vehicle,medium,47.565372,-122.124303
INC-000920,2025-10-04T12:24:52,burglary,high,25.751291,-80.122324
INC-000921,2025-04-15T05:40:50,assault,low,25.831017,-80.212064
INC-000922,2024-06-20T00:05:47,theft-from-vehicle,low,40.673188,-74.185819
INC-000923,2026-04-01T07:37:39,vandalism,low,37.7139,-122.416542
INC-000924,2025-11-09T15:39:15,other,low,30.149582,-97.84627
INC-000925,2025-12-29T10:40:11,vandalism,medium,30.113818,-97.76781
INC-000926,2025-01-05T02:29:16,theft-from-vehicle,low,41.85941,-87.568597
INC-000927,2025-12-19T07:27:18,burglary,medium,40.688321,-74.232342
INC-000928,2024-10-10T19:52:07,theft-from-vehicle,medium,30.359129,-97.578687
INC-000929,2025-06-05T20:25:13,vehicle-theft,low,41.870854,-87.674974
INC-000930,2024-07-31T04:44:28,other,low,33.958963,-118.091381
INC-000931,2025-04-16T16:06:15,burglary,medium,42.011471,-87.786398
INC-000932,2025-08-14T15:13:43,drug-violation,medium,33.880969,-118.271415
INC-000933,2024-06-23T04:03:31,theft-from-vehicle,low,34.128311,-118.217407
INC-000934,2024-11-05T06:26:30,vandalism,low,37.661749,-122.256139
INC-000935,2024-11-21T01:30:53,vandalism,low,37.929229,-122.470064
INC-000936,2026-02-21T12:17:38,burglary,medium,37.89506,-122.558637
INC-000937,2026-03-10T09:27:48,theft-from-vehicle,medium,47.582441,-122.303454
INC-000938,2026-01-20T06:44:30,drug-violation,low,37.798238,-122.587436
INC-000939,2024-08-08T08:42:53,drug-violation,low,33.896405,-118.343355
INC-000940,2025-12-30T05:51:36,vandalism,medium,37.762315,-122.338291
INC-000941,2026-04-11T14:13:06,theft-from-vehicle,high,34.146,-118.320226
INC-000942,2025-08-06T13:31:57,burglary,medium,34.075471,-118.384584
INC-000943,2025-06-30T04:49:27,burglary,low,34.041631,-118.312101
INC-000944,2024-07-28T18:03:06,assault,low,34.03708,-118.428287
INC-000945,2024-07-12T21:22:15,assault,medium,34.05116,-118.279041
INC-000946,2025-08-01T05:07:27,vehicle-theft,high,37.73434,-122.61374
INC-000947,2025-09-30T17:55:33,vandalism,low,40.747711,-73.795839
INC-000948,2024-05-05T01:27:04,vehicle-theft,low,40.726845,-73.969817
INC-000949,2025-06-17T03:51:07,assault,high,40.816089,-73.97982
INC-000950,2025-12-06T06:12:39,vandalism,low,40.704809,-74.243291
INC-000951,2025-02-03T01:20:05,burglary,low,25.754386,-80.155158
INC-000952,2025-05-02T10:06:55,theft-from-vehicle,medium,39.840407,-105.141809
INC-000953,2025-05-04T19:29:15,vehicle-theft,low,40.662079,-73.860093
INC-000954,2025-09-07T01:04:05,vehicle-theft,low,34.111953,-118.18712
INC-000955,2025-10-20T16:07:15,vehicle-theft,medium,40.751959,-74.189164
INC-000956,2025-11-02T09:25:07,fraud,medium,37.90586,-122.393828
INC-000957,2024-11-19T12:52:03,burglary,low,37.781077,-122.482793
INC-000958,2025-01-09T10:04:21,vehicle-theft,medium,30.220806,-97.841702
INC-000959,2024-11-14T00:19:55,burglary,low,47.603001,-122.384884
INC-000960,2025-05-06T20:01:52,other,medium,25.869967,-80.340635
INC-000961,2025-05-08T01:15:35,assault,medium,40.574433,-73.872649
INC-000962,2024-06-08T14:21:22,burglary,low,33.908772,-118.132866
INC-000963,2025-12-10T06:43:52,assault,low,25.719561,-80.096849
INC-000964,2024-11-06T16:27:47,burglary,medium,34.132686,-118.200014
INC-000965,2024-06-02T21:17:51,burglary,medium,40.755059,-73.963097
INC-000966,2025-12-01T16:02:29,fraud,medium,34.027308,-118.399178
INC-000967,2025-10-27T19:28:57,robbery,medium,30.409156,-97.841082
INC-000968,2024-11-19T19:13:18,burglary,low,47.615627,-122.181972
INC-000969,2025-12-13T03:15:01,theft-from-vehicle,low,37.90178,-122.318086
INC-000970,2025-03-14T20:33:02,burglary,medium,41.841537,-87.826452
INC-000971,2025-02-27T02:23:10,burglary,medium,37.609887,-122.357393
INC-000972,2026-01-02T10:04:36,vandalism,low,34.08677,-118.16914
INC-000973,2025-09-19T06:35:45,burglary,high,41.956716,-87.520891
INC-000974,2024-09-28T08:06:04,other,medium,41.94861,-87.787233
INC-000975,2025-09-08T05:45:56,theft-from-vehicle,medium,40.77708,-74.219877
INC-000976,2025-10-25T22:36:23,fraud,medium,30.409226,-97.819396
INC-000977,2024-11-03T20:27:04,drug-violation,medium,40.676488,-73.997008
INC-000978,2024-07-21T02:26:06,burglary,low,30.223711,-97.708396
INC-000979,2025-01-18T16:46:24,vandalism,medium,41.916716,-87.74049
INC-000980,2024-06-03T18:17:27,drug-violation,medium,34.117438,-118.118822
INC-000981,2026-04-23T08:31:58,fraud,medium,37.74413,-122.428401
INC-000982,2025-04-09T08:00:40,assault,medium,47.736056,-122.185657
INC-000983,2025-05-08T03:24:39,theft-from-vehicle,medium,30.232116,-97.570551
INC-000984,2024-08-06T02:36:11,burglary,medium,30.423498,-97.785046
INC-000985,2025-11-12T13:10:17,theft-from-vehicle,low,34.006725,-118.376778
INC-000986,2025-06-26T08:54:37,vandalism,medium,41.934354,-87.427399
INC-000987,2024-08-12T19:38:06,theft-from-vehicle,medium,37.85579,-122.447357
INC-000988,2026-03-03T20:56:37,theft-from-vehicle,low,41.816888,-87.624974
INC-000989,2024-07-08T05:18:58,other,medium,40.767269,-73.982641
INC-000990,2024-10-14T04:29:39,assault,medium,30.435081,-97.686816
INC-000991,2025-06-28T07:13:42,drug-violation,low,47.461165,-122.432136
INC-000992,2024-12-09T23:48:55,vehicle-theft,low,39.79569,-104.948955
INC-000993,2025-12-23T22:11:59,burglary,high,34.068171,-118.332658
INC-000994,2026-02-17T23:40:32,drug-violation,medium,34.076839,-118.448164
INC-000995,2024-06-21T08:42:43,theft-from-vehicle,low,33.92754,-118.216294
INC-000996,2025-02-24T06:56:56,vehicle-theft,low,25.8388,-80.291905
INC-000997,2025-02-28T12:46:37,fraud,low,34.137371,-118.332702
INC-000998,2025-11-19T10:45:08,vandalism,medium,40.573524,-73.858729
INC-000999,2025-11-12T16:57:16,assault,low,37.813074,-122.301084
INC-001000,2025-08-05T18:03:28,assault,medium,34.231093,-118.222137
INC-001001,2025-01-13T01:42:12,burglary,low,39.671752,-104.930321
INC-001002,2026-04-03T16:12:21,vandalism,medium,34.160584,-118.109799
INC-001003,2025-10-20T02:04:04,theft-from-vehicle,medium,25.73903,-80.126287
INC-001004,2024-06-09T10:12:34,burglary,medium,41.792506,-87.796779
INC-001005,2024-07-01T21:44:09,robbery,high,37.63199,-122.379436
INC-001006,2025-10-10T13:50:09,vandalism,medium,33.97849,-118.374828
INC-001007,2024-09-19T07:41:26,vehicle-theft,low,25.676315,-80.184089
INC-001008,2026-03-19T14:31:36,assault,low,34.011671,-118.156841
INC-001009,2026-03-26T14:45:45,drug-violation,low,30.438852,-97.735242
INC-001010,2025-05-19T15:35:52,vandalism,low,25.860978,-80.223838
INC-001011,2026-01-17T09:01:43,burglary,low,47.751103,-122.205339
INC-001012,2026-02-05T11:39:17,other,medium,47.716113,-122.230082
INC-001013,2026-01-19T12:36:26,assault,low,40.748994,-73.869978
INC-001014,2025-09-02T15:28:01,drug-violation,high,30.187489,-97.602647
INC-001015,2024-11-17T13:27:06,burglary,medium,25.646421,-80.109017
INC-001016,2024-11-29T11:26:04,theft-from-vehicle,low,39.898142,-104.885595
INC-001017,2024-10-29T08:09:59,other,medium,41.869143,-87.805732
INC-001018,2024-10-12T19:32:05,vehicle-theft,medium,33.978503,-118.106592
INC-001019,2025-04-05T17:24:13,theft-from-vehicle,low,47.541383,-122.205862
INC-001020,2026-01-12T11:23:46,burglary,medium,47.53674,-122.282832
INC-001021,2026-03-31T00:51:17,theft-from-vehicle,medium,40.761558,-73.827212
INC-001022,2024-05-09T16:39:59,burglary,low,25.916561,-80.213147
INC-001023,2025-10-03T17:18:09,burglary,medium,34.0534,-118.069427
INC-001024,2025-04-05T15:15:24,vehicle-theft,low,37.638489,-122.314506
INC-001025,2024-10-21T01:53:29,drug-violation,medium,33.900472,-118.283213
INC-001026,2024-06-08T09:19:26,other,medium,40.664328,-74.230928
INC-001027,2024-08-17T23:02:01,other,high,25.64338,-80.271048
INC-001028,2025-10-09T17:12:54,burglary,low,34.196878,-118.229418
INC-001029,2024-05-23T06:43:57,burglary,medium,40.753938,-74.229746
INC-001030,2024-07-20T08:13:30,burglary,low,34.115809,-118.258764
INC-001031,2024-09-09T14:04:11,fraud,medium,41.876641,-87.576333
INC-001032,2026-04-17T09:24:59,drug-violation,low,47.607689,-122.30185
INC-001033,2025-10-02T02:35:49,burglary,medium,30.305631,-97.626545
INC-001034,2025-01-17T03:23:07,theft-from-vehicle,low,25.848607,-80.172716
INC-001035,2024-12-06T06:24:17,burglary,low,34.063257,-118.431324
INC-001036,2025-04-09T12:19:07,burglary,medium,47.68649,-122.243744
INC-001037,2025-12-18T04:24:54,burglary,medium,34.077568,-118.403867
INC-001038,2026-04-05T14:57:31,other,medium,34.170734,-118.103885
INC-001039,2024-12-23T01:30:24,drug-violation,medium,34.230635,-118.256666
INC-001040,2025-07-26T04:01:43,burglary,medium,40.619507,-73.895912
INC-001041,2026-01-18T14:16:35,burglary,low,34.021862,-118.084028
INC-001042,2024-06-26T03:17:12,vandalism,medium,41.989944,-87.507901
INC-001043,2025-02-15T04:14:45,other,low,40.730369,-74.111957
INC-001044,2025-03-25T15:56:23,burglary,medium,41.96811,-87.483983
INC-001045,2024-05-30T15:03:42,burglary,low,39.698548,-105.047244
INC-001046,2026-03-03T14:59:57,burglary,high,41.962629,-87.718838
INC-001047,2025-08-03T07:06:38,assault,low,37.801077,-122.46358
INC-001048,2024-10-01T01:50:23,vandalism,low,37.867345,-122.310961
INC-001049,2024-10-04T03:10:25,other,medium,37.852806,-122.296355
INC-001050,2026-04-07T03:53:59,burglary,medium,33.9911,-118.201009
INC-001051,2025-01-25T09:43:15,theft-from-vehicle,high,39.6225,-104.889178
INC-001052,2024-09-20T16:50:29,burglary,medium,34.041367,-118.364369
INC-001053,2024-09-09T12:37:57,other,low,40.588847,-73.881059
INC-001054,2024-08-15T07:57:18,theft-from-vehicle,medium,25.695867,-80.05752
INC-001055,2025-08-11T16:01:59,other,medium,25.933346,-80.151923
INC-001056,2024-09-24T08:08:55,theft-from-vehicle,low,37.813139,-122.520914
INC-001057,2024-08-05T14:34:16,fraud,low,40.809996,-73.924842
INC-001058,2025-05-22T21:55:57,vandalism,low,37.764299,-122.428456
INC-001059,2024-06-03T13:09:47,assault,medium,41.765065,-87.501114
INC-001060,2024-11-16T19:32:47,robbery,medium,37.860563,-122.248472
INC-001061,2025-02-19T15:39:48,fraud,low,42.009543,-87.575492
INC-001062,2025-08-08T13:25:16,vandalism,medium,25.642517,-80.118569
INC-001063,2025-09-10T05:08:43,other,low,25.839629,-80.22976
INC-001064,2025-12-30T05:58:07,theft-from-vehicle,low,37.658879,-122.423174
INC-001065,2024-06-26T14:51:19,burglary,medium,47.626133,-122.110524
INC-001066,2025-03-13T04:14:19,vehicle-theft,low,25.735616,-80.343547
INC-001067,2026-02-07T06:39:05,theft-from-vehicle,medium,30.331154,-97.865413
INC-001068,2026-03-22T12:46:57,fraud,low,41.834768,-87.450225
INC-001069,2025-01-23T07:54:04,theft-from-vehicle,medium,30.278149,-97.656655
INC-001070,2025-03-16T05:23:41,fraud,low,40.853254,-74.023957
INC-001071,2025-02-07T18:02:42,assault,medium,37.754639,-122.586969
INC-001072,2025-10-13T13:24:52,burglary,low,40.631639,-74.098742
INC-001073,2025-01-19T04:54:56,theft-from-vehicle,high,47.615677,-122.362778
INC-001074,2024-07-14T18:12:04,vehicle-theft,medium,41.880811,-87.722322
INC-001075,2026-01-04T03:00:28,assault,low,40.755421,-74.204848
INC-001076,2025-08-22T10:50:13,vandalism,medium,40.565867,-74.082008
INC-001077,2025-02-20T18:46:39,assault,low,40.571818,-73.941401
INC-001078,2024-12-16T02:00:44,vandalism,high,47.638485,-122.236374
INC-001079,2025-10-08T07:34:40,assault,low,39.815782,-104.882436
INC-001080,2026-02-13T05:57:56,burglary,low,25.811976,-80.206209
INC-001081,2026-02-16T01:30:58,burglary,low,33.975525,-118.402777
INC-001082,2025-07-03T22:28:39,theft-from-vehicle,low,37.830533,-122.31174
INC-001083,2026-03-22T02:28:20,theft-from-vehicle,low,34.150861,-118.390412
INC-001084,2025-02-18T09:39:06,theft-from-vehicle,low,40.657154,-73.950771
INC-001085,2025-08-14T06:59:55,drug-violation,low,39.894924,-105.079968
INC-001086,2025-03-13T23:31:57,vandalism,medium,40.608726,-73.863903
INC-001087,2025-07-23T20:20:01,theft-from-vehicle,low,37.864801,-122.608467
INC-001088,2025-03-25T08:13:50,vandalism,low,37.828633,-122.599726
INC-001089,2024-05-21T06:06:26,robbery,medium,42.036388,-87.663932
INC-001090,2025-04-01T14:39:12,drug-violation,low,40.758312,-74.216976
INC-001091,2025-10-30T00:31:50,burglary,medium,37.93997,-122.389849
INC-001092,2025-03-01T05:35:20,burglary,high,30.4398,-97.797367
INC-001093,2024-10-26T16:40:58,fraud,high,34.014486,-118.044394
INC-001094,2025-11-06T18:31:18,vehicle-theft,medium,37.865437,-122.385519
INC-001095,2024-11-18T21:32:01,robbery,high,30.248311,-97.678648
INC-001096,2024-09-22T14:58:32,vehicle-theft,low,33.896057,-118.304158
INC-001097,2025-10-29T23:07:17,fraud,low,47.615211,-122.395078
INC-001098,2025-09-24T00:29:42,vandalism,low,34.092652,-118.099799
INC-001099,2024-07-16T13:41:39,assault,low,47.577287,-122.589239
INC-001100,2026-03-03T12:47:14,vehicle-theft,medium,34.106195,-118.405047
INC-001101,2026-01-07T09:53:53,drug-violation,medium,25.85101,-80.088856
INC-001102,2026-04-05T11:16:00,burglary,high,47.54871,-122.333771
INC-001103,2025-12-20T10:04:51,assault,low,34.112995,-118.159443
INC-001104,2025-08-19T19:00:29,fraud,low,37.719199,-122.318717
INC-001105,2025-09-06T09:13:30,theft-from-vehicle,low,39.806435,-105.175534
INC-001106,2024-07-21T04:50:21,burglary,low,41.965441,-87.834726
INC-001107,2025-07-19T03:01:23,other,low,34.096668,-118.158111
INC-001108,2025-09-20T12:30:23,burglary,low,40.582496,-74.127032
INC-001109,2025-04-08T02:41:55,other,low,40.710233,-73.907931
INC-001110,2025-03-26T07:26:52,vandalism,low,37.888347,-122.461885
INC-001111,2026-04-29T23:43:45,drug-violation,low,37.921031,-122.365609
INC-001112,2024-12-06T12:03:43,assault,medium,40.838847,-73.856948
INC-001113,2024-10-07T02:34:22,vandalism,low,37.783601,-122.214328
INC-001114,2024-11-28T01:34:19,burglary,medium,25.656642,-80.181263
INC-001115,2025-01-12T00:42:11,theft-from-vehicle,low,37.745863,-122.301914
INC-001116,2024-09-26T09:03:26,drug-violation,medium,34.108778,-118.431936
INC-001117,2024-05-03T07:06:05,other,low,37.949518,-122.39201
INC-001118,2025-01-05T17:07:52,drug-violation,low,37.709041,-122.353645
INC-001119,2024-11-22T16:04:56,fraud,medium,40.757195,-73.914115
INC-001120,2024-09-22T17:09:13,other,high,41.907867,-87.656326
INC-001121,2025-12-30T12:06:38,drug-violation,medium,30.114861,-97.781141
INC-001122,2026-03-05T15:24:54,vehicle-theft,high,42.041425,-87.531581
INC-001123,2024-05-09T12:30:10,theft-from-vehicle,high,33.951595,-118.102531
INC-001124,2026-01-07T08:36:53,other,medium,37.715655,-122.383404
INC-001125,2024-09-05T14:28:57,other,medium,37.64976,-122.538184
INC-001126,2026-02-26T18:40:19,burglary,low,40.842996,-74.051512
INC-001127,2025-02-03T00:44:42,burglary,low,39.853741,-104.83214
INC-001128,2026-01-25T04:18:27,vandalism,medium,39.60525,-105.140919
INC-001129,2025-03-20T08:19:15,theft-from-vehicle,low,34.129464,-118.386007
INC-001130,2024-05-11T20:44:46,theft-from-vehicle,high,37.790826,-122.490284
INC-001131,2024-05-14T05:22:52,theft-from-vehicle,low,41.969818,-87.545719
INC-001132,2026-04-12T00:31:33,robbery,low,47.568906,-122.097152
INC-001133,2025-04-01T15:25:59,theft-from-vehicle,low,30.25266,-97.641364
INC-001134,2025-03-08T10:30:40,robbery,medium,37.80863,-122.385845
INC-001135,2025-04-20T05:23:09,other,medium,37.862741,-122.396246
INC-001136,2024-09-11T06:38:35,assault,medium,30.373713,-97.729285
INC-001137,2025-05-05T03:57:32,theft-from-vehicle,low,33.901625,-118.323937
INC-001138,2024-10-06T02:25:44,other,low,41.900761,-87.616684
INC-001139,2025-05-25T14:31:30,fraud,low,37.872882,-122.276615
INC-001140,2025-01-28T06:19:24,drug-violation,low,39.892651,-105.043975
INC-001141,2024-09-26T03:16:43,vandalism,medium,47.554672,-122.451162
INC-001142,2024-12-31T22:58:47,drug-violation,low,40.57221,-73.930697
INC-001143,2025-06-11T12:41:46,fraud,low,37.925807,-122.363382
INC-001144,2025-11-26T10:27:07,drug-violation,low,30.188713,-97.700117
INC-001145,2025-06-20T12:52:46,theft-from-vehicle,low,33.9676,-118.296182
INC-001146,2025-04-16T08:25:41,other,low,33.999996,-118.103766
INC-001147,2025-08-21T14:25:10,fraud,medium,34.191168,-118.349563
INC-001148,2024-07-01T17:04:32,other,medium,39.591636,-104.921939
INC-001149,2026-01-13T18:36:15,theft-from-vehicle,low,40.812299,-73.812241
INC-001150,2024-10-05T17:49:02,assault,low,47.714093,-122.439669
INC-001151,2025-05-17T02:58:18,drug-violation,medium,47.561806,-122.24596
INC-001152,2025-06-18T04:42:21,burglary,medium,37.826534,-122.359419
INC-001153,2025-11-16T21:58:30,vehicle-theft,low,30.404658,-97.76405
INC-001154,2025-06-09T05:19:41,theft-from-vehicle,medium,34.032124,-118.370273
INC-001155,2024-10-09T02:00:05,theft-from-vehicle,low,39.745579,-104.834026
INC-001156,2025-03-29T07:39:46,assault,low,41.900445,-87.854563
INC-001157,2024-08-29T20:46:03,other,low,37.763604,-122.534328
INC-001158,2024-05-16T18:41:46,burglary,medium,34.09658,-118.060195
INC-001159,2025-12-15T16:13:35,theft-from-vehicle,medium,41.922031,-87.823031
INC-001160,2026-04-08T04:01:53,assault,low,40.576508,-74.131675
INC-001161,2026-03-12T17:51:44,theft-from-vehicle,low,30.441197,-97.784757
INC-001162,2024-10-05T19:15:21,drug-violation,low,42.021819,-87.578922
INC-001163,2024-07-29T20:56:28,assault,low,37.834104,-122.586887
INC-001164,2025-08-23T04:14:16,vehicle-theft,high,37.921096,-122.501953
INC-001165,2026-02-16T00:57:41,burglary,low,47.696277,-122.149181
INC-001166,2025-09-30T20:05:41,assault,low,25.836423,-80.176347
INC-001167,2025-04-13T06:23:11,assault,low,30.208597,-97.669373
INC-001168,2026-01-14T12:53:42,theft-from-vehicle,medium,25.705369,-80.246245
INC-001169,2024-06-15T02:53:19,theft-from-vehicle,low,40.701512,-73.800568
INC-001170,2025-06-28T15:18:37,vehicle-theft,low,33.981909,-118.098812
INC-001171,2026-02-24T19:04:52,vandalism,low,40.737,-73.795986
INC-001172,2024-07-27T10:31:44,vehicle-theft,low,25.750094,-80.024793
INC-001173,2025-01-29T20:19:14,burglary,medium,25.714855,-80.233647
INC-001174,2024-05-31T06:18:09,theft-from-vehicle,low,34.062073,-118.181395
INC-001175,2026-02-20T09:00:03,drug-violation,low,34.11023,-118.32023
INC-001176,2026-03-03T00:26:32,vandalism,low,40.633646,-73.892604
INC-001177,2024-09-10T11:27:52,robbery,low,25.808587,-80.260717
INC-001178,2025-09-25T18:35:47,vehicle-theft,medium,34.113854,-118.344672
INC-001179,2025-04-08T21:33:41,assault,medium,47.638277,-122.301781
INC-001180,2025-07-31T20:36:31,theft-from-vehicle,low,39.866839,-104.980319
INC-001181,2026-02-14T04:51:25,assault,low,39.809622,-104.939812
INC-001182,2024-05-05T09:31:52,burglary,low,30.256798,-97.631746
INC-001183,2025-06-18T08:15:45,theft-from-vehicle,medium,34.099596,-118.298464
INC-001184,2026-03-31T14:43:31,theft-from-vehicle,medium,39.780359,-105.206241
INC-001185,2025-04-26T12:35:27,theft-from-vehicle,medium,33.958916,-118.092977
INC-001186,2024-11-24T03:33:06,vehicle-theft,medium,25.850779,-80.214703
INC-001187,2025-08-06T00:48:01,vehicle-theft,low,41.770581,-87.810742
INC-001188,2025-10-04T07:21:40,drug-violation,medium,39.73933,-105.127981
INC-001189,2024-10-25T00:06:10,theft-from-vehicle,medium,37.807046,-122.39602
INC-001190,2025-10-04T01:52:49,vehicle-theft,low,33.919318,-118.103917
INC-001191,2024-06-06T23:07:36,other,medium,30.355075,-97.855869
INC-001192,2025-06-10T19:12:44,vehicle-theft,high,47.741556,-122.307706
INC-001193,2025-07-14T18:34:39,burglary,low,25.846875,-80.084453
INC-001194,2025-01-28T22:44:23,other,low,30.320164,-97.854912
INC-001195,2024-05-03T11:41:57,theft-from-vehicle,medium,37.87815,-122.463118
INC-001196,2024-10-29T22:16:37,other,low,40.616376,-73.819166
INC-001197,2024-12-21T10:02:35,drug-violation,high,37.825711,-122.273313
INC-001198,2025-12-30T18:38:56,vandalism,low,47.677057,-122.304641
INC-001199,2024-06-06T12:29:35,burglary,low,34.088333,-118.45116
INC-001200,2025-10-14T14:43:09,theft-from-vehicle,low,34.052995,-118.341087
INC-001201,2025-07-25T04:55:17,robbery,low,37.856611,-122.44299
INC-001202,2025-04-23T23:31:49,robbery,low,41.837046,-87.67112
INC-001203,2024-10-18T07:57:27,burglary,low,47.585886,-122.545089
INC-001204,2024-07-07T16:04:09,burglary,medium,40.709243,-73.992673
INC-001205,2024-10-16T21:33:40,theft-from-vehicle,low,30.331841,-97.759112
INC-001206,2024-10-08T02:01:00,vandalism,low,37.816274,-122.230685
INC-001207,2026-01-23T07:17:29,burglary,low,40.589285,-73.979225
INC-001208,2025-01-11T14:45:24,burglary,low,40.747321,-73.978734
INC-001209,2025-12-16T21:29:42,vandalism,low,37.628098,-122.407898
INC-001210,2025-09-07T09:15:10,other,medium,39.83768,-104.828646
INC-001211,2025-02-03T00:51:16,other,medium,30.317149,-97.564259
INC-001212,2024-08-10T13:50:01,vehicle-theft,medium,47.576572,-122.486432
INC-001213,2026-03-25T21:29:26,theft-from-vehicle,low,33.971461,-118.059634
INC-001214,2025-10-17T12:56:28,vehicle-theft,low,34.007086,-118.437328
INC-001215,2026-03-12T04:24:59,burglary,medium,39.715944,-104.884102
INC-001216,2025-02-18T21:43:23,vehicle-theft,medium,33.969042,-118.310029
INC-001217,2024-07-28T13:40:57,vehicle-theft,medium,30.32871,-97.907723
INC-001218,2025-12-21T17:46:34,burglary,low,41.907063,-87.455577
INC-001219,2024-08-20T13:15:07,theft-from-vehicle,medium,30.265175,-97.89106
INC-001220,2025-03-30T11:10:45,vandalism,medium,37.842133,-122.27835
INC-001221,2024-09-06T04:14:43,theft-from-vehicle,medium,30.229159,-97.815479
INC-001222,2024-05-02T13:42:28,theft-from-vehicle,medium,41.854276,-87.448977
INC-001223,2025-12-13T19:48:18,vandalism,medium,25.696492,-80.061694
INC-001224,2024-11-27T12:39:49,burglary,low,33.931205,-118.230217
INC-001225,2024-09-11T06:56:06,theft-from-vehicle,low,41.775127,-87.627479
INC-001226,2025-06-29T18:28:11,vandalism,high,37.639149,-122.50917
INC-001227,2025-11-19T07:41:07,robbery,medium,30.151319,-97.65757
INC-001228,2025-05-29T16:20:45,assault,high,47.492005,-122.382522
INC-001229,2026-02-21T06:10:04,vehicle-theft,low,39.659952,-105.132138
INC-001230,2024-09-01T18:36:40,vandalism,high,37.834151,-122.306473
INC-001231,2025-12-11T09:54:20,theft-from-vehicle,low,37.870522,-122.227123
INC-001232,2025-03-21T21:25:06,burglary,low,47.502329,-122.228343
INC-001233,2024-06-06T21:12:18,vehicle-theft,medium,34.028084,-118.279093
INC-001234,2024-07-14T20:54:19,vandalism,low,39.863447,-105.021417
INC-001235,2025-04-13T18:42:47,drug-violation,low,39.698268,-104.92941
INC-001236,2026-02-25T11:41:06,vandalism,medium,37.779343,-122.58487
INC-001237,2025-05-11T16:33:31,fraud,high,34.066099,-118.250506
INC-001238,2025-05-20T23:03:38,other,low,37.780053,-122.321403
INC-001239,2025-08-17T10:28:45,fraud,low,39.750001,-104.999547
INC-001240,2025-06-23T19:46:55,other,medium,25.848306,-80.029571
INC-001241,2024-09-18T03:12:34,other,low,37.937496,-122.386544
INC-001242,2026-01-09T09:06:51,assault,medium,25.612444,-80.133734
INC-001243,2025-10-09T04:18:19,assault,medium,25.795151,-80.257758
INC-001244,2025-12-24T11:17:11,fraud,low,30.266453,-97.931157
INC-001245,2025-11-13T15:11:58,vehicle-theft,high,40.87431,-73.943282
INC-001246,2024-09-19T02:14:30,assault,medium,39.886811,-104.914855
INC-001247,2025-06-28T03:07:20,other,low,30.374278,-97.682013
INC-001248,2024-05-12T18:23:36,drug-violation,medium,40.664035,-74.165499
INC-001249,2024-06-27T10:26:10,assault,low,37.769352,-122.522576
INC-001250,2024-09-20T07:11:37,theft-from-vehicle,low,30.355645,-97.749676
INC-001251,2025-05-14T09:21:39,vandalism,low,33.958823,-118.418579
INC-001252,2025-07-03T11:36:29,assault,medium,40.76199,-74.011579
INC-001253,2025-11-18T02:39:28,other,low,41.93875,-87.591136
INC-001254,2025-06-26T23:58:00,drug-violation,low,40.80206,-74.094274
INC-001255,2025-10-14T22:32:38,fraud,medium,37.88828,-122.382015
INC-001256,2025-12-08T06:40:40,assault,medium,33.97123,-118.407563
INC-001257,2025-05-27T06:02:36,burglary,low,47.600649,-122.214643
INC-001258,2024-11-10T19:16:47,assault,medium,39.690088,-105.170964
INC-001259,2025-10-22T20:34:53,assault,low,40.734344,-73.916613
INC-001260,2025-07-16T18:26:51,assault,medium,47.637166,-122.218333
INC-001261,2025-04-03T11:01:45,burglary,low,30.200139,-97.929483
INC-001262,2025-04-16T06:14:21,other,medium,47.612695,-122.281201
INC-001263,2025-06-14T16:51:12,theft-from-vehicle,low,40.706042,-74.032949
INC-001264,2026-01-20T10:31:19,drug-violation,low,37.684085,-122.233592
INC-001265,2025-05-06T19:05:50,theft-from-vehicle,high,41.859168,-87.543817
INC-001266,2026-02-21T07:45:18,theft-from-vehicle,medium,25.833334,-80.360381
INC-001267,2025-10-21T06:24:16,assault,medium,41.928516,-87.735313
INC-001268,2025-10-25T06:03:00,robbery,low,37.920123,-122.550776
INC-001269,2024-05-30T16:57:16,drug-violation,medium,33.994711,-118.215903
INC-001270,2026-02-15T07:44:34,vehicle-theft,low,30.369938,-97.600688
INC-001271,2025-05-11T12:04:34,other,low,39.666789,-105.15951
INC-001272,2026-02-06T11:28:50,burglary,medium,37.89447,-122.377907
INC-001273,2025-12-12T02:24:43,theft-from-vehicle,low,34.084485,-118.230157
INC-001274,2026-02-25T12:03:21,assault,low,41.869991,-87.744776
INC-001275,2025-11-05T08:30:45,burglary,medium,39.892247,-105.062438
INC-001276,2024-09-05T00:07:26,theft-from-vehicle,medium,37.681876,-122.530311
INC-001277,2025-03-22T02:47:13,drug-violation,medium,39.684341,-104.974144
INC-001278,2025-08-19T12:03:51,drug-violation,low,33.949079,-118.296428
INC-001279,2024-12-12T00:46:14,vandalism,low,41.959704,-87.651366
INC-001280,2025-09-08T23:05:39,fraud,medium,47.54393,-122.256155
INC-001281,2025-03-21T03:23:39,theft-from-vehicle,low,40.562457,-74.066133
INC-001282,2024-08-25T02:01:13,vehicle-theft,low,40.633803,-74.058785
INC-001283,2025-06-23T19:58:43,vandalism,medium,37.824116,-122.242447
INC-001284,2025-09-14T01:59:18,burglary,medium,30.252484,-97.654433
INC-001285,2025-10-28T14:42:04,robbery,low,30.26583,-97.616623
INC-001286,2025-02-25T09:24:06,vehicle-theft,medium,33.967764,-118.15611
INC-001287,2024-07-06T13:09:49,theft-from-vehicle,low,39.74645,-104.890262
INC-001288,2026-03-11T20:59:32,theft-from-vehicle,low,34.08759,-118.410408
INC-001289,2024-10-05T17:39:22,drug-violation,low,37.640005,-122.342777
INC-001290,2026-02-10T15:40:56,vandalism,medium,33.990679,-118.26347
INC-001291,2025-02-07T04:49:04,fraud,high,41.833926,-87.559197
INC-001292,2025-11-20T03:37:36,drug-violation,medium,37.61493,-122.400933
INC-001293,2024-10-28T22:12:48,theft-from-vehicle,low,37.923689,-122.434423
INC-001294,2025-02-23T20:07:30,theft-from-vehicle,low,34.031843,-118.387864
INC-001295,2025-03-31T05:46:52,theft-from-vehicle,high,37.744437,-122.320474
INC-001296,2025-07-30T00:50:57,theft-from-vehicle,medium,40.651636,-73.995658
INC-001297,2025-07-03T13:03:59,burglary,medium,39.707442,-104.904129
INC-001298,2025-02-27T16:53:05,vandalism,medium,25.693976,-80.169145
INC-001299,2025-05-01T02:22:27,vehicle-theft,medium,39.780613,-105.113718
INC-001300,2026-03-22T20:56:16,theft-from-vehicle,low,30.422055,-97.742103
INC-001301,2025-08-06T04:52:50,assault,high,39.815669,-104.936388
INC-001302,2026-01-12T14:38:25,theft-from-vehicle,medium,37.887462,-122.379705
INC-001303,2025-02-12T20:09:26,vandalism,high,34.111226,-118.046657
INC-001304,2024-05-15T17:54:54,other,low,40.8312,-73.879666
INC-001305,2024-11-19T18:28:34,fraud,medium,41.997677,-87.523725
INC-001306,2025-01-29T08:22:01,fraud,low,37.849796,-122.297576
INC-001307,2026-01-29T09:02:48,burglary,low,37.673262,-122.479041
INC-001308,2024-09-28T02:40:44,theft-from-vehicle,medium,40.842553,-74.097801
INC-001309,2025-04-19T14:53:05,theft-from-vehicle,high,25.847139,-80.10969
INC-001310,2026-04-18T02:39:23,burglary,medium,33.970945,-118.242189
INC-001311,2025-09-18T22:21:52,burglary,low,37.716336,-122.634927
INC-001312,2024-05-15T17:04:07,drug-violation,low,33.897758,-118.298629
INC-001313,2025-06-20T15:46:02,other,low,47.772583,-122.329664
INC-001314,2025-07-24T02:31:05,other,medium,33.953028,-118.317191
INC-001315,2025-08-16T05:05:35,vandalism,medium,39.785384,-104.924914
INC-001316,2024-06-10T22:57:45,theft-from-vehicle,medium,39.755347,-105.154653
INC-001317,2024-11-19T21:38:17,assault,low,40.551106,-74.065521
INC-001318,2024-08-08T10:29:01,theft-from-vehicle,medium,47.597172,-122.430351
INC-001319,2025-01-14T01:13:40,vandalism,low,41.876777,-87.634986
INC-001320,2025-05-22T21:25:42,vandalism,low,30.345612,-97.560237
INC-001321,2025-08-26T06:27:49,other,low,41.924403,-87.518531
INC-001322,2025-10-27T23:25:49,burglary,medium,47.471707,-122.34744
INC-001323,2025-11-17T05:55:03,vehicle-theft,low,34.037152,-118.296324
INC-001324,2024-07-22T00:16:00,other,high,40.820831,-74.020439
INC-001325,2026-01-03T14:30:30,fraud,low,34.045671,-118.045334
INC-001326,2024-05-22T05:06:28,fraud,low,41.757357,-87.736178
INC-001327,2024-09-15T03:30:45,burglary,high,47.720602,-122.475954
INC-001328,2025-01-03T03:08:58,theft-from-vehicle,low,41.828443,-87.607063
INC-001329,2024-12-27T00:17:18,burglary,medium,39.838548,-105.087873
INC-001330,2025-01-20T02:03:10,theft-from-vehicle,low,25.781612,-80.219804
INC-001331,2025-09-23T00:16:02,burglary,medium,41.895543,-87.616122
INC-001332,2025-04-27T15:12:00,assault,medium,39.767239,-105.129025
INC-001333,2025-06-30T14:56:59,other,low,41.786764,-87.813535
INC-001334,2024-10-23T18:17:27,burglary,low,37.916739,-122.547932
INC-001335,2024-11-07T02:13:12,burglary,medium,39.617281,-105.158878
INC-001336,2025-07-14T22:20:46,theft-from-vehicle,low,30.35432,-97.845675
INC-001337,2025-10-11T18:16:58,burglary,high,34.126303,-118.087538
INC-001338,2024-06-23T12:11:02,other,low,41.827722,-87.408222
INC-001339,2025-12-21T19:53:08,drug-violation,low,39.845154,-104.87175
INC-001340,2025-10-04T19:34:18,burglary,low,40.73385,-73.916066
INC-001341,2026-04-04T14:56:36,theft-from-vehicle,medium,25.829652,-80.347978
INC-001342,2025-05-16T00:40:55,assault,low,30.341036,-97.633188
INC-001343,2024-09-08T06:07:59,burglary,medium,34.053291,-118.313093
INC-001344,2025-04-26T15:42:11,drug-violation,high,41.802318,-87.478912
INC-001345,2025-08-19T16:19:11,theft-from-vehicle,low,41.814601,-87.654279
INC-001346,2026-03-22T15:22:31,vandalism,low,40.592055,-73.8856
INC-001347,2024-06-18T01:38:09,theft-from-vehicle,medium,40.590975,-73.90198
INC-001348,2025-05-01T04:25:28,assault,high,25.87515,-80.300449
INC-001349,2025-01-25T15:31:09,fraud,low,40.700828,-73.857034
INC-001350,2024-09-30T13:33:36,drug-violation,low,39.719114,-105.043723
INC-001351,2025-08-30T09:16:38,robbery,low,25.822275,-80.150425
INC-001352,2025-01-21T04:02:37,robbery,medium,47.621649,-122.270153
INC-001353,2026-03-27T06:22:21,drug-violation,low,34.180428,-118.118894
INC-001354,2024-09-07T21:21:57,vandalism,low,41.861373,-87.461522
INC-001355,2025-01-28T14:43:53,fraud,low,34.013036,-118.104606
INC-001356,2025-11-30T04:29:24,vandalism,medium,39.829098,-104.867758
INC-001357,2024-10-23T19:21:33,other,low,30.260579,-97.596919
INC-001358,2024-05-27T18:04:32,burglary,medium,30.271057,-97.93549
INC-001359,2025-09-22T19:27:10,vandalism,high,41.916787,-87.819837
INC-001360,2025-07-29T13:39:47,robbery,low,37.876906,-122.438078
INC-001361,2025-02-15T05:31:24,burglary,medium,47.696842,-122.176509
INC-001362,2025-04-22T02:50:39,burglary,medium,40.610469,-74.049505
INC-001363,2024-07-27T09:48:59,vandalism,low,30.198868,-97.813961
INC-001364,2025-03-27T16:28:44,theft-from-vehicle,low,47.511701,-122.507425
INC-001365,2024-08-31T10:28:53,vandalism,low,34.130145,-118.146216
INC-001366,2025-06-18T17:27:31,drug-violation,low,37.792482,-122.521808
INC-001367,2025-09-23T03:17:42,burglary,medium,47.451786,-122.417327
INC-001368,2025-03-14T19:32:20,assault,low,25.758257,-80.118438
INC-001369,2026-01-20T09:37:36,assault,low,42.032061,-87.594335
INC-001370,2026-04-14T12:06:15,other,low,25.737945,-80.007943
INC-001371,2026-04-12T16:45:37,burglary,medium,30.193373,-97.691624
INC-001372,2024-10-10T07:30:33,theft-from-vehicle,low,25.910223,-80.227846
INC-001373,2026-04-22T09:19:23,burglary,high,47.661649,-122.22214
INC-001374,2025-10-26T12:57:37,vehicle-theft,low,41.786761,-87.564519
INC-001375,2026-03-02T08:27:57,theft-from-vehicle,medium,25.614589,-80.134481
INC-001376,2024-09-19T22:29:38,vandalism,low,37.757232,-122.314762
INC-001377,2025-08-21T10:23:13,vehicle-theft,low,47.541487,-122.45739
INC-001378,2025-11-25T00:08:05,drug-violation,medium,37.834871,-122.567882
INC-001379,2026-02-07T13:45:33,theft-from-vehicle,medium,33.925217,-118.195134
INC-001380,2025-06-28T13:12:40,vandalism,low,40.829368,-73.932171
INC-001381,2024-06-14T01:31:17,fraud,low,34.071144,-118.445317
INC-001382,2024-08-23T11:19:16,fraud,low,41.986099,-87.472017
INC-001383,2025-01-11T08:09:02,drug-violation,low,41.833426,-87.779084
INC-001384,2024-06-30T01:20:03,other,low,37.830012,-122.610495
INC-001385,2025-01-10T05:08:19,burglary,low,25.760435,-80.10334
INC-001386,2026-03-16T19:23:12,robbery,medium,42.030665,-87.530328
INC-001387,2024-07-03T02:50:59,vehicle-theft,high,33.880596,-118.237221
INC-001388,2025-09-08T04:55:32,burglary,medium,34.110666,-118.128891
INC-001389,2024-06-22T16:58:04,other,medium,34.206668,-118.222142
INC-001390,2025-09-26T08:40:40,burglary,low,41.860186,-87.739827
INC-001391,2025-08-13T08:57:07,burglary,low,37.672602,-122.324144
INC-001392,2024-07-13T23:09:22,drug-violation,medium,30.268587,-97.540763
INC-001393,2025-02-08T06:28:17,drug-violation,low,37.616187,-122.317562
INC-001394,2025-03-29T18:04:12,other,low,37.828951,-122.542368
INC-001395,2024-11-09T04:08:58,assault,medium,40.767368,-73.909295
INC-001396,2026-04-08T17:57:21,theft-from-vehicle,high,39.73321,-104.7789
INC-001397,2025-08-18T03:00:48,drug-violation,low,37.796502,-122.578757
INC-001398,2025-01-09T14:24:14,burglary,low,33.882471,-118.203559
INC-001399,2024-05-09T10:52:57,vandalism,high,25.815778,-80.011099
INC-001400,2024-10-18T03:30:35,vehicle-theft,medium,34.010735,-118.216812
INC-001401,2025-09-08T13:12:18,vehicle-theft,medium,40.674217,-74.028956
INC-001402,2024-10-28T07:05:48,burglary,medium,47.668215,-122.389017
INC-001403,2024-11-02T06:34:39,robbery,low,25.872576,-80.078254
INC-001404,2025-12-29T10:29:41,other,low,25.726088,-80.2604
INC-001405,2025-07-17T14:54:00,other,low,34.071462,-118.385284
INC-001406,2026-03-22T15:27:37,drug-violation,medium,47.725554,-122.144763
INC-001407,2025-11-30T23:33:50,other,low,40.68743,-74.140072
INC-001408,2025-12-13T00:08:16,burglary,medium,39.814505,-105.156545
INC-001409,2025-02-19T08:37:00,theft-from-vehicle,low,37.931387,-122.471195
INC-001410,2025-07-05T09:28:46,vandalism,low,34.155831,-118.213203
INC-001411,2025-09-11T07:46:10,burglary,medium,39.764777,-105.124909
INC-001412,2025-09-07T20:37:59,theft-from-vehicle,medium,37.877851,-122.382551
INC-001413,2025-10-20T12:36:00,vandalism,medium,39.669818,-105.021177
INC-001414,2026-04-25T00:43:51,theft-from-vehicle,low,41.754822,-87.465586
INC-001415,2025-03-06T22:04:32,drug-violation,low,41.896426,-87.836472
INC-001416,2025-06-25T01:44:18,theft-from-vehicle,low,40.751592,-73.908235
INC-001417,2024-09-26T22:09:33,drug-violation,low,33.875578,-118.243815
INC-001418,2024-10-29T13:27:51,vandalism,medium,47.748055,-122.295949
INC-001419,2024-12-04T19:42:24,robbery,medium,40.74158,-73.89238
INC-001420,2025-01-15T11:26:30,burglary,medium,30.281185,-97.647378
INC-001421,2026-02-12T09:59:55,vehicle-theft,low,39.684272,-105.179148
INC-001422,2025-05-15T05:52:01,other,medium,34.095278,-118.271129
INC-001423,2025-09-30T21:28:38,burglary,medium,34.127598,-118.266173
INC-001424,2026-04-05T06:17:32,fraud,medium,41.745758,-87.643386
INC-001425,2024-11-01T07:26:30,vehicle-theft,medium,39.650454,-105.120515
INC-001426,2026-04-26T01:48:41,burglary,medium,39.709167,-105.080335
INC-001427,2026-04-21T14:22:55,assault,low,37.674585,-122.597799
INC-001428,2026-04-13T22:02:50,theft-from-vehicle,low,37.601012,-122.373591
INC-001429,2025-05-08T07:51:03,assault,low,41.946123,-87.507755
INC-001430,2026-03-16T00:43:24,vandalism,low,37.687442,-122.241242
INC-001431,2025-08-29T11:22:14,vandalism,low,34.120129,-118.315513
INC-001432,2025-01-04T11:33:50,theft-from-vehicle,medium,30.286062,-97.710069
INC-001433,2024-09-04T01:00:42,robbery,medium,37.832104,-122.625804
INC-001434,2025-03-14T00:47:20,vandalism,low,33.891496,-118.193475
INC-001435,2025-11-04T11:09:19,other,low,41.850639,-87.766264
INC-001436,2025-07-08T05:02:56,theft-from-vehicle,high,40.753887,-73.909667
INC-001437,2025-11-23T15:42:34,vandalism,medium,41.829755,-87.861141
INC-001438,2026-02-01T14:00:14,vandalism,low,34.000651,-118.331716
INC-001439,2025-01-09T06:00:04,theft-from-vehicle,low,25.6345,-80.186809
INC-001440,2025-06-28T20:08:57,vandalism,low,34.020822,-118.068819
INC-001441,2024-12-01T19:41:29,vehicle-theft,low,30.300482,-97.684306
INC-001442,2025-09-08T02:42:22,drug-violation,high,34.025526,-118.230148
INC-001443,2024-05-17T11:03:55,burglary,medium,39.584061,-105.021839
INC-001444,2025-11-18T08:51:01,robbery,low,47.505666,-122.218999
INC-001445,2025-07-01T17:14:53,theft-from-vehicle,high,41.985761,-87.570014
INC-001446,2025-08-18T20:57:36,theft-from-vehicle,medium,40.699075,-74.206777
INC-001447,2025-10-18T16:49:26,theft-from-vehicle,low,25.605765,-80.229461
INC-001448,2026-01-09T08:10:58,vandalism,low,37.681462,-122.272562
INC-001449,2025-05-27T03:53:11,other,low,30.226424,-97.943547
INC-001450,2025-10-27T08:40:17,drug-violation,low,37.831263,-122.6193
INC-001451,2026-02-14T06:38:33,assault,medium,34.17034,-118.382758
INC-001452,2026-04-22T18:02:20,other,medium,34.169415,-118.114425
INC-001453,2024-10-22T07:38:49,robbery,medium,41.84305,-87.676394
INC-001454,2024-10-25T19:26:06,burglary,low,25.854155,-80.297579
INC-001455,2025-03-29T23:13:58,burglary,low,40.696263,-73.864244
INC-001456,2025-07-11T01:52:52,theft-from-vehicle,medium,47.556838,-122.483417
INC-001457,2026-01-15T07:20:25,theft-from-vehicle,medium,41.8325,-87.733097
INC-001458,2024-10-14T19:04:12,other,low,47.524171,-122.446261
INC-001459,2025-09-26T07:51:58,fraud,high,25.869163,-80.113647
INC-001460,2024-05-01T02:12:17,assault,medium,47.596783,-122.260954
INC-001461,2026-01-24T17:15:09,fraud,low,33.980193,-118.099343
INC-001462,2024-11-24T14:46:40,assault,low,39.649537,-105.047606
INC-001463,2024-09-20T04:28:19,drug-violation,low,30.133734,-97.746697
INC-001464,2026-03-30T01:48:19,assault,medium,34.030824,-118.228939
INC-001465,2025-01-27T08:10:54,vehicle-theft,low,25.7383,-80.321771
INC-001466,2025-08-14T11:23:57,robbery,low,30.270246,-97.860504
INC-001467,2026-01-29T04:51:51,assault,medium,37.86077,-122.465284
INC-001468,2025-12-30T12:21:47,vehicle-theft,medium,41.876768,-87.435519
INC-001469,2025-08-22T06:51:14,robbery,low,34.005526,-118.363901
INC-001470,2024-08-15T16:05:17,fraud,low,25.89806,-80.090595
INC-001471,2026-03-04T23:40:00,vandalism,low,30.345813,-97.731507
INC-001472,2026-01-23T00:29:46,drug-violation,high,40.562579,-73.990244
INC-001473,2025-11-23T21:10:19,robbery,high,25.708012,-80.135159
INC-001474,2026-04-15T09:46:58,vandalism,low,41.954149,-87.706265
INC-001475,2024-08-19T04:53:00,burglary,low,40.614698,-74.115705
INC-001476,2025-08-04T00:54:59,vehicle-theft,low,37.899014,-122.486649
INC-001477,2025-03-25T19:38:56,vandalism,high,40.612324,-74.193392
INC-001478,2025-03-22T23:05:42,theft-from-vehicle,low,30.163685,-97.644359
INC-001479,2026-04-01T17:56:17,fraud,medium,39.675748,-104.796403
INC-001480,2025-06-16T21:03:37,vandalism,medium,30.357172,-97.655088
INC-001481,2024-12-21T04:01:02,burglary,medium,47.643712,-122.460949
INC-001482,2024-08-06T01:10:35,theft-from-vehicle,high,37.905881,-122.32715
INC-001483,2024-09-05T02:41:08,assault,low,40.765244,-74.124224
INC-001484,2026-04-11T08:57:14,theft-from-vehicle,low,40.726627,-74.164681
INC-001485,2024-08-24T01:55:28,assault,low,34.116875,-118.393499
INC-001486,2025-09-04T04:21:47,assault,medium,33.954298,-118.349374
INC-001487,2026-04-05T10:02:22,assault,medium,33.977868,-118.187123
INC-001488,2024-12-18T16:37:52,vehicle-theft,medium,47.684421,-122.14225
INC-001489,2025-02-17T17:05:51,assault,low,37.729646,-122.402654
INC-001490,2024-06-12T00:11:58,burglary,low,25.856726,-80.162604
INC-001491,2024-09-22T11:44:28,theft-from-vehicle,medium,41.811299,-87.634304
INC-001492,2026-01-17T19:40:37,burglary,high,47.578968,-122.100771
INC-001493,2026-01-27T07:42:14,fraud,low,33.943325,-118.384707
INC-001494,2025-09-26T19:11:58,assault,medium,34.164463,-118.3078
INC-001495,2025-08-26T05:56:16,robbery,low,30.428368,-97.740186
INC-001496,2024-07-15T02:53:05,robbery,low,41.768532,-87.54924
INC-001497,2024-10-12T22:23:30,robbery,medium,37.905594,-122.535438
INC-001498,2025-10-19T12:58:27,drug-violation,medium,47.494944,-122.351805
INC-001499,2024-12-27T02:24:17,theft-from-vehicle,low,39.683468,-104.964749
INC-001500,2024-07-26T17:52:50,vehicle-theft,low,40.773976,-73.854665
INC-001501,2025-07-20T18:19:06,vehicle-theft,low,25.782042,-80.019252
INC-001502,2025-03-28T01:36:52,drug-violation,low,47.604742,-122.28696
INC-001503,2025-10-22T13:40:31,drug-violation,high,33.89933,-118.277396
INC-001504,2024-09-04T11:07:48,vehicle-theft,low,47.426979,-122.321965
INC-001505,2025-02-20T13:38:47,theft-from-vehicle,medium,39.889652,-105.019943
INC-001506,2026-01-18T17:29:11,fraud,low,37.876342,-122.566839
INC-001507,2025-02-28T23:01:55,burglary,medium,39.622906,-104.920026
INC-001508,2026-01-08T15:37:36,other,medium,37.690946,-122.236166
INC-001509,2026-04-11T04:08:29,burglary,medium,25.720248,-80.129911
INC-001510,2025-06-22T19:31:36,theft-from-vehicle,medium,40.642218,-74.057549
INC-001511,2024-05-05T18:02:03,vandalism,medium,37.7573,-122.609335
INC-001512,2024-10-22T17:07:04,vehicle-theft,low,47.557542,-122.332496
INC-001513,2025-12-09T19:29:56,assault,low,34.204378,-118.130674
INC-001514,2025-06-30T23:46:15,assault,medium,47.58148,-122.51456
INC-001515,2026-02-13T19:39:06,theft-from-vehicle,low,30.435754,-97.801075
INC-001516,2025-05-31T04:49:15,burglary,low,47.454039,-122.276631
INC-001517,2026-02-01T22:31:55,assault,low,40.610222,-74.156151
INC-001518,2025-05-28T19:33:52,vandalism,high,34.141545,-118.110973
INC-001519,2025-07-09T20:34:30,burglary,medium,25.759095,-80.115845
INC-001520,2024-08-18T14:35:59,theft-from-vehicle,medium,39.843249,-104.822144
INC-001521,2025-07-07T04:29:36,burglary,low,33.892756,-118.277431
INC-001522,2025-08-07T05:11:07,vandalism,high,30.168396,-97.83328
INC-001523,2026-03-20T10:17:22,vandalism,medium,34.196531,-118.173409
INC-001524,2026-01-02T04:50:36,assault,low,25.609804,-80.25899
INC-001525,2024-07-17T10:57:09,burglary,low,37.606865,-122.448528
INC-001526,2025-03-29T22:32:00,theft-from-vehicle,low,33.956195,-118.366165
INC-001527,2025-02-12T15:04:24,other,low,33.89831,-118.257289
INC-001528,2024-09-10T12:53:54,theft-from-vehicle,low,40.699062,-74.113251
INC-001529,2024-06-26T15:38:25,assault,medium,40.740271,-73.774445
INC-001530,2026-02-17T21:28:23,robbery,low,25.860111,-80.26584
INC-001531,2024-06-08T16:12:56,vandalism,medium,47.651744,-122.433436
INC-001532,2024-09-04T08:15:47,assault,medium,30.271389,-97.726794
INC-001533,2024-08-26T06:09:50,vandalism,low,34.047764,-118.448006
INC-001534,2025-06-07T03:06:41,burglary,low,30.270838,-97.872035
INC-001535,2024-09-10T06:44:44,theft-from-vehicle,low,37.699548,-122.318751
INC-001536,2025-07-11T05:17:44,vehicle-theft,low,34.048056,-118.33487
INC-001537,2024-05-08T19:38:36,burglary,low,34.14661,-118.178315
INC-001538,2024-09-12T10:28:31,theft-from-vehicle,medium,39.595501,-104.979781
INC-001539,2026-03-22T09:29:46,robbery,low,25.774863,-79.999267
INC-001540,2025-02-22T03:37:32,theft-from-vehicle,low,41.917262,-87.808947
INC-001541,2024-05-01T05:48:50,burglary,low,33.932883,-118.326261
INC-001542,2025-10-17T05:59:20,burglary,low,30.253686,-97.788846
INC-001543,2025-07-10T17:46:03,robbery,medium,37.613261,-122.478175
INC-001544,2024-07-17T11:47:20,drug-violation,low,30.1755,-97.883709
INC-001545,2026-03-02T14:44:47,other,high,30.290949,-97.67674
INC-001546,2025-12-23T14:42:08,vandalism,medium,30.391607,-97.827486
INC-001547,2025-03-18T09:35:16,burglary,low,41.740995,-87.632331
INC-001548,2025-01-12T09:05:29,burglary,low,34.149078,-118.108737
INC-001549,2026-04-19T01:00:37,drug-violation,medium,40.842105,-74.169477
INC-001550,2024-07-28T06:44:29,burglary,low,40.766189,-74.10944
INC-001551,2024-08-21T15:00:14,fraud,low,47.702784,-122.453768
INC-001552,2024-06-13T08:47:06,drug-violation,medium,25.60319,-80.176116
INC-001553,2025-03-05T17:34:53,burglary,low,37.612231,-122.329233
INC-001554,2025-11-18T23:44:56,vandalism,medium,47.516947,-122.415754
INC-001555,2026-01-08T09:30:46,vehicle-theft,low,40.597119,-73.868988
INC-001556,2024-06-19T13:56:11,theft-from-vehicle,high,30.304637,-97.779904
INC-001557,2024-09-11T00:09:11,vandalism,low,34.189721,-118.216581
INC-001558,2024-12-16T01:13:07,vehicle-theft,low,40.775484,-73.813611
INC-001559,2025-03-03T12:17:52,burglary,medium,40.722161,-74.224691
INC-001560,2024-06-14T07:17:46,burglary,medium,40.547638,-74.030235
INC-001561,2025-08-28T21:41:37,vehicle-theft,low,37.806845,-122.259369
INC-001562,2025-11-10T14:26:22,drug-violation,high,34.213231,-118.317961
INC-001563,2024-10-03T19:57:36,burglary,medium,33.894458,-118.3433
INC-001564,2025-03-18T05:29:51,vandalism,low,34.043509,-118.109159
INC-001565,2025-03-15T05:45:55,theft-from-vehicle,medium,37.86272,-122.434627
INC-001566,2025-05-08T09:30:14,theft-from-vehicle,high,39.617109,-104.874249
INC-001567,2025-07-21T16:40:46,burglary,low,30.191618,-97.673044
INC-001568,2025-11-20T06:52:54,burglary,low,34.050759,-118.24092
INC-001569,2024-08-19T16:06:54,vandalism,medium,42.011428,-87.786196
INC-001570,2025-06-12T15:54:45,vandalism,low,33.980374,-118.153712
INC-001571,2024-09-26T12:36:56,vandalism,low,37.893696,-122.308182
INC-001572,2025-12-03T19:51:11,burglary,medium,33.982276,-118.304345
INC-001573,2024-07-31T17:58:53,robbery,medium,33.896644,-118.213775
INC-001574,2024-07-16T09:03:31,fraud,medium,37.822966,-122.622571
INC-001575,2025-12-04T05:47:52,assault,high,41.99837,-87.657983
INC-001576,2024-05-17T19:06:04,vandalism,low,30.189296,-97.7
INC-001577,2025-05-10T11:57:59,vandalism,high,39.608285,-104.975487
INC-001578,2026-04-06T08:55:28,theft-from-vehicle,low,47.709523,-122.282841
INC-001579,2024-12-11T17:20:03,burglary,low,30.168295,-97.621958
INC-001580,2024-12-17T00:56:44,fraud,low,34.006963,-118.159324
INC-001581,2026-02-22T08:25:22,vehicle-theft,low,34.153005,-118.160912
INC-001582,2024-11-05T15:52:33,vehicle-theft,medium,41.852708,-87.675453
INC-001583,2026-04-09T01:23:16,other,medium,33.881398,-118.245441
INC-001584,2026-04-30T04:17:49,vandalism,low,41.904056,-87.717544
INC-001585,2024-10-06T18:19:39,burglary,medium,39.763182,-104.922882
INC-001586,2024-06-04T11:48:09,vandalism,low,37.780035,-122.54388
INC-001587,2025-03-03T05:44:05,robbery,medium,40.761119,-73.820236
INC-001588,2025-06-26T16:11:42,vandalism,low,40.782915,-74.074874
INC-001589,2024-11-16T13:49:01,other,high,40.645829,-74.198871
INC-001590,2025-03-27T23:04:10,other,low,30.23515,-97.787869
INC-001591,2025-11-27T08:11:07,burglary,low,39.630654,-104.857536
INC-001592,2026-01-09T01:30:07,vandalism,medium,40.803006,-74.08272
INC-001593,2024-06-20T01:02:41,drug-violation,medium,30.359385,-97.62423
INC-001594,2026-04-24T01:53:47,vehicle-theft,low,37.76876,-122.425278
INC-001595,2026-01-25T00:16:49,vehicle-theft,medium,37.623389,-122.486862
INC-001596,2025-08-11T02:37:15,burglary,medium,39.831914,-105.100211
INC-001597,2025-06-17T14:34:31,other,low,40.571783,-73.961859
INC-001598,2024-05-17T22:14:09,vandalism,low,40.70973,-74.198793
INC-001599,2025-05-26T11:05:37,theft-from-vehicle,low,25.741911,-80.269229
INC-001600,2024-05-05T07:04:30,theft-from-vehicle,low,37.742316,-122.311964
INC-001601,2026-04-11T16:52:55,vandalism,medium,33.986553,-118.426724
INC-001602,2025-01-21T11:59:49,vandalism,low,33.924763,-118.386866
INC-001603,2024-09-05T14:47:05,theft-from-vehicle,medium,41.948452,-87.421397
INC-001604,2024-12-31T16:53:00,other,medium,47.48627,-122.134148
INC-001605,2025-05-23T01:32:12,assault,low,37.867845,-122.314098
INC-001606,2025-05-26T18:32:32,burglary,medium,40.719136,-73.939241
INC-001607,2024-12-21T19:44:27,robbery,low,34.001683,-118.412376
INC-001608,2025-09-02T07:52:25,vandalism,low,37.706264,-122.50638
INC-001609,2026-03-22T15:14:55,vandalism,high,41.74623,-87.529098
INC-001610,2024-07-16T05:02:57,assault,medium,30.300823,-97.748066
INC-001611,2026-01-28T02:18:05,drug-violation,low,34.034988,-118.166794
INC-001612,2025-04-27T17:26:07,vehicle-theft,medium,25.597555,-80.200139
INC-001613,2024-12-09T19:09:39,theft-from-vehicle,high,33.996257,-118.092721
INC-001614,2024-10-21T09:23:47,robbery,medium,25.779115,-80.358654
INC-001615,2026-01-05T23:09:54,other,low,37.801145,-122.472647
INC-001616,2025-02-26T23:47:16,theft-from-vehicle,high,41.866127,-87.468466
INC-001617,2024-06-21T01:47:17,burglary,medium,37.694909,-122.437279
INC-001618,2025-02-19T18:32:32,theft-from-vehicle,high,37.669602,-122.431683
INC-001619,2025-07-07T15:12:40,vandalism,high,34.208197,-118.205341
INC-001620,2025-06-02T06:20:15,vehicle-theft,medium,47.472105,-122.356328
INC-001621,2024-05-17T02:55:43,fraud,high,33.990084,-118.088422
INC-001622,2024-09-30T04:51:04,theft-from-vehicle,low,34.062699,-118.411499
INC-001623,2025-12-05T20:40:15,assault,low,34.172389,-118.221238
INC-001624,2026-04-18T00:23:29,theft-from-vehicle,low,40.596282,-74.143339
INC-001625,2025-09-30T03:58:40,other,high,30.113879,-97.802452
INC-001626,2024-08-16T18:31:11,burglary,low,34.131152,-118.344212
INC-001627,2025-09-15T03:11:36,fraud,low,30.212657,-97.88477
INC-001628,2025-05-14T02:21:45,fraud,low,40.586545,-74.162719
INC-001629,2025-03-20T23:08:55,burglary,medium,34.117379,-118.247339
INC-001630,2024-11-07T18:00:36,drug-violation,low,37.924537,-122.31678
INC-001631,2026-01-02T03:57:22,theft-from-vehicle,low,34.095861,-118.038249
INC-001632,2026-03-15T16:11:16,robbery,medium,37.637847,-122.325709
INC-001633,2024-10-31T09:15:18,other,high,33.911058,-118.121768
INC-001634,2026-04-01T12:32:56,fraud,low,40.648145,-74.169031
INC-001635,2024-09-21T02:06:57,theft-from-vehicle,high,25.684349,-80.361995
INC-001636,2025-03-19T08:25:18,burglary,medium,34.087738,-118.338643
INC-001637,2025-07-16T16:28:13,theft-from-vehicle,medium,41.823654,-87.470723
INC-001638,2025-06-02T10:51:11,robbery,low,25.662095,-80.323472
INC-001639,2024-05-12T23:35:18,theft-from-vehicle,medium,34.19877,-118.325348
INC-001640,2024-10-14T00:34:57,theft-from-vehicle,medium,34.079915,-118.096602
INC-001641,2025-08-27T13:06:46,other,low,39.63949,-104.958553
INC-001642,2025-07-20T12:18:42,drug-violation,low,40.641121,-73.984894
INC-001643,2025-05-11T13:09:46,vandalism,low,41.791363,-87.65217
INC-001644,2025-10-20T21:28:16,vandalism,medium,39.636887,-105.138229
INC-001645,2025-06-08T08:25:09,robbery,medium,34.164144,-118.213139
INC-001646,2026-02-10T01:50:54,drug-violation,low,47.450269,-122.41701
INC-001647,2025-08-05T13:05:52,other,medium,37.768868,-122.430125
INC-001648,2025-04-27T09:23:13,theft-from-vehicle,medium,33.961037,-118.367278
INC-001649,2026-03-24T11:49:09,theft-from-vehicle,high,30.317597,-97.777154
INC-001650,2024-11-18T06:41:13,theft-from-vehicle,medium,47.663976,-122.484757
INC-001651,2024-09-23T01:38:31,burglary,low,42.003052,-87.6574
INC-001652,2026-03-03T08:59:04,assault,low,33.986888,-118.420835
INC-001653,2024-09-15T20:15:17,vehicle-theft,low,34.185128,-118.308927
INC-001654,2025-08-27T16:42:00,assault,low,47.631191,-122.409581
INC-001655,2025-07-31T07:40:47,burglary,low,39.609272,-105.039299
INC-001656,2024-05-04T14:18:51,assault,medium,37.707616,-122.409279
INC-001657,2024-06-21T01:47:08,burglary,low,37.770656,-122.567159
INC-001658,2024-08-31T04:25:13,theft-from-vehicle,low,40.694359,-74.02804
INC-001659,2026-01-10T07:04:40,theft-from-vehicle,low,34.052838,-118.276007
INC-001660,2026-01-16T18:36:01,vehicle-theft,medium,40.560152,-73.999228
INC-001661,2025-06-11T14:51:20,theft-from-vehicle,low,40.663814,-73.974
INC-001662,2025-06-25T23:11:39,fraud,low,47.528978,-122.252888
INC-001663,2026-02-09T01:44:40,theft-from-vehicle,medium,25.632254,-80.318593
INC-001664,2025-02-12T22:34:40,vehicle-theft,low,41.971564,-87.733931
INC-001665,2026-03-29T00:33:24,vandalism,medium,37.599752,-122.370912
INC-001666,2024-08-09T04:29:02,theft-from-vehicle,medium,34.006416,-118.415734
INC-001667,2024-09-10T01:21:46,drug-violation,low,47.492557,-122.215028
INC-001668,2024-07-06T23:53:19,vehicle-theft,high,41.733109,-87.651282
INC-001669,2025-07-15T12:13:37,vandalism,low,25.67992,-80.194898
INC-001670,2025-07-19T18:44:37,burglary,low,37.777409,-122.538629
INC-001671,2026-04-02T08:15:52,assault,medium,30.352779,-97.667976
INC-001672,2026-03-10T22:40:45,assault,low,47.681462,-122.355874
INC-001673,2026-03-18T08:23:25,fraud,medium,37.689774,-122.221675
INC-001674,2026-01-23T19:16:59,theft-from-vehicle,low,40.665565,-74.004059
INC-001675,2024-10-06T09:13:35,theft-from-vehicle,low,39.791973,-105.094633
INC-001676,2026-02-19T11:00:14,fraud,medium,25.785261,-80.247607
INC-001677,2024-10-24T18:52:28,theft-from-vehicle,low,37.868523,-122.316773
INC-001678,2025-05-02T07:38:03,vandalism,low,34.105894,-118.449445
INC-001679,2024-06-14T20:10:47,burglary,low,30.353181,-97.750929
INC-001680,2026-02-05T22:27:42,fraud,low,41.862641,-87.639925
INC-001681,2024-08-21T08:17:37,burglary,low,33.99277,-118.198444
INC-001682,2025-01-14T17:04:33,fraud,low,37.620275,-122.523561
INC-001683,2024-06-16T11:16:53,burglary,low,40.587771,-74.152058
INC-001684,2025-03-25T02:13:58,theft-from-vehicle,low,37.794207,-122.589892
INC-001685,2026-01-01T10:32:35,drug-violation,medium,30.103509,-97.784921
INC-001686,2025-09-02T08:34:21,burglary,low,37.906562,-122.379224
INC-001687,2026-04-06T14:38:50,vehicle-theft,medium,30.094549,-97.7768
INC-001688,2024-07-23T01:00:58,fraud,low,25.697211,-80.116994
INC-001689,2024-12-30T03:41:31,assault,low,39.745831,-105.139891
INC-001690,2024-08-06T11:48:50,fraud,low,34.14779,-118.252053
INC-001691,2025-06-02T20:56:36,burglary,low,25.682957,-80.055951
INC-001692,2026-04-19T15:08:49,burglary,low,30.261626,-97.751916
INC-001693,2025-09-22T19:23:44,burglary,medium,25.759437,-80.323447
INC-001694,2025-06-30T15:28:51,vandalism,low,34.142314,-118.30753
INC-001695,2025-02-06T11:50:46,fraud,low,37.716768,-122.263779
INC-001696,2024-10-10T23:13:17,assault,low,25.843285,-80.178829
INC-001697,2024-05-26T14:43:55,burglary,low,40.619242,-73.908498
INC-001698,2024-05-25T02:55:26,burglary,medium,41.813443,-87.511557
INC-001699,2024-12-02T10:31:39,assault,medium,37.83917,-122.6319
INC-001700,2025-04-17T18:04:30,drug-violation,high,34.098226,-118.096462
INC-001701,2025-05-10T22:09:47,theft-from-vehicle,low,37.765152,-122.596531
INC-001702,2025-12-14T01:32:24,burglary,low,33.960155,-118.199499
INC-001703,2025-08-10T13:49:46,burglary,low,25.818774,-80.178796
INC-001704,2026-04-14T00:32:10,fraud,low,30.186485,-97.742275
INC-001705,2025-07-06T00:08:16,vandalism,medium,41.715191,-87.55626
INC-001706,2026-01-26T19:16:28,assault,low,41.75692,-87.614359
INC-001707,2025-10-10T03:02:14,burglary,low,30.308546,-97.865062
INC-001708,2025-02-17T06:50:21,vandalism,low,30.250387,-97.811349
INC-001709,2026-01-16T23:12:37,vandalism,high,37.8561,-122.508897
INC-001710,2025-06-19T07:16:36,burglary,medium,47.691035,-122.176191
INC-001711,2024-12-20T17:23:50,vandalism,low,39.69416,-104.893347
INC-001712,2024-09-09T01:05:40,burglary,low,40.689241,-74.067989
INC-001713,2024-12-21T20:20:44,other,low,41.790375,-87.569824
INC-001714,2025-02-22T18:38:55,burglary,low,39.678252,-104.995233
INC-001715,2025-08-18T19:54:34,assault,low,40.729101,-73.912955
INC-001716,2025-01-22T03:58:16,vehicle-theft,low,37.803191,-122.575038
INC-001717,2025-10-31T16:17:28,theft-from-vehicle,high,47.634948,-122.172853
INC-001718,2024-11-06T06:26:46,theft-from-vehicle,low,30.355569,-97.71
INC-001719,2026-02-25T05:20:08,theft-from-vehicle,low,47.665624,-122.26644
INC-001720,2026-03-30T00:12:14,theft-from-vehicle,low,37.701732,-122.227517
INC-001721,2024-05-01T13:04:10,assault,low,41.937351,-87.479509
INC-001722,2025-06-04T03:59:19,fraud,medium,37.788619,-122.220597
INC-001723,2024-07-01T13:49:00,burglary,low,39.768356,-104.882398
INC-001724,2024-05-10T17:16:29,vandalism,medium,37.867609,-122.269709
INC-001725,2026-03-23T11:34:00,drug-violation,medium,30.22117,-97.772588
INC-001726,2025-04-15T18:30:14,vandalism,medium,30.158649,-97.756512
INC-001727,2024-07-26T01:33:37,drug-violation,low,47.566793,-122.154917
INC-001728,2024-08-15T19:44:30,assault,low,30.30612,-97.892636
INC-001729,2025-10-10T18:30:48,vandalism,medium,25.783896,-80.101003
INC-001730,2025-12-07T00:25:34,assault,low,25.697733,-80.365652
INC-001731,2024-07-31T09:22:39,theft-from-vehicle,medium,37.886947,-122.518449
INC-001732,2025-10-30T16:33:09,drug-violation,low,37.691215,-122.256629
INC-001733,2025-03-25T02:49:52,theft-from-vehicle,low,37.849294,-122.252087
INC-001734,2025-12-31T21:42:54,drug-violation,medium,40.628352,-73.944493
INC-001735,2025-09-19T20:25:42,fraud,low,41.879342,-87.420063
INC-001736,2025-12-15T14:24:22,theft-from-vehicle,high,47.604033,-122.073156
INC-001737,2025-10-30T05:49:01,vandalism,medium,41.89149,-87.483079
INC-001738,2026-03-22T07:03:56,theft-from-vehicle,low,40.742187,-74.06736
INC-001739,2025-04-22T11:30:30,vandalism,low,34.015812,-118.362166
INC-001740,2024-12-05T21:36:50,theft-from-vehicle,medium,47.522973,-122.440281
INC-001741,2026-02-14T16:33:23,assault,medium,34.208682,-118.165538
INC-001742,2024-05-28T07:15:51,other,medium,37.634523,-122.421645
INC-001743,2026-02-14T17:51:31,theft-from-vehicle,low,34.118214,-118.138775
INC-001744,2024-06-29T20:16:46,other,low,34.090351,-118.073495
INC-001745,2024-07-24T22:35:37,other,low,37.772919,-122.214523
INC-001746,2025-12-13T02:56:00,burglary,low,41.704693,-87.678791
INC-001747,2024-06-21T21:51:41,assault,high,40.749238,-73.929829
INC-001748,2024-11-25T19:45:44,assault,medium,40.625007,-74.209136
INC-001749,2025-05-19T15:43:12,burglary,low,40.778479,-74.201186
INC-001750,2025-09-16T22:20:42,vehicle-theft,low,34.039222,-118.128532
INC-001751,2025-02-02T19:47:21,vehicle-theft,low,47.600641,-122.138212
INC-001752,2025-12-14T23:11:12,vandalism,high,34.202175,-118.270378
INC-001753,2025-07-03T10:55:38,theft-from-vehicle,high,34.130125,-118.375261
INC-001754,2025-03-04T00:29:40,vandalism,low,40.739089,-74.18925
INC-001755,2025-10-05T03:35:45,burglary,medium,34.184049,-118.22435
INC-001756,2024-10-18T02:45:18,burglary,low,47.620403,-122.22423
INC-001757,2024-10-29T18:57:15,assault,medium,25.602629,-80.098273
INC-001758,2024-08-23T14:36:06,burglary,high,41.835459,-87.63668
INC-001759,2024-08-03T18:38:00,burglary,low,40.737592,-74.062366
INC-001760,2025-09-09T04:13:21,theft-from-vehicle,low,30.231789,-97.708409
INC-001761,2026-04-27T06:29:07,vandalism,low,47.578629,-122.281114
INC-001762,2025-12-03T00:33:33,drug-violation,low,25.740533,-80.21763
INC-001763,2025-03-24T02:07:52,other,medium,39.899929,-105.074943
INC-001764,2024-09-08T16:27:37,burglary,low,34.16164,-118.149268
INC-001765,2026-03-17T05:46:46,burglary,medium,37.752603,-122.35777
INC-001766,2024-11-19T22:32:36,theft-from-vehicle,high,33.919835,-118.298193
INC-001767,2024-09-01T11:20:20,vandalism,low,47.617676,-122.470351
INC-001768,2025-01-21T11:58:49,burglary,medium,47.466438,-122.341379
INC-001769,2025-12-20T06:28:50,burglary,medium,40.731358,-73.871377
INC-001770,2024-10-20T10:14:10,fraud,medium,40.661907,-73.845904
INC-001771,2024-10-29T01:10:37,theft-from-vehicle,medium,34.030449,-118.283811
INC-001772,2025-03-22T01:07:44,vehicle-theft,high,47.536855,-122.143387
INC-001773,2025-12-03T12:59:19,theft-from-vehicle,low,25.830502,-80.168408
INC-001774,2024-12-06T12:00:06,vandalism,low,37.755059,-122.461395
INC-001775,2024-06-07T06:09:15,assault,low,41.715569,-87.688647
INC-001776,2025-08-31T16:54:34,theft-from-vehicle,low,40.664652,-73.861187
INC-001777,2025-07-27T02:32:11,vehicle-theft,low,37.700606,-122.419681
INC-001778,2024-09-03T15:17:32,theft-from-vehicle,low,37.842587,-122.594201
INC-001779,2024-07-07T06:38:08,other,medium,33.947153,-118.240057
INC-001780,2025-10-24T09:02:14,theft-from-vehicle,low,47.616008,-122.501378
INC-001781,2024-10-03T13:14:48,other,low,37.642012,-122.422917
INC-001782,2024-08-06T22:13:49,vehicle-theft,low,37.738685,-122.211118
INC-001783,2025-06-24T07:34:38,fraud,medium,40.662078,-74.006081
INC-001784,2026-03-26T16:24:11,assault,medium,30.35574,-97.806502
INC-001785,2025-10-10T12:11:22,theft-from-vehicle,low,37.901981,-122.470564
INC-001786,2025-02-12T00:31:47,other,high,30.238222,-97.657763
INC-001787,2025-08-15T11:43:18,vehicle-theft,low,40.855442,-73.892635
INC-001788,2024-09-23T01:35:03,theft-from-vehicle,low,25.653019,-80.062289
INC-001789,2025-11-15T05:50:48,vandalism,medium,47.611964,-122.134419
INC-001790,2025-09-18T08:18:11,assault,low,40.775362,-74.073468
INC-001791,2024-12-03T02:19:54,burglary,low,37.623661,-122.36475
INC-001792,2025-08-13T01:36:40,robbery,low,37.730164,-122.287558
INC-001793,2026-02-19T18:04:17,robbery,medium,37.89541,-122.302277
INC-001794,2024-12-01T16:36:46,burglary,medium,41.809967,-87.519504
INC-001795,2025-02-20T18:17:34,theft-from-vehicle,medium,30.351901,-97.754076
INC-001796,2025-02-20T15:24:06,burglary,medium,37.713269,-122.208313
INC-001797,2025-07-20T16:17:57,vandalism,medium,47.597607,-122.228232
INC-001798,2024-09-27T18:28:44,robbery,low,47.651002,-122.2715
INC-001799,2026-04-01T11:23:52,robbery,medium,30.088397,-97.738997
INC-001800,2025-11-29T13:34:16,drug-violation,low,40.861364,-74.118113
INC-001801,2025-03-28T09:58:28,burglary,low,30.271005,-97.726686
INC-001802,2025-11-09T12:23:43,burglary,low,39.587688,-104.89272
INC-001803,2024-10-04T13:04:24,theft-from-vehicle,medium,33.967903,-118.194129
INC-001804,2025-12-27T20:21:23,drug-violation,low,37.630813,-122.544444
INC-001805,2024-05-17T05:16:21,other,low,37.762318,-122.489037
INC-001806,2024-10-17T01:34:37,other,low,34.086032,-118.093212
INC-001807,2025-09-12T19:10:27,burglary,low,37.869053,-122.306996
INC-001808,2024-05-03T00:18:39,robbery,low,30.088085,-97.736898
INC-001809,2025-01-25T19:50:51,theft-from-vehicle,low,47.689906,-122.347422
INC-001810,2025-02-13T06:54:04,vandalism,low,30.354963,-97.803653
INC-001811,2026-04-07T12:17:45,theft-from-vehicle,medium,25.814297,-80.18388
INC-001812,2025-06-08T16:28:11,vehicle-theft,medium,25.902156,-80.266318
INC-001813,2025-01-05T09:54:44,theft-from-vehicle,high,30.267482,-97.853268
INC-001814,2026-01-15T19:37:50,vandalism,low,33.931904,-118.289556
INC-001815,2025-12-21T05:39:03,drug-violation,medium,33.892175,-118.322107
INC-001816,2025-11-21T03:31:53,assault,high,34.063484,-118.304124
INC-001817,2024-09-16T02:05:56,burglary,medium,30.180308,-97.690782
INC-001818,2024-07-14T00:30:24,burglary,low,47.510825,-122.110953
INC-001819,2025-10-24T00:15:40,theft-from-vehicle,low,37.64096,-122.544154
INC-001820,2026-01-04T05:37:53,burglary,low,47.593037,-122.217348
INC-001821,2025-08-09T03:33:44,other,high,33.892245,-118.281823
INC-001822,2025-05-13T14:28:45,drug-violation,low,39.666899,-104.97195
INC-001823,2025-12-29T11:29:24,theft-from-vehicle,low,47.614444,-122.360751
INC-001824,2024-09-01T15:48:45,theft-from-vehicle,low,37.889688,-122.32786
INC-001825,2026-02-03T07:06:52,other,medium,41.868501,-87.489234
INC-001826,2024-09-27T08:19:29,theft-from-vehicle,low,25.694987,-80.205557
INC-001827,2024-11-22T01:36:12,theft-from-vehicle,medium,30.335639,-97.575146
INC-001828,2025-11-25T16:20:23,theft-from-vehicle,high,25.836393,-80.131989
INC-001829,2025-05-29T11:01:41,drug-violation,low,40.652315,-73.872071
INC-001830,2024-06-06T03:06:40,theft-from-vehicle,low,39.762114,-104.804297
INC-001831,2025-04-06T17:29:03,vehicle-theft,high,33.942462,-118.335645
INC-001832,2024-05-07T15:54:49,burglary,medium,34.06032,-118.210834
INC-001833,2025-12-17T21:30:22,other,low,34.052509,-118.209503
INC-001834,2025-03-27T12:24:09,theft-from-vehicle,low,37.665651,-122.514466
INC-001835,2025-10-24T10:04:54,robbery,low,25.759726,-80.033998
INC-001836,2025-08-20T05:00:04,theft-from-vehicle,medium,40.654,-74.079534
INC-001837,2026-02-21T12:30:01,theft-from-vehicle,medium,41.929545,-87.635925
INC-001838,2026-03-06T03:21:38,theft-from-vehicle,medium,33.91053,-118.314469
INC-001839,2026-04-09T03:28:55,drug-violation,medium,25.640243,-80.171361
INC-001840,2025-05-29T18:51:44,burglary,low,40.669813,-74.036892
INC-001841,2024-06-12T06:30:54,drug-violation,medium,37.729062,-122.230238
INC-001842,2026-03-10T13:08:34,theft-from-vehicle,low,34.125766,-118.332046
INC-001843,2024-05-09T02:54:16,burglary,low,41.888422,-87.421842
INC-001844,2026-01-12T13:39:31,theft-from-vehicle,medium,25.744399,-80.281584
INC-001845,2025-04-15T14:18:43,vandalism,low,41.80899,-87.439216
INC-001846,2025-04-22T00:00:48,robbery,medium,37.839126,-122.294547
INC-001847,2025-11-24T12:02:10,other,medium,37.722876,-122.278861
INC-001848,2025-10-20T18:41:47,theft-from-vehicle,low,41.718454,-87.531217
INC-001849,2026-02-04T04:03:34,vandalism,medium,37.710364,-122.23523
INC-001850,2024-05-11T02:54:42,burglary,low,25.696149,-80.087584
INC-001851,2025-04-08T06:26:59,fraud,medium,37.76753,-122.219488
INC-001852,2024-10-14T01:44:15,vehicle-theft,low,41.850298,-87.625485
INC-001853,2024-11-03T16:24:05,burglary,low,25.591844,-80.250777
INC-001854,2025-04-16T10:57:20,other,low,25.592303,-80.165131
INC-001855,2025-06-07T05:41:07,other,medium,33.961806,-118.185041
INC-001856,2024-07-28T15:20:41,theft-from-vehicle,low,30.349084,-97.620386
INC-001857,2025-04-06T09:38:38,drug-violation,low,40.784966,-73.850201
INC-001858,2026-04-26T00:45:59,vandalism,medium,40.671051,-73.886895
INC-001859,2026-03-29T12:45:27,burglary,medium,47.48257,-122.46904
INC-001860,2025-06-13T11:19:09,theft-from-vehicle,low,40.744465,-74.17031
INC-001861,2024-11-19T20:42:30,burglary,medium,39.795304,-105.122298
INC-001862,2026-02-26T15:02:44,theft-from-vehicle,medium,40.872248,-73.994549
INC-001863,2024-11-12T12:50:25,burglary,medium,40.762157,-74.149624
INC-001864,2025-08-11T12:04:40,theft-from-vehicle,high,30.251376,-97.826793
INC-001865,2025-05-25T09:20:14,burglary,high,40.692269,-74.055334
INC-001866,2025-07-13T17:45:13,theft-from-vehicle,low,40.840562,-73.838454
INC-001867,2025-08-18T12:46:11,theft-from-vehicle,high,33.99283,-118.191724
INC-001868,2024-07-06T03:13:57,burglary,low,34.041554,-118.204959
INC-001869,2025-08-25T01:28:40,drug-violation,low,34.106593,-118.445117
INC-001870,2024-08-03T23:08:36,theft-from-vehicle,low,25.879158,-80.056446
INC-001871,2024-07-04T06:16:25,theft-from-vehicle,low,47.574271,-122.563667
INC-001872,2024-05-18T05:30:54,theft-from-vehicle,high,37.879541,-122.594511
INC-001873,2025-02-24T11:19:05,burglary,low,39.757934,-104.830188
INC-001874,2025-11-12T12:06:27,burglary,low,37.691605,-122.224424
INC-001875,2026-01-18T23:02:15,theft-from-vehicle,low,37.735356,-122.345694
INC-001876,2025-10-01T13:20:03,burglary,low,40.607276,-73.923052
INC-001877,2026-03-28T10:09:24,theft-from-vehicle,low,47.55505,-122.267827
INC-001878,2025-05-20T14:50:24,assault,low,37.878205,-122.563705
INC-001879,2024-07-13T04:18:45,burglary,low,47.574138,-122.499628
INC-001880,2024-08-22T08:03:28,other,high,39.823767,-105.089232
INC-001881,2025-07-05T04:24:40,burglary,low,34.183955,-118.320584
INC-001882,2024-06-14T05:07:27,theft-from-vehicle,medium,25.852342,-80.324698
INC-001883,2024-12-14T04:13:40,vehicle-theft,medium,25.860547,-80.280501
INC-001884,2025-12-01T11:04:04,theft-from-vehicle,low,37.617523,-122.391918
INC-001885,2025-10-29T08:20:53,drug-violation,medium,25.906425,-80.240284
INC-001886,2024-05-20T16:57:50,vandalism,medium,34.009367,-118.221352
INC-001887,2026-03-27T01:54:24,burglary,medium,39.813929,-104.97939
INC-001888,2025-10-23T13:47:37,vandalism,low,37.632638,-122.467685
INC-001889,2025-11-23T21:01:35,theft-from-vehicle,medium,40.674814,-74.186637
INC-001890,2026-03-13T22:15:26,assault,low,39.801648,-104.801011
INC-001891,2026-03-11T06:49:41,vandalism,medium,40.764886,-73.969731
INC-001892,2026-01-31T02:54:15,other,low,30.241046,-97.806531
INC-001893,2024-07-24T07:46:11,drug-violation,low,25.79302,-80.32454
INC-001894,2024-12-22T20:59:21,vandalism,low,41.87251,-87.803952
INC-001895,2025-02-03T23:21:34,drug-violation,low,33.891223,-118.197149
INC-001896,2024-09-23T13:15:21,assault,medium,30.293478,-97.909947
INC-001897,2026-03-04T23:39:17,other,low,37.907924,-122.400217
INC-001898,2025-11-05T06:45:34,vandalism,medium,40.640869,-73.823523
INC-001899,2025-01-08T22:00:04,other,low,47.553652,-122.491717
INC-001900,2025-03-13T03:17:39,robbery,medium,37.665778,-122.547734
INC-001901,2024-12-28T03:47:40,vehicle-theft,low,34.014947,-118.282746
INC-001902,2026-01-15T14:48:42,vandalism,medium,40.805449,-74.072584
INC-001903,2024-05-14T12:27:04,assault,low,34.165667,-118.375882
INC-001904,2025-05-06T04:30:54,vehicle-theft,medium,47.523052,-122.276453
INC-001905,2024-10-16T07:52:29,theft-from-vehicle,high,41.844343,-87.46571
INC-001906,2024-09-14T04:32:08,vehicle-theft,low,37.688229,-122.393374
INC-001907,2025-08-20T13:34:24,theft-from-vehicle,medium,40.632942,-73.971682
INC-001908,2025-07-05T06:19:38,vandalism,medium,34.004609,-118.31585
INC-001909,2025-01-01T10:27:32,fraud,low,47.591555,-122.381405
INC-001910,2025-09-04T20:10:35,theft-from-vehicle,low,39.78589,-104.765623
INC-001911,2024-07-09T04:40:10,vehicle-theft,low,41.837072,-87.714731
INC-001912,2025-11-06T18:52:47,fraud,medium,40.798305,-73.951379
INC-001913,2025-11-21T06:05:16,vandalism,medium,39.649759,-105.108274
INC-001914,2024-11-21T08:41:46,drug-violation,low,37.840034,-122.415472
INC-001915,2026-02-03T08:18:01,theft-from-vehicle,low,37.881462,-122.524128
INC-001916,2026-02-10T01:12:34,vandalism,medium,34.162034,-118.359533
INC-001917,2025-06-17T07:06:02,burglary,medium,30.158928,-97.750806
INC-001918,2025-04-16T07:57:14,theft-from-vehicle,low,37.686855,-122.366071
INC-001919,2026-02-09T15:59:14,theft-from-vehicle,low,30.271588,-97.883872
INC-001920,2025-02-18T09:42:46,vehicle-theft,high,30.239579,-97.746346
INC-001921,2025-06-22T00:16:22,burglary,low,37.672456,-122.395902
INC-001922,2024-09-22T20:38:29,vandalism,low,37.798323,-122.196496
INC-001923,2026-04-26T17:14:08,drug-violation,low,37.706287,-122.289111
INC-001924,2025-04-09T19:24:11,vehicle-theft,medium,33.991514,-118.191452
INC-001925,2024-12-18T22:49:53,other,high,47.503629,-122.513121
INC-001926,2025-08-09T12:11:05,vehicle-theft,low,40.837147,-73.997705
INC-001927,2025-05-24T20:15:07,burglary,low,33.911019,-118.142107
INC-001928,2025-04-25T16:03:56,fraud,medium,41.884977,-87.443668
INC-001929,2026-03-25T09:10:31,theft-from-vehicle,medium,33.979843,-118.327831
INC-001930,2025-06-25T04:20:06,vehicle-theft,low,47.761259,-122.212207
INC-001931,2025-07-18T23:09:43,theft-from-vehicle,medium,34.135006,-118.262952
INC-001932,2026-02-28T03:22:31,other,low,40.830289,-73.931279
INC-001933,2024-09-29T10:14:53,theft-from-vehicle,medium,25.807246,-80.310063
INC-001934,2024-07-29T22:46:17,drug-violation,high,25.634026,-80.238642
INC-001935,2026-01-26T12:19:35,vandalism,low,47.736132,-122.296414
INC-001936,2025-12-04T22:33:23,fraud,medium,30.370008,-97.801802
INC-001937,2025-10-30T10:15:32,vehicle-theft,low,34.029656,-118.163749
INC-001938,2024-11-11T03:07:33,vehicle-theft,low,47.785127,-122.310701
INC-001939,2024-12-05T20:11:30,other,medium,25.725651,-80.198763
INC-001940,2024-11-09T01:16:18,burglary,medium,41.98494,-87.587227
INC-001941,2024-10-12T04:10:30,robbery,low,30.304091,-97.647974
INC-001942,2024-08-05T05:15:25,drug-violation,low,30.348042,-97.629041
INC-001943,2025-10-12T01:13:41,other,high,25.841251,-80.170527
INC-001944,2024-06-22T07:52:38,theft-from-vehicle,medium,40.636777,-74.141066
INC-001945,2025-12-03T13:08:04,robbery,low,47.625085,-122.129651
INC-001946,2024-08-30T17:24:03,burglary,low,34.17053,-118.09197
INC-001947,2025-03-22T22:20:59,drug-violation,low,40.848417,-73.954783
INC-001948,2025-05-19T05:31:03,burglary,medium,34.193309,-118.13816
INC-001949,2025-06-16T15:27:21,burglary,medium,40.724228,-73.816605
INC-001950,2024-09-01T15:08:37,burglary,medium,39.677677,-104.899303
INC-001951,2026-03-18T05:35:51,fraud,low,40.82938,-73.90946
INC-001952,2025-12-16T18:22:27,burglary,low,47.543798,-122.213452
INC-001953,2024-07-10T15:03:41,assault,low,47.465268,-122.393661
INC-001954,2024-10-05T14:56:02,vehicle-theft,medium,40.750668,-73.956916
INC-001955,2026-02-28T01:10:27,fraud,high,40.689654,-73.899557
INC-001956,2024-11-25T03:30:35,burglary,medium,37.699798,-122.374396
INC-001957,2025-09-26T02:01:41,robbery,low,34.146853,-118.066736
INC-001958,2025-06-15T07:29:46,theft-from-vehicle,low,25.901391,-80.139949
INC-001959,2025-08-22T13:24:44,burglary,low,34.097276,-118.3475
INC-001960,2025-05-17T19:24:15,theft-from-vehicle,medium,30.389776,-97.608788
INC-001961,2025-01-24T18:34:57,vandalism,medium,33.985499,-118.183823
INC-001962,2024-10-15T19:25:06,theft-from-vehicle,low,33.96455,-118.285633
INC-001963,2025-08-19T08:28:08,vandalism,low,37.691662,-122.272197
INC-001964,2024-12-01T12:39:07,vandalism,low,40.592285,-73.959077
INC-001965,2024-08-10T17:04:05,vehicle-theft,low,41.761196,-87.522635
INC-001966,2026-03-03T20:43:32,robbery,low,25.683295,-80.255611
INC-001967,2026-04-24T23:44:00,fraud,low,37.739145,-122.203484
INC-001968,2024-05-27T13:21:27,burglary,low,37.837411,-122.380292
INC-001969,2025-02-26T20:56:01,assault,medium,40.775509,-73.925677
INC-001970,2025-08-25T22:59:23,drug-violation,medium,34.000793,-118.125723
INC-001971,2024-07-18T17:01:52,theft-from-vehicle,low,34.029961,-118.255067
INC-001972,2025-09-10T15:09:37,theft-from-vehicle,medium,30.220237,-97.719757
INC-001973,2024-08-31T23:35:06,theft-from-vehicle,low,30.338376,-97.706805
INC-001974,2026-02-09T08:06:32,theft-from-vehicle,low,40.680109,-73.881055
INC-001975,2024-07-31T23:28:55,vandalism,low,37.828359,-122.391955
INC-001976,2025-08-01T00:43:51,burglary,high,37.811213,-122.35723
INC-001977,2025-01-04T22:49:48,drug-violation,low,30.274941,-97.880079
INC-001978,2025-06-04T01:33:20,fraud,high,34.006715,-118.095452
INC-001979,2025-05-08T14:32:53,other,medium,30.393788,-97.60316
INC-001980,2025-08-30T16:23:42,drug-violation,low,41.756234,-87.606041
INC-001981,2024-09-24T08:56:34,vandalism,medium,39.779986,-104.832712
INC-001982,2026-02-20T05:43:24,other,low,25.649381,-80.195856
INC-001983,2025-05-02T06:53:17,robbery,low,37.653092,-122.517147
INC-001984,2025-07-23T17:46:49,burglary,medium,34.111379,-118.149435
INC-001985,2025-01-01T15:16:51,robbery,low,40.673918,-74.092042
INC-001986,2025-08-04T13:07:46,vandalism,low,47.513504,-122.303338
INC-001987,2024-07-15T06:33:15,burglary,low,34.11968,-118.381567
INC-001988,2026-03-07T15:02:01,fraud,medium,40.771576,-73.964587
INC-001989,2025-05-29T23:46:48,other,medium,30.249042,-97.708757
INC-001990,2025-02-13T22:44:21,assault,low,34.180964,-118.361143
INC-001991,2024-12-19T19:25:19,other,low,47.752575,-122.324273
INC-001992,2025-11-09T04:58:06,vehicle-theft,medium,39.695687,-104.986932
INC-001993,2025-07-05T08:18:55,robbery,low,25.634177,-80.245761
INC-001994,2024-12-06T11:07:06,assault,high,37.789643,-122.563464
INC-001995,2024-06-17T08:01:44,theft-from-vehicle,low,25.713778,-80.329158
INC-001996,2026-01-21T03:23:08,theft-from-vehicle,high,40.805818,-74.172431
INC-001997,2025-02-08T02:52:56,vehicle-theft,low,25.769865,-80.324845
INC-001998,2024-12-06T08:21:49,other,low,33.962089,-118.243822
INC-001999,2025-04-12T07:38:25,theft-from-vehicle,low,25.830106,-80.264813
INC-002000,2024-12-26T03:51:18,vandalism,medium,37.769368,-122.333994
INC-002001,2025-12-04T04:21:00,fraud,medium,40.786043,-74.115298
INC-002002,2026-04-27T13:02:58,theft-from-vehicle,low,25.754631,-80.268117
INC-002003,2025-07-22T19:52:09,burglary,low,25.675572,-80.214391
INC-002004,2025-12-15T12:35:05,theft-from-vehicle,low,37.779085,-122.411211
INC-002005,2025-08-29T06:41:17,theft-from-vehicle,low,34.077202,-118.349505
INC-002006,2025-03-24T14:06:43,assault,low,30.223393,-97.591415
INC-002007,2024-07-19T15:13:44,theft-from-vehicle,low,34.040993,-118.409138
INC-002008,2025-03-31T18:19:16,burglary,low,41.793989,-87.672721
INC-002009,2025-05-18T04:46:05,fraud,high,41.863166,-87.560342
INC-002010,2024-11-18T05:40:02,theft-from-vehicle,low,37.667585,-122.271729
INC-002011,2026-03-03T09:54:40,theft-from-vehicle,medium,25.848471,-80.324358
INC-002012,2025-08-23T21:34:31,assault,high,33.963079,-118.336039
INC-002013,2026-02-24T07:03:17,vehicle-theft,high,34.041859,-118.418923
INC-002014,2025-05-22T19:51:40,burglary,medium,37.687494,-122.314731
INC-002015,2026-03-14T09:11:14,burglary,low,30.394827,-97.813014
INC-002016,2025-06-24T15:29:55,assault,low,40.659747,-74.007937
INC-002017,2025-09-23T03:21:36,burglary,high,30.23199,-97.791518
INC-002018,2024-05-22T04:12:50,burglary,low,34.065941,-118.338941
INC-002019,2025-05-07T06:11:44,vandalism,low,37.65861,-122.414638
INC-002020,2026-02-19T17:17:38,burglary,low,37.92276,-122.374735
INC-002021,2024-05-17T23:03:35,vehicle-theft,low,41.73213,-87.536075
INC-002022,2024-10-01T07:59:11,theft-from-vehicle,low,25.633301,-80.262141
INC-002023,2025-02-04T06:08:12,burglary,medium,37.769243,-122.419477
INC-002024,2024-08-01T08:28:42,burglary,high,30.229317,-97.669137
INC-002025,2025-11-11T20:58:57,drug-violation,high,40.76908,-74.068983
INC-002026,2025-05-03T06:08:31,burglary,medium,34.207118,-118.299595
INC-002027,2024-12-04T21:54:50,vandalism,medium,37.909963,-122.35917
INC-002028,2024-10-10T01:57:42,burglary,low,30.097287,-97.781521
INC-002029,2024-06-16T16:30:22,assault,medium,37.630746,-122.539625
INC-002030,2024-07-20T09:50:09,vehicle-theft,medium,39.669629,-105.192716
INC-002031,2025-08-21T01:26:26,theft-from-vehicle,low,37.675001,-122.255261
INC-002032,2026-01-18T01:34:07,burglary,low,39.583495,-105.079429
INC-002033,2025-06-08T05:18:24,theft-from-vehicle,medium,37.91907,-122.440219
INC-002034,2025-03-23T16:59:06,theft-from-vehicle,low,25.675104,-80.263005
INC-002035,2025-11-26T03:29:08,other,low,30.338245,-97.669014
INC-002036,2024-09-02T18:32:46,theft-from-vehicle,low,33.902565,-118.181756
INC-002037,2025-04-17T00:53:09,vandalism,low,34.212032,-118.277328
INC-002038,2026-02-01T14:54:13,burglary,medium,47.538588,-122.515468
INC-002039,2024-07-12T10:13:39,theft-from-vehicle,low,34.076546,-118.124537
INC-002040,2025-05-26T23:38:58,vehicle-theft,medium,47.616798,-122.455325
INC-002041,2025-09-30T08:20:08,drug-violation,low,40.854865,-74.009168
INC-002042,2025-02-12T22:01:32,theft-from-vehicle,low,37.759045,-122.209608
INC-002043,2025-05-23T19:07:07,burglary,low,41.866023,-87.740958
INC-002044,2025-06-17T17:24:09,theft-from-vehicle,medium,34.157745,-118.157559
INC-002045,2025-12-07T07:45:46,vandalism,low,47.548229,-122.340681
INC-002046,2024-05-22T09:25:13,burglary,medium,37.620178,-122.338974
INC-002047,2025-08-17T00:18:10,vehicle-theft,low,34.216272,-118.315196
INC-002048,2025-05-14T15:11:45,burglary,low,25.833714,-80.170546
INC-002049,2026-01-11T09:33:32,drug-violation,medium,37.849994,-122.227763
INC-002050,2026-02-21T02:55:06,burglary,low,30.369838,-97.667164
INC-002051,2025-03-28T03:28:49,theft-from-vehicle,low,47.667929,-122.283054
INC-002052,2025-09-14T16:10:32,burglary,low,34.051679,-118.213269
INC-002053,2025-03-10T06:30:22,theft-from-vehicle,medium,37.853619,-122.351076
INC-002054,2025-03-22T20:41:29,vehicle-theft,low,40.564954,-73.976247
INC-002055,2025-11-14T10:57:02,burglary,low,30.165857,-97.67366
INC-002056,2024-08-03T04:41:55,drug-violation,low,47.534669,-122.355054
INC-002057,2024-08-30T05:51:50,assault,low,25.801126,-80.235099
INC-002058,2025-08-26T01:02:41,vehicle-theft,medium,40.608762,-73.954229
INC-002059,2024-07-03T12:51:33,assault,high,25.634151,-80.153304
INC-002060,2025-10-23T11:56:44,vandalism,low,34.152256,-118.199665
INC-002061,2026-02-21T10:18:20,vehicle-theft,low,30.329628,-97.573942
INC-002062,2026-04-03T09:33:21,assault,medium,37.648725,-122.311285
INC-002063,2025-05-14T06:08:09,assault,low,37.896379,-122.259689
INC-002064,2025-10-10T08:39:08,vandalism,low,47.592632,-122.18248
INC-002065,2025-11-19T11:04:42,theft-from-vehicle,low,34.13967,-118.29911
INC-002066,2024-07-19T15:24:33,burglary,high,40.747663,-73.880784
INC-002067,2024-06-27T19:47:01,theft-from-vehicle,medium,30.141414,-97.611942
INC-002068,2026-01-16T06:44:32,theft-from-vehicle,low,34.071542,-118.172217
INC-002069,2025-08-08T09:10:42,burglary,low,41.732371,-87.524373
INC-002070,2025-01-21T22:08:52,burglary,low,47.626667,-122.395022
INC-002071,2024-09-15T13:27:00,vandalism,low,25.727201,-80.146367
INC-002072,2025-06-28T01:17:59,theft-from-vehicle,low,41.801323,-87.463471
INC-002073,2025-11-24T10:32:59,fraud,low,30.261586,-97.821005
INC-002074,2025-12-16T21:56:39,drug-violation,medium,30.227965,-97.559107
INC-002075,2026-04-21T21:27:21,theft-from-vehicle,low,39.889842,-104.88252
INC-002076,2024-05-26T05:27:23,vehicle-theft,low,37.756237,-122.385508
INC-002077,2024-06-11T10:24:08,vandalism,medium,37.690198,-122.221363
INC-002078,2026-03-08T17:18:59,drug-violation,medium,25.705021,-80.106016
INC-002079,2024-11-06T09:28:41,robbery,medium,33.983061,-118.378107
INC-002080,2026-04-01T00:54:35,theft-from-vehicle,low,37.896512,-122.401086
INC-002081,2025-07-06T06:33:38,theft-from-vehicle,low,47.654473,-122.361348
INC-002082,2025-08-12T17:53:25,vehicle-theft,low,30.369393,-97.607997
INC-002083,2025-11-23T12:15:13,vehicle-theft,medium,25.586528,-80.213578
INC-002084,2024-05-08T20:00:20,burglary,medium,40.881605,-73.986786
INC-002085,2024-11-29T07:47:03,burglary,low,34.020951,-118.336871
INC-002086,2024-09-02T06:19:52,theft-from-vehicle,medium,41.790725,-87.753337
INC-002087,2024-06-29T17:03:18,theft-from-vehicle,low,47.525935,-122.190564
INC-002088,2025-01-03T16:03:10,burglary,medium,37.891773,-122.517607
INC-002089,2026-01-13T15:00:02,burglary,low,34.075403,-118.076224
INC-002090,2025-10-20T13:09:13,drug-violation,medium,40.628237,-74.12456
INC-002091,2024-09-06T12:22:41,theft-from-vehicle,medium,47.662793,-122.318108
INC-002092,2025-03-01T21:51:00,theft-from-vehicle,low,34.06625,-118.046562
INC-002093,2025-11-06T13:37:35,theft-from-vehicle,low,33.936923,-118.146752
INC-002094,2025-09-21T23:55:34,burglary,medium,39.843571,-104.813762
INC-002095,2024-08-23T23:38:08,theft-from-vehicle,low,47.590514,-122.227876
INC-002096,2025-07-19T18:29:51,assault,low,37.811627,-122.288604
INC-002097,2025-10-21T04:52:28,theft-from-vehicle,low,25.932609,-80.23332
INC-002098,2025-07-25T21:39:24,drug-violation,high,40.557173,-74.014715
INC-002099,2024-07-14T20:29:13,fraud,medium,37.718462,-122.454712
INC-002100,2025-11-08T20:57:40,theft-from-vehicle,high,47.472355,-122.16233
INC-002101,2024-09-22T21:54:11,theft-from-vehicle,medium,37.80349,-122.364375
INC-002102,2025-01-18T04:34:17,vehicle-theft,medium,41.859328,-87.704979
INC-002103,2025-06-26T11:03:30,burglary,medium,30.277871,-97.867177
INC-002104,2025-05-16T20:52:18,theft-from-vehicle,medium,37.653954,-122.395517
INC-002105,2025-05-12T03:22:07,drug-violation,high,39.72236,-104.966299
INC-002106,2025-10-01T13:46:44,vehicle-theft,low,33.899578,-118.315172
INC-002107,2024-08-12T02:53:23,vandalism,medium,34.128255,-118.169516
INC-002108,2025-08-24T18:50:15,robbery,low,40.734514,-73.81088
INC-002109,2024-08-07T03:20:04,vandalism,low,40.790016,-74.05566
INC-002110,2026-01-14T02:57:02,vandalism,medium,25.81504,-80.010117
INC-002111,2025-01-31T10:37:18,drug-violation,low,25.582187,-80.200041
INC-002112,2025-11-03T02:53:57,theft-from-vehicle,medium,37.904622,-122.50172
INC-002113,2025-01-02T01:00:38,robbery,high,25.919731,-80.218359
INC-002114,2024-05-07T23:44:36,burglary,high,47.780947,-122.386064
INC-002115,2025-11-22T19:27:02,burglary,medium,40.806122,-74.080337
INC-002116,2024-08-19T15:40:10,other,medium,47.570095,-122.191752
INC-002117,2026-01-29T07:55:06,assault,high,25.861687,-80.138251
INC-002118,2024-09-19T04:48:32,burglary,low,47.581968,-122.350964
INC-002119,2024-10-13T12:41:43,assault,medium,41.944874,-87.746043
INC-002120,2024-07-09T08:07:39,theft-from-vehicle,medium,39.69024,-104.942366
INC-002121,2024-07-05T09:55:52,vehicle-theft,medium,39.695264,-104.892779
INC-002122,2024-12-29T13:03:48,vehicle-theft,low,33.898687,-118.136586
INC-002123,2025-04-15T02:21:45,burglary,medium,37.693935,-122.45312
INC-002124,2025-02-07T16:30:47,fraud,medium,25.674961,-80.158276
INC-002125,2026-04-18T02:01:44,vehicle-theft,medium,47.755823,-122.208047
INC-002126,2025-12-21T15:33:28,vehicle-theft,medium,39.64587,-105.179513
INC-002127,2025-01-23T22:01:31,other,low,41.879009,-87.534751
INC-002128,2026-04-25T06:42:09,assault,medium,39.634773,-104.835126
INC-002129,2025-11-20T15:09:05,vehicle-theft,low,37.857533,-122.53469
INC-002130,2025-11-28T01:03:55,theft-from-vehicle,low,39.711387,-105.065403
INC-002131,2024-07-20T19:11:28,drug-violation,low,37.618263,-122.495935
INC-002132,2025-01-19T01:30:27,vandalism,medium,30.152617,-97.758009
INC-002133,2026-03-21T09:42:22,vandalism,medium,42.004935,-87.578563
INC-002134,2025-08-16T05:07:21,assault,low,41.874813,-87.41514
INC-002135,2025-07-12T03:18:47,burglary,medium,39.614711,-105.10502
INC-002136,2026-02-17T11:45:40,vandalism,low,25.835906,-80.196188
INC-002137,2025-08-04T23:10:09,vehicle-theft,low,47.511942,-122.165006
INC-002138,2024-06-28T04:03:25,vandalism,low,25.885659,-80.154193
INC-002139,2025-07-18T00:58:37,vehicle-theft,low,34.195792,-118.1282
INC-002140,2025-09-12T20:24:16,theft-from-vehicle,medium,30.345895,-97.781681
INC-002141,2025-06-10T10:09:06,robbery,medium,30.292008,-97.577523
INC-002142,2025-10-08T12:39:04,drug-violation,medium,33.98315,-118.246401
INC-002143,2026-03-11T17:47:23,theft-from-vehicle,high,40.769262,-73.914887
INC-002144,2025-05-13T18:59:32,theft-from-vehicle,low,39.788111,-104.764844
INC-002145,2026-02-28T13:47:55,assault,medium,39.662949,-105.130714
INC-002146,2026-03-21T04:02:49,theft-from-vehicle,low,40.727826,-74.102427
INC-002147,2025-07-05T14:19:29,fraud,low,30.260726,-97.932743
INC-002148,2024-11-29T23:22:12,vehicle-theft,low,30.109553,-97.767941
INC-002149,2026-01-17T02:51:52,burglary,medium,25.808199,-80.102932
INC-002150,2024-05-03T23:19:53,burglary,low,39.796342,-105.064888
INC-002151,2025-01-11T07:17:40,theft-from-vehicle,low,41.860332,-87.748994
INC-002152,2024-11-17T12:49:50,vandalism,medium,47.631434,-122.480892
INC-002153,2026-03-05T04:09:28,fraud,medium,41.923884,-87.654847
INC-002154,2025-03-30T15:38:36,drug-violation,low,40.554611,-74.00483
INC-002155,2026-03-22T01:54:17,theft-from-vehicle,low,34.058787,-118.206196
INC-002156,2024-12-02T22:59:11,burglary,low,25.662076,-80.315361
INC-002157,2025-08-11T23:11:46,robbery,medium,25.685882,-80.068726
INC-002158,2024-09-04T08:50:28,assault,medium,25.827868,-80.176892
INC-002159,2024-11-01T18:42:26,burglary,low,47.566128,-122.165183
INC-002160,2025-04-13T18:16:21,assault,medium,30.319763,-97.854233
INC-002161,2024-06-14T04:19:10,theft-from-vehicle,medium,40.693687,-73.969025
INC-002162,2024-09-18T12:14:31,drug-violation,low,33.919712,-118.126581
INC-002163,2025-07-30T20:47:42,drug-violation,medium,25.771626,-80.38112
INC-002164,2025-01-14T12:53:05,drug-violation,medium,40.862254,-73.911636
INC-002165,2026-03-19T16:02:41,robbery,low,25.695994,-80.301837
INC-002166,2025-07-16T22:01:52,fraud,low,39.833451,-105.083881
INC-002167,2026-01-14T03:33:28,vehicle-theft,low,47.595344,-122.155579
INC-002168,2024-07-08T23:16:09,assault,low,47.607229,-122.097839
INC-002169,2025-11-03T00:21:26,other,high,37.669739,-122.336149
INC-002170,2025-09-30T08:18:18,theft-from-vehicle,low,33.945618,-118.214782
INC-002171,2025-11-06T03:02:15,burglary,low,37.678242,-122.356674
INC-002172,2025-03-12T05:25:01,robbery,medium,47.741202,-122.243371
INC-002173,2024-09-08T13:15:06,vandalism,low,37.656049,-122.52127
INC-002174,2025-05-25T18:01:35,drug-violation,low,34.223099,-118.284929
INC-002175,2025-09-24T03:55:29,drug-violation,medium,34.127574,-118.408026
INC-002176,2025-09-20T00:16:05,burglary,medium,30.212375,-97.656303
INC-002177,2025-03-30T16:39:42,vehicle-theft,medium,30.318028,-97.584951
INC-002178,2025-05-21T00:17:22,assault,low,40.729,-73.858849
INC-002179,2025-03-27T13:39:19,theft-from-vehicle,low,34.079858,-118.306977
INC-002180,2024-08-26T20:14:28,burglary,medium,34.039798,-118.056036
INC-002181,2025-10-01T17:05:39,burglary,medium,37.78334,-122.342051
INC-002182,2024-05-29T06:08:06,drug-violation,medium,40.601164,-74.087512
INC-002183,2024-12-11T07:03:05,vandalism,low,40.684995,-74.239701
INC-002184,2025-04-21T17:02:19,theft-from-vehicle,medium,33.886703,-118.18793
INC-002185,2025-08-27T05:48:07,vandalism,medium,37.685703,-122.443118
INC-002186,2025-03-09T14:50:39,burglary,low,37.864972,-122.560187
INC-002187,2026-04-22T17:37:50,theft-from-vehicle,low,25.806868,-80.013198
INC-002188,2024-12-06T16:22:08,burglary,medium,40.712551,-73.901647
INC-002189,2024-07-28T00:30:49,theft-from-vehicle,high,34.058741,-118.081149
INC-002190,2024-11-23T14:08:55,vehicle-theft,medium,39.652755,-104.95286
INC-002191,2024-09-17T04:47:27,other,medium,37.890316,-122.297073
INC-002192,2026-02-12T00:22:09,theft-from-vehicle,high,39.582254,-105.051999
INC-002193,2024-12-25T07:48:59,vehicle-theft,low,34.10171,-118.247327
INC-002194,2025-06-26T14:31:54,assault,high,37.781431,-122.467262
INC-002195,2024-11-18T07:30:33,vandalism,medium,37.652857,-122.470842
INC-002196,2025-09-26T12:45:44,vehicle-theft,low,25.894393,-80.309854
INC-002197,2024-10-18T06:41:12,burglary,low,25.727114,-80.048527
INC-002198,2024-07-25T19:18:52,burglary,high,37.634379,-122.339527
INC-002199,2026-04-10T12:53:45,burglary,medium,39.831413,-104.99407
INC-002200,2024-05-23T11:49:35,drug-violation,low,37.752292,-122.286667
INC-002201,2024-07-28T02:18:45,theft-from-vehicle,low,41.848523,-87.435425
INC-002202,2025-04-14T20:30:31,burglary,low,37.766698,-122.492667
INC-002203,2024-05-27T19:01:01,vandalism,medium,30.132215,-97.720874
INC-002204,2024-08-31T01:17:08,fraud,low,25.935051,-80.189302
INC-002205,2025-03-28T03:59:11,theft-from-vehicle,medium,37.773179,-122.268894
INC-002206,2025-06-25T09:53:04,assault,low,41.891751,-87.58331
INC-002207,2024-11-13T13:10:33,vehicle-theft,low,41.814183,-87.673058
INC-002208,2025-01-13T10:07:43,burglary,low,47.508466,-122.535569
INC-002209,2026-01-08T00:34:25,theft-from-vehicle,low,34.172101,-118.382358
INC-002210,2025-06-26T18:27:48,robbery,medium,34.136054,-118.301643
INC-002211,2024-10-21T21:14:59,vehicle-theft,low,34.086314,-118.241511
INC-002212,2026-03-19T18:14:12,assault,low,39.644277,-105.078653
INC-002213,2025-10-15T07:33:58,theft-from-vehicle,medium,34.224516,-118.206934
INC-002214,2025-01-18T15:04:08,theft-from-vehicle,medium,25.79231,-80.142325
INC-002215,2026-04-12T16:44:46,theft-from-vehicle,medium,47.697962,-122.129491
INC-002216,2026-04-28T09:48:47,burglary,low,30.253405,-97.589266
INC-002217,2025-05-30T22:21:24,vehicle-theft,medium,37.862223,-122.576403
INC-002218,2026-02-10T12:53:39,fraud,low,40.69143,-73.910388
INC-002219,2024-09-03T23:02:19,robbery,low,47.729449,-122.524538
INC-002220,2025-04-18T17:58:13,drug-violation,medium,30.333393,-97.585567
INC-002221,2025-04-20T00:55:06,other,low,33.89497,-118.273743
INC-002222,2026-02-04T06:12:53,vandalism,low,37.845324,-122.420609
INC-002223,2024-12-08T02:19:55,vandalism,medium,37.835167,-122.510377
INC-002224,2024-05-21T09:17:25,burglary,low,30.321455,-97.765979
INC-002225,2026-04-05T05:09:36,vandalism,low,47.629498,-122.3449
INC-002226,2026-03-05T00:41:03,theft-from-vehicle,low,37.929014,-122.362053
INC-002227,2024-12-05T17:10:15,burglary,low,40.758447,-73.846093
INC-002228,2025-05-06T15:13:19,burglary,low,40.539914,-73.977505
INC-002229,2026-02-10T03:57:58,fraud,low,37.870932,-122.288839
INC-002230,2024-07-09T06:08:29,other,low,37.849087,-122.23161
INC-002231,2024-09-03T16:55:19,assault,low,37.680437,-122.521637
INC-002232,2024-11-20T13:24:03,theft-from-vehicle,medium,37.859658,-122.300085
INC-002233,2024-11-18T07:57:43,robbery,low,34.145107,-118.065407
INC-002234,2026-01-22T12:19:43,vandalism,medium,47.581356,-122.12644
INC-002235,2025-03-11T00:01:51,vandalism,low,47.545436,-122.336492
INC-002236,2024-12-07T02:40:38,fraud,medium,37.716186,-122.454025
INC-002237,2026-02-01T17:00:33,drug-violation,medium,47.555649,-122.320007
INC-002238,2024-06-24T23:03:28,drug-violation,low,34.045972,-118.327698
INC-002239,2024-12-30T13:04:53,assault,low,39.844922,-104.860441
INC-002240,2025-03-11T13:13:48,burglary,low,39.599915,-105.124204
INC-002241,2025-05-08T04:59:02,fraud,medium,41.836887,-87.398387
INC-002242,2024-10-20T12:17:44,assault,low,39.655865,-105.120831
INC-002243,2025-07-15T14:30:11,vandalism,medium,41.716023,-87.572158
INC-002244,2024-10-04T04:15:33,robbery,low,30.292481,-97.946576
INC-002245,2024-10-11T21:47:34,vehicle-theft,medium,41.842278,-87.569673
INC-002246,2024-08-26T21:41:51,vandalism,medium,37.845477,-122.619633
INC-002247,2025-03-30T11:46:52,fraud,medium,37.752608,-122.293424
INC-002248,2025-09-11T21:00:36,fraud,medium,40.697582,-73.796817
INC-002249,2025-08-16T03:02:44,burglary,low,33.894216,-118.328324
INC-002250,2025-01-18T03:25:31,theft-from-vehicle,high,41.755494,-87.58634
INC-002251,2025-01-09T09:10:11,burglary,high,30.298617,-97.894728
INC-002252,2025-11-02T14:58:30,vandalism,high,34.226933,-118.26277
INC-002253,2024-12-25T22:51:04,theft-from-vehicle,medium,41.92778,-87.457853
INC-002254,2025-11-27T10:19:17,vehicle-theft,medium,47.612658,-122.408659
INC-002255,2025-10-24T03:21:22,theft-from-vehicle,low,34.138656,-118.386355
INC-002256,2026-04-17T23:34:26,vehicle-theft,low,34.005959,-118.444373
INC-002257,2025-03-25T19:33:40,other,low,25.878864,-80.296193
INC-002258,2025-12-15T15:54:52,theft-from-vehicle,medium,41.74309,-87.678392
INC-002259,2024-08-30T15:48:32,other,high,37.668607,-122.423411
INC-002260,2025-11-18T17:23:36,assault,low,34.020737,-118.317657
INC-002261,2026-03-12T08:58:32,vandalism,low,47.740897,-122.181167
INC-002262,2024-08-16T20:16:15,assault,low,33.983784,-118.315286
INC-002263,2025-12-08T11:51:41,burglary,medium,25.819097,-80.163172
INC-002264,2025-10-16T14:33:29,assault,low,39.639482,-105.019809
INC-002265,2025-04-20T10:37:13,theft-from-vehicle,low,39.575255,-104.962473
INC-002266,2024-05-31T15:14:13,drug-violation,low,37.759231,-122.3993
INC-002267,2025-07-24T17:24:31,theft-from-vehicle,low,30.294788,-97.648843
INC-002268,2025-03-30T18:34:30,theft-from-vehicle,low,37.67426,-122.581895
INC-002269,2025-11-04T23:29:22,assault,medium,30.281623,-97.792053
INC-002270,2026-04-12T13:11:34,assault,medium,37.811354,-122.422336
INC-002271,2025-08-16T11:57:56,vandalism,low,30.441609,-97.774174
INC-002272,2025-09-15T03:10:43,burglary,medium,25.686869,-80.097331
INC-002273,2024-10-04T16:15:39,fraud,low,33.998502,-118.390743
INC-002274,2024-12-16T20:28:52,drug-violation,high,25.925609,-80.143714
INC-002275,2024-09-25T22:02:34,assault,low,40.850456,-73.916033
INC-002276,2024-12-14T23:22:22,theft-from-vehicle,low,37.892917,-122.258151
INC-002277,2025-09-07T12:16:30,vehicle-theft,medium,33.875499,-118.276308
INC-002278,2025-02-06T08:21:57,robbery,low,41.742797,-87.775594
INC-002279,2026-02-19T04:04:04,vehicle-theft,high,41.939085,-87.669033
INC-002280,2026-03-05T12:42:05,vandalism,low,34.150943,-118.177313
INC-002281,2026-03-07T03:02:33,vehicle-theft,low,41.952735,-87.763523
INC-002282,2025-09-03T21:20:31,vehicle-theft,low,41.867031,-87.85913
INC-002283,2025-02-26T16:05:04,burglary,medium,40.642164,-73.945821
INC-002284,2025-10-19T16:28:30,vandalism,low,41.891168,-87.468457
INC-002285,2025-07-02T16:09:09,other,low,37.786014,-122.198315
INC-002286,2024-10-13T11:39:18,vandalism,low,37.750724,-122.579377
INC-002287,2025-10-24T16:17:46,theft-from-vehicle,low,34.042786,-118.380445
INC-002288,2026-04-06T14:19:03,fraud,medium,40.654953,-73.965113
INC-002289,2025-05-12T08:31:55,fraud,high,34.174714,-118.257687
INC-002290,2024-05-08T23:49:17,burglary,medium,34.034604,-118.399736
INC-002291,2026-04-14T12:54:02,vehicle-theft,medium,37.939203,-122.484472
INC-002292,2025-04-30T10:07:16,assault,low,25.861551,-80.161474
INC-002293,2025-08-09T21:43:03,burglary,medium,47.475903,-122.463871
INC-002294,2024-11-14T06:28:32,theft-from-vehicle,low,25.655515,-80.211717
INC-002295,2025-01-16T22:40:02,drug-violation,medium,33.968048,-118.17675
INC-002296,2026-04-03T02:00:30,assault,high,37.81036,-122.579321
INC-002297,2025-06-17T23:06:05,burglary,medium,33.958356,-118.382579
INC-002298,2025-11-20T04:25:29,burglary,medium,47.673684,-122.547924
INC-002299,2025-02-26T07:53:02,vehicle-theft,medium,37.741063,-122.446685
INC-002300,2025-10-07T04:17:08,robbery,low,47.61564,-122.092653
INC-002301,2025-11-17T13:30:30,vandalism,low,37.856857,-122.231925
INC-002302,2025-11-07T03:22:33,robbery,low,25.636122,-80.163025
INC-002303,2024-08-06T01:22:06,theft-from-vehicle,medium,40.761273,-74.158056
INC-002304,2025-03-23T08:39:12,assault,medium,41.821594,-87.667609
INC-002305,2025-09-05T10:43:54,assault,medium,42.005875,-87.464016
INC-002306,2025-11-14T17:49:47,burglary,low,42.002908,-87.6568
INC-002307,2025-04-19T21:05:55,robbery,low,33.923265,-118.384319
INC-002308,2024-09-12T18:49:49,drug-violation,low,37.800127,-122.418599
INC-002309,2024-09-25T18:20:10,burglary,medium,41.775855,-87.731241
INC-002310,2025-03-31T01:19:20,assault,low,34.048288,-118.371102
INC-002311,2026-01-13T09:46:32,vandalism,low,34.025954,-118.156742
INC-002312,2025-03-09T06:08:29,burglary,medium,41.929122,-87.478455
INC-002313,2025-08-10T07:09:30,theft-from-vehicle,medium,39.655628,-105.187886
INC-002314,2024-09-16T22:35:21,burglary,medium,39.812265,-105.173967
INC-002315,2026-01-26T14:36:04,other,high,40.714731,-73.84116
INC-002316,2024-07-20T10:18:28,burglary,low,40.545474,-74.038694
INC-002317,2025-07-13T21:08:07,burglary,low,30.288493,-97.80044
INC-002318,2026-01-21T17:35:04,theft-from-vehicle,medium,37.738911,-122.274742
INC-002319,2026-02-25T04:02:52,other,low,37.711054,-122.249761
INC-002320,2026-04-29T09:14:14,burglary,low,25.725695,-80.049125
INC-002321,2025-02-08T08:02:24,burglary,medium,42.040114,-87.647363
INC-002322,2025-01-05T22:08:21,other,low,37.76459,-122.351676
INC-002323,2025-03-15T14:36:23,other,low,40.78896,-73.868895
INC-002324,2024-05-09T22:33:03,burglary,low,25.898426,-80.309597
INC-002325,2025-09-09T23:32:37,assault,low,30.231455,-97.549835
INC-002326,2025-01-05T21:51:13,burglary,medium,34.165835,-118.147076
INC-002327,2024-08-14T09:00:16,vandalism,low,37.686163,-122.413171
INC-002328,2025-01-21T12:00:57,vandalism,medium,37.654382,-122.437599
INC-002329,2025-04-22T18:32:50,assault,medium,25.760249,-80.178702
INC-002330,2025-03-27T02:56:33,drug-violation,medium,40.623329,-74.099144
INC-002331,2025-12-25T12:11:02,assault,medium,39.846873,-104.934575
INC-002332,2025-11-22T17:50:30,theft-from-vehicle,medium,34.032665,-118.251592
INC-002333,2025-03-14T15:48:16,drug-violation,low,41.843781,-87.548859
INC-002334,2024-08-17T06:56:24,burglary,low,41.820663,-87.427931
INC-002335,2026-02-24T04:31:11,theft-from-vehicle,low,33.98193,-118.346435
INC-002336,2025-11-12T20:41:25,vandalism,low,40.625669,-73.819507
INC-002337,2024-05-24T23:08:53,theft-from-vehicle,low,40.739265,-74.238376
INC-002338,2024-11-20T07:49:44,assault,low,25.777493,-80.003913
INC-002339,2026-01-21T16:37:37,burglary,medium,34.028294,-118.172845
INC-002340,2024-05-06T09:53:24,burglary,low,47.699563,-122.181716
INC-002341,2024-07-22T14:25:51,assault,low,37.797717,-122.39241
INC-002342,2024-05-16T15:16:26,vehicle-theft,medium,33.900367,-118.293998
INC-002343,2025-07-21T01:39:59,vehicle-theft,low,25.910041,-80.131819
INC-002344,2024-12-16T10:04:00,theft-from-vehicle,high,37.79389,-122.526374
INC-002345,2024-11-22T21:07:15,drug-violation,low,39.690927,-104.795679
INC-002346,2025-12-26T11:54:59,fraud,low,40.789728,-74.19308
INC-002347,2024-12-17T09:34:27,fraud,low,40.632511,-74.164457
INC-002348,2025-04-23T02:19:20,theft-from-vehicle,low,39.835091,-105.095624
INC-002349,2026-02-13T10:38:09,burglary,low,47.640639,-122.268858
INC-002350,2025-08-01T04:29:49,theft-from-vehicle,low,30.310518,-97.847645
INC-002351,2026-01-05T07:24:26,theft-from-vehicle,high,34.151321,-118.418631
INC-002352,2025-12-31T05:49:54,drug-violation,low,39.844536,-104.989723
INC-002353,2025-11-02T09:16:12,theft-from-vehicle,low,37.840393,-122.462152
INC-002354,2025-07-28T23:31:44,assault,low,40.583022,-73.98743
INC-002355,2024-11-12T05:36:06,assault,medium,34.102145,-118.39178
INC-002356,2026-02-18T00:20:46,theft-from-vehicle,high,34.015447,-118.219512
INC-002357,2024-09-06T15:32:35,burglary,low,25.788306,-80.314596
INC-002358,2025-02-23T00:57:17,theft-from-vehicle,high,30.311347,-97.609912
INC-002359,2025-05-25T10:51:07,theft-from-vehicle,low,39.668834,-104.928956
INC-002360,2025-01-28T17:10:38,drug-violation,medium,34.096715,-118.363443
INC-002361,2025-02-01T18:04:28,other,low,40.617223,-74.093709
INC-002362,2025-05-31T12:26:23,assault,low,41.852066,-87.583975
INC-002363,2026-04-14T05:18:24,other,low,41.842674,-87.468952
INC-002364,2025-07-26T14:18:29,drug-violation,medium,34.003871,-118.144061
INC-002365,2025-01-15T02:14:58,theft-from-vehicle,high,37.810642,-122.480465
INC-002366,2026-02-16T17:22:03,drug-violation,medium,25.689726,-80.167283
INC-002367,2025-07-11T13:02:11,vehicle-theft,low,41.983612,-87.775172
INC-002368,2025-03-28T17:28:20,theft-from-vehicle,low,40.824284,-74.04177
INC-002369,2025-04-20T10:52:55,theft-from-vehicle,low,41.961229,-87.662136
INC-002370,2024-05-20T11:16:52,theft-from-vehicle,medium,47.703436,-122.263844
INC-002371,2024-08-15T23:47:23,theft-from-vehicle,low,33.917367,-118.213835
INC-002372,2025-08-24T23:16:04,theft-from-vehicle,high,40.843876,-73.960357
INC-002373,2025-07-30T11:32:47,burglary,medium,39.630995,-104.99372
INC-002374,2025-11-03T18:44:12,fraud,medium,25.794398,-80.327079
INC-002375,2024-09-19T23:19:30,vehicle-theft,low,39.593962,-105.107532
INC-002376,2025-04-19T05:07:29,robbery,low,47.720288,-122.218602
INC-002377,2024-09-22T01:25:16,theft-from-vehicle,medium,39.736855,-104.804586
INC-002378,2025-03-02T04:34:39,burglary,high,30.303622,-97.693957
INC-002379,2025-12-17T05:08:27,other,low,34.15515,-118.323762
INC-002380,2025-06-06T04:34:10,vandalism,medium,47.594903,-122.199314
INC-002381,2026-01-19T22:06:46,theft-from-vehicle,low,47.438291,-122.243482
INC-002382,2024-09-18T02:34:43,other,low,47.550179,-122.579629
INC-002383,2025-03-20T03:00:50,other,low,34.120276,-118.291493
INC-002384,2025-06-30T17:44:18,assault,low,47.692526,-122.543987
INC-002385,2024-08-17T02:00:38,theft-from-vehicle,low,39.670367,-105.01048
INC-002386,2025-02-10T15:28:57,vehicle-theft,low,30.347101,-97.831399
INC-002387,2025-09-19T10:14:09,vehicle-theft,medium,37.669298,-122.476691
INC-002388,2024-11-20T20:28:46,theft-from-vehicle,high,25.870347,-80.133053
INC-002389,2024-09-15T14:24:31,burglary,low,47.509406,-122.317967
INC-002390,2025-05-12T06:35:44,burglary,low,25.677476,-80.218507
INC-002391,2026-03-19T14:27:18,theft-from-vehicle,medium,33.985478,-118.12132
INC-002392,2026-04-29T01:47:08,theft-from-vehicle,high,47.555495,-122.337899
INC-002393,2025-02-24T21:53:47,drug-violation,low,37.857071,-122.365383
INC-002394,2024-08-09T21:11:13,burglary,low,33.91188,-118.144922
INC-002395,2025-07-28T08:05:37,theft-from-vehicle,low,37.685962,-122.392898
INC-002396,2026-04-07T10:13:48,burglary,low,41.743145,-87.773584
INC-002397,2025-05-22T22:26:14,assault,low,41.881304,-87.419331
INC-002398,2025-07-12T03:12:33,theft-from-vehicle,medium,30.223895,-97.582138
INC-002399,2024-07-31T22:31:17,theft-from-vehicle,medium,41.900054,-87.829115
INC-002400,2024-12-09T10:41:01,assault,medium,40.661889,-73.976086
INC-002401,2025-09-18T03:27:23,burglary,low,34.056051,-118.437712
INC-002402,2024-08-14T12:45:05,vandalism,medium,37.916725,-122.52846
INC-002403,2025-09-30T00:38:20,assault,low,40.758617,-73.863441
INC-002404,2026-02-23T14:43:17,drug-violation,low,37.812447,-122.223409
INC-002405,2026-01-03T16:52:43,theft-from-vehicle,low,37.911014,-122.543569
INC-002406,2025-02-26T15:56:01,theft-from-vehicle,high,41.733117,-87.559214
INC-002407,2024-12-24T08:16:34,other,low,30.352138,-97.842823
INC-002408,2025-05-25T01:04:23,assault,low,39.779724,-104.852455
INC-002409,2025-10-02T09:23:22,theft-from-vehicle,low,30.300105,-97.692926
INC-002410,2026-01-07T07:45:27,drug-violation,high,34.074353,-118.367017
INC-002411,2024-10-30T04:06:53,assault,low,37.89758,-122.304389
INC-002412,2026-01-07T20:02:38,theft-from-vehicle,medium,40.742164,-74.068851
INC-002413,2025-07-06T18:10:58,vandalism,low,33.992283,-118.448545
INC-002414,2024-10-01T16:36:43,assault,low,40.575501,-73.980893
INC-002415,2024-08-12T10:28:58,theft-from-vehicle,medium,37.616987,-122.47829
INC-002416,2025-11-19T14:28:44,vandalism,low,33.942844,-118.145296
INC-002417,2025-01-07T13:03:20,assault,low,37.811893,-122.328001
INC-002418,2026-01-12T16:43:34,vehicle-theft,medium,47.761566,-122.303581
INC-002419,2024-10-29T05:21:47,other,low,47.517102,-122.267144
INC-002420,2025-12-06T11:11:10,fraud,low,33.909236,-118.147295
INC-002421,2024-11-13T09:33:46,drug-violation,medium,40.659664,-74.084184
INC-002422,2025-09-16T02:00:24,burglary,medium,34.006735,-118.451779
INC-002423,2026-02-18T23:53:17,theft-from-vehicle,medium,40.764887,-73.905291
INC-002424,2024-06-16T03:38:03,vandalism,medium,40.584899,-73.928077
INC-002425,2026-02-12T06:48:15,vandalism,medium,40.84026,-73.954495
INC-002426,2024-07-31T05:35:12,burglary,low,47.596626,-122.373707
INC-002427,2025-01-24T15:12:59,other,medium,34.058172,-118.08354
INC-002428,2024-12-12T04:20:06,vandalism,low,30.128896,-97.794667
INC-002429,2025-03-24T21:40:12,theft-from-vehicle,low,37.897217,-122.414282
INC-002430,2025-11-14T14:10:25,theft-from-vehicle,low,37.620765,-122.473758
INC-002431,2025-01-30T23:14:15,burglary,low,34.165414,-118.277062
INC-002432,2025-12-27T20:15:42,theft-from-vehicle,low,41.940129,-87.416611
INC-002433,2025-09-12T20:30:36,drug-violation,medium,37.745287,-122.415117
INC-002434,2026-03-28T15:21:07,drug-violation,low,34.122947,-118.208979
INC-002435,2024-10-25T21:07:30,assault,low,40.780641,-74.198788
INC-002436,2024-10-31T13:38:10,fraud,low,37.842309,-122.401469
INC-002437,2024-11-20T10:56:43,theft-from-vehicle,low,42.031019,-87.536993
INC-002438,2024-10-16T20:03:02,vehicle-theft,low,30.196619,-97.862961
INC-002439,2024-12-10T04:18:17,fraud,low,40.785497,-74.183044
INC-002440,2025-01-07T20:35:56,vehicle-theft,low,40.727295,-73.819066
INC-002441,2026-04-02T14:50:13,robbery,low,47.450904,-122.196847
INC-002442,2024-07-10T20:24:21,theft-from-vehicle,low,33.882034,-118.203147
INC-002443,2024-08-25T02:00:41,theft-from-vehicle,medium,37.744337,-122.246007
INC-002444,2026-03-27T11:40:27,fraud,low,33.909914,-118.372179
INC-002445,2024-10-23T22:01:23,assault,low,37.729277,-122.554413
INC-002446,2025-11-16T21:05:53,vehicle-theft,medium,37.715718,-122.49653
INC-002447,2024-10-25T23:28:41,burglary,low,41.90308,-87.540811
INC-002448,2025-11-10T16:24:30,theft-from-vehicle,low,40.803231,-74.049012
INC-002449,2024-10-05T12:26:12,theft-from-vehicle,low,41.756886,-87.625679
INC-002450,2025-02-12T21:56:43,robbery,low,41.804636,-87.689063
INC-002451,2025-08-01T06:35:04,burglary,medium,40.608181,-73.896542
INC-002452,2024-11-29T18:34:51,assault,low,25.621613,-80.105071
INC-002453,2024-07-04T11:43:02,vandalism,medium,40.605561,-73.828032
INC-002454,2025-03-10T17:18:22,robbery,low,25.786894,-80.349675
INC-002455,2025-10-31T01:01:49,fraud,low,37.784751,-122.353636
INC-002456,2025-10-08T02:44:17,theft-from-vehicle,low,30.153947,-97.779844
INC-002457,2024-08-13T23:14:24,drug-violation,medium,33.969877,-118.133606
INC-002458,2025-02-02T06:39:20,burglary,low,47.527773,-122.238083
INC-002459,2024-12-24T08:41:32,assault,low,39.888612,-105.020821
INC-002460,2024-10-17T13:20:43,drug-violation,low,37.817689,-122.27913
INC-002461,2025-07-13T22:05:36,theft-from-vehicle,low,40.794633,-74.028895
INC-002462,2025-06-28T20:11:28,other,low,25.843106,-80.13518
INC-002463,2026-04-14T02:35:33,burglary,medium,25.773429,-80.211986
INC-002464,2024-07-19T11:32:20,other,low,40.789268,-73.991885
INC-002465,2025-11-10T10:57:37,assault,low,41.875752,-87.841153
INC-002466,2024-08-29T13:34:01,fraud,medium,39.87937,-105.044101
INC-002467,2025-03-19T20:21:30,fraud,high,40.557156,-74.104295
INC-002468,2026-01-08T08:55:26,vandalism,medium,25.850284,-80.248986
INC-002469,2024-12-20T19:24:27,burglary,low,42.041186,-87.543859
INC-002470,2024-11-29T11:24:15,robbery,low,37.663519,-122.501546
INC-002471,2025-02-03T16:55:54,theft-from-vehicle,high,33.97387,-118.355767
INC-002472,2025-03-10T22:08:55,burglary,high,30.202668,-97.798387
INC-002473,2025-11-22T17:33:57,assault,medium,41.780423,-87.609139
INC-002474,2024-09-25T23:26:06,theft-from-vehicle,low,40.641327,-74.13508
INC-002475,2025-12-07T11:31:37,other,medium,42.012126,-87.742655
INC-002476,2025-10-07T13:23:24,vandalism,medium,40.588731,-73.984525
INC-002477,2026-04-01T16:30:59,theft-from-vehicle,low,39.677219,-104.93856
INC-002478,2024-05-28T01:03:16,burglary,low,40.765044,-73.895521
INC-002479,2025-11-01T10:48:55,burglary,low,40.839064,-73.953089
INC-002480,2025-02-07T03:08:47,burglary,medium,40.645207,-73.898841
INC-002481,2024-12-30T08:23:27,vandalism,low,40.72752,-74.234693
INC-002482,2026-03-06T00:59:48,theft-from-vehicle,low,40.666428,-73.829795
INC-002483,2024-11-06T07:38:26,vandalism,medium,30.244065,-97.911442
INC-002484,2025-01-15T19:29:09,assault,medium,34.077352,-118.17381
INC-002485,2024-05-05T12:37:11,fraud,low,47.739263,-122.3986
INC-002486,2024-08-04T22:14:59,theft-from-vehicle,medium,39.626218,-104.942653
INC-002487,2025-09-22T23:36:04,theft-from-vehicle,low,34.017587,-118.4038
INC-002488,2026-04-22T12:16:32,burglary,low,47.607426,-122.596742
INC-002489,2024-08-19T11:16:59,assault,low,34.170733,-118.154961
INC-002490,2026-02-21T09:20:14,vandalism,high,41.856121,-87.497447
INC-002491,2025-09-30T13:52:42,drug-violation,low,40.767456,-74.072302
INC-002492,2025-01-16T02:05:12,assault,low,41.999557,-87.497838
INC-002493,2025-09-17T10:40:02,other,low,37.941449,-122.445324
INC-002494,2026-03-06T22:53:10,vandalism,medium,30.194411,-97.814591
INC-002495,2025-01-04T07:26:05,burglary,medium,41.925836,-87.613901
INC-002496,2024-10-26T15:23:37,theft-from-vehicle,medium,39.688493,-104.965083
INC-002497,2025-11-24T05:50:53,burglary,low,47.722889,-122.185682
INC-002498,2024-08-27T22:49:57,vehicle-theft,low,37.827843,-122.318028
INC-002499,2026-04-20T01:07:13,burglary,high,40.809139,-73.979669
INC-002500,2024-09-27T21:36:40,drug-violation,low,37.708534,-122.301543
INC-002501,2024-12-01T20:08:52,assault,low,37.753967,-122.433811
INC-002502,2026-01-06T15:24:06,burglary,low,41.796514,-87.500704
INC-002503,2024-09-25T02:28:44,robbery,medium,39.738498,-105.112092
INC-002504,2025-07-16T00:44:16,theft-from-vehicle,low,47.519821,-122.102791
INC-002505,2024-05-08T10:39:11,vandalism,medium,37.890064,-122.296427
INC-002506,2024-10-22T18:13:00,vehicle-theft,low,30.222206,-97.880066
INC-002507,2025-11-01T00:49:01,assault,medium,41.903016,-87.514871
INC-002508,2025-02-05T04:22:54,robbery,medium,37.777344,-122.517695
INC-002509,2025-01-07T07:29:34,assault,medium,37.796088,-122.454755
INC-002510,2025-08-28T13:32:25,other,medium,39.771043,-105.213464
INC-002511,2024-09-24T08:04:18,theft-from-vehicle,low,40.610931,-73.839828
INC-002512,2026-04-28T15:27:08,fraud,low,41.824748,-87.608736
INC-002513,2026-02-16T15:17:23,burglary,medium,40.826962,-74.166607
INC-002514,2025-03-15T11:50:50,fraud,medium,40.84903,-73.980434
INC-002515,2024-06-29T13:54:31,vandalism,low,25.750603,-80.091783
INC-002516,2026-02-14T18:55:19,vandalism,low,37.635496,-122.530336
INC-002517,2026-04-25T14:10:42,burglary,medium,30.231752,-97.739112
INC-002518,2026-01-30T03:34:53,vandalism,low,25.705894,-80.117531
INC-002519,2025-12-23T04:27:05,burglary,low,37.85671,-122.462778
INC-002520,2025-12-02T02:21:53,theft-from-vehicle,low,30.284968,-97.607146
INC-002521,2026-04-13T12:04:50,fraud,medium,25.876929,-80.159375
INC-002522,2025-12-07T10:30:18,drug-violation,low,34.096609,-118.384231
INC-002523,2025-04-04T02:47:21,vandalism,medium,30.337965,-97.699386
INC-002524,2025-07-25T09:15:58,theft-from-vehicle,medium,47.713581,-122.519757
INC-002525,2025-09-23T05:59:14,vandalism,low,34.009437,-118.057181
INC-002526,2025-05-04T21:26:13,theft-from-vehicle,low,33.981237,-118.359514
INC-002527,2026-01-09T22:12:36,theft-from-vehicle,low,30.215868,-97.80757
INC-002528,2025-02-19T23:07:39,theft-from-vehicle,low,39.734593,-104.984703
INC-002529,2025-04-18T14:27:57,vehicle-theft,low,30.366002,-97.743376
INC-002530,2026-03-31T16:58:23,other,low,39.62291,-105.007647
INC-002531,2025-05-17T04:58:33,theft-from-vehicle,medium,47.466574,-122.486316
INC-002532,2024-09-21T08:32:40,drug-violation,low,25.692688,-80.035068
INC-002533,2025-05-27T19:18:18,burglary,medium,47.546888,-122.517664
INC-002534,2026-01-09T18:37:29,assault,low,47.670144,-122.474404
INC-002535,2026-03-17T03:38:26,drug-violation,low,33.971625,-118.429804
INC-002536,2025-12-26T22:16:35,drug-violation,low,40.751427,-74.057812
INC-002537,2024-08-25T13:05:17,vehicle-theft,low,47.601587,-122.212705
INC-002538,2025-10-10T16:53:44,burglary,low,34.042921,-118.345993
INC-002539,2024-10-06T11:33:53,drug-violation,low,40.825794,-73.848843
INC-002540,2026-02-02T07:09:52,other,low,33.974499,-118.228743
INC-002541,2025-08-07T02:56:55,theft-from-vehicle,low,40.8236,-73.88838
INC-002542,2024-10-06T22:14:35,robbery,high,25.900637,-80.315257
INC-002543,2025-07-20T15:51:44,theft-from-vehicle,medium,41.776338,-87.631117
INC-002544,2024-10-06T09:07:22,drug-violation,low,40.560297,-74.038489
INC-002545,2025-01-17T15:52:44,theft-from-vehicle,low,25.77407,-80.286127
INC-002546,2025-05-13T11:09:05,theft-from-vehicle,low,47.727448,-122.28869
INC-002547,2024-07-02T22:14:03,robbery,medium,37.729327,-122.632821
INC-002548,2025-06-16T11:55:42,theft-from-vehicle,low,30.140396,-97.630497
INC-002549,2024-07-14T05:45:49,vehicle-theft,low,41.936234,-87.633441
INC-002550,2025-08-10T09:46:32,other,low,34.161882,-118.401351
INC-002551,2026-03-21T17:16:40,vandalism,medium,33.93415,-118.15689
INC-002552,2026-03-03T23:17:53,burglary,low,37.851158,-122.22358
INC-002553,2026-02-11T14:11:36,fraud,medium,47.777812,-122.272139
INC-002554,2025-02-02T02:15:24,theft-from-vehicle,low,30.148548,-97.707337
INC-002555,2025-10-20T04:38:41,assault,medium,34.043832,-118.133707
INC-002556,2024-06-13T16:20:16,vandalism,low,41.737441,-87.632054
INC-002557,2025-11-08T06:56:54,burglary,medium,30.408884,-97.764605
INC-002558,2026-03-24T12:14:28,robbery,low,40.595853,-73.841585
INC-002559,2025-06-15T18:20:44,theft-from-vehicle,medium,40.566434,-73.917717
INC-002560,2025-02-16T05:38:02,other,low,25.766467,-80.388962
INC-002561,2024-06-15T08:14:14,drug-violation,medium,30.386889,-97.862795
INC-002562,2026-04-08T16:59:56,theft-from-vehicle,low,40.86316,-74.088825
INC-002563,2024-06-15T03:59:49,drug-violation,medium,41.922901,-87.463653
INC-002564,2025-06-23T03:01:50,drug-violation,low,25.610302,-80.248567
INC-002565,2024-10-28T13:43:28,vandalism,medium,39.659787,-105.169561
INC-002566,2025-04-19T00:54:56,theft-from-vehicle,medium,47.743615,-122.308006
INC-002567,2024-06-25T06:48:08,robbery,low,40.792219,-74.146856
INC-002568,2025-03-19T12:51:35,vandalism,low,34.074841,-118.057009
INC-002569,2025-04-12T00:41:21,other,low,42.007591,-87.524633
INC-002570,2025-10-13T17:36:55,burglary,low,37.696619,-122.408184
INC-002571,2026-02-03T05:22:57,drug-violation,low,47.684119,-122.26758
INC-002572,2024-12-27T17:21:51,burglary,low,40.647478,-74.017674
INC-002573,2024-11-12T10:36:00,theft-from-vehicle,medium,40.785138,-74.117325
INC-002574,2025-10-05T07:58:17,burglary,medium,34.087645,-118.214593
INC-002575,2024-07-10T08:20:57,vandalism,low,37.918549,-122.500371
INC-002576,2025-07-13T13:51:57,fraud,low,47.568448,-122.091671
INC-002577,2025-07-06T07:08:26,assault,medium,39.827419,-104.93793
INC-002578,2024-10-06T02:24:06,fraud,low,40.889581,-74.036274
INC-002579,2024-11-20T02:50:09,burglary,low,25.914891,-80.296568
INC-002580,2024-12-22T14:59:27,theft-from-vehicle,low,33.963563,-118.309717
INC-002581,2025-06-18T23:48:20,theft-from-vehicle,low,41.820071,-87.746256
INC-002582,2025-08-09T07:12:53,theft-from-vehicle,medium,30.208311,-97.88739
INC-002583,2025-07-27T11:54:15,robbery,low,30.331256,-97.757076
INC-002584,2024-11-19T11:34:23,fraud,medium,40.814935,-74.097447
INC-002585,2024-10-01T05:57:20,robbery,medium,40.757373,-74.15309
INC-002586,2025-01-25T16:50:51,burglary,low,34.096343,-118.35253
INC-002587,2025-08-05T14:30:35,vehicle-theft,low,41.776466,-87.439018
INC-002588,2026-04-10T21:42:46,vandalism,low,34.089124,-118.160037
INC-002589,2025-06-16T23:51:47,theft-from-vehicle,low,30.348603,-97.663325
INC-002590,2026-04-20T08:04:40,vandalism,low,34.017009,-118.2554
INC-002591,2026-01-24T20:35:06,burglary,low,41.943715,-87.766106
INC-002592,2025-05-27T18:31:14,theft-from-vehicle,low,47.598266,-122.173561
INC-002593,2024-06-17T19:34:46,drug-violation,medium,37.84628,-122.250734
INC-002594,2026-01-16T16:29:39,vandalism,low,39.762413,-104.941366
INC-002595,2024-05-11T01:54:58,drug-violation,medium,25.792733,-80.363881
INC-002596,2024-12-24T13:26:55,vandalism,low,34.163539,-118.299676
INC-002597,2025-04-10T10:19:39,robbery,medium,41.891152,-87.777083
INC-002598,2025-01-22T08:45:23,robbery,low,40.839717,-73.984774
INC-002599,2025-08-11T15:14:22,burglary,low,37.771166,-122.501154
INC-002600,2024-10-25T16:15:34,assault,medium,33.946408,-118.149502
INC-002601,2024-06-25T15:06:23,vehicle-theft,medium,34.041816,-118.316683
INC-002602,2026-04-06T08:08:17,fraud,medium,34.018439,-118.450671
INC-002603,2025-08-21T20:16:46,theft-from-vehicle,medium,34.185831,-118.109843
INC-002604,2024-09-22T17:41:26,fraud,low,30.16785,-97.590399
INC-002605,2025-03-26T00:19:37,vehicle-theft,low,30.215284,-97.871145
INC-002606,2026-03-30T03:04:32,robbery,low,37.660676,-122.258313
INC-002607,2024-11-12T18:46:36,drug-violation,low,47.666716,-122.194845
INC-002608,2025-04-27T07:47:53,other,medium,25.77027,-80.0737
INC-002609,2024-07-22T07:45:57,vandalism,medium,25.59726,-80.243012
INC-002610,2025-11-30T20:17:10,burglary,low,37.899323,-122.289118
INC-002611,2026-03-29T00:08:57,vehicle-theft,medium,34.070897,-118.230738
INC-002612,2024-07-20T18:45:08,drug-violation,medium,37.789963,-122.375938
INC-002613,2026-04-24T21:58:06,burglary,low,47.482179,-122.222505
INC-002614,2025-05-01T21:21:26,burglary,low,34.13079,-118.11995
INC-002615,2024-11-03T13:50:37,assault,medium,34.115465,-118.412906
INC-002616,2026-02-22T02:58:57,theft-from-vehicle,low,34.125737,-118.14758
INC-002617,2026-03-05T17:47:50,assault,medium,47.75773,-122.228187
INC-002618,2025-10-06T18:11:35,drug-violation,high,37.91366,-122.339966
INC-002619,2026-02-17T22:02:24,other,low,34.195484,-118.129832
INC-002620,2025-09-19T06:28:08,theft-from-vehicle,medium,34.073774,-118.30526
INC-002621,2025-01-11T11:59:03,theft-from-vehicle,medium,25.604034,-80.178797
INC-002622,2024-10-28T14:07:10,vehicle-theft,medium,40.603228,-73.992375
INC-002623,2025-10-10T06:26:07,robbery,low,47.707376,-122.505844
INC-002624,2025-07-25T05:01:18,theft-from-vehicle,medium,37.92741,-122.443365
INC-002625,2026-03-10T14:34:39,other,medium,47.573006,-122.272205
INC-002626,2025-04-28T09:25:36,vehicle-theft,medium,25.734192,-80.171501
INC-002627,2024-10-23T13:18:23,vandalism,low,25.931012,-80.231361
INC-002628,2025-12-01T17:23:35,vandalism,medium,47.755982,-122.417156
INC-002629,2025-04-26T21:55:54,other,medium,25.769327,-80.195352
INC-002630,2026-03-18T22:56:44,burglary,low,34.01696,-118.23496
INC-002631,2025-01-20T11:30:22,burglary,low,40.576306,-73.892426
INC-002632,2024-08-30T18:30:27,other,low,30.338508,-97.618684
INC-002633,2025-05-24T17:36:42,vehicle-theft,medium,37.628671,-122.382205
INC-002634,2025-10-20T15:39:59,drug-violation,medium,25.824725,-80.271719
INC-002635,2026-03-07T16:38:03,robbery,low,25.618439,-80.223689
INC-002636,2024-09-18T01:16:43,theft-from-vehicle,medium,39.813607,-104.96646
INC-002637,2025-12-19T17:50:10,vehicle-theft,low,40.69107,-73.935789
INC-002638,2025-10-28T00:47:46,assault,medium,41.748943,-87.58732
INC-002639,2025-07-08T15:28:47,burglary,low,34.07734,-118.066766
INC-002640,2026-01-28T19:39:14,burglary,low,40.847711,-73.852477
INC-002641,2025-09-08T22:13:42,theft-from-vehicle,low,47.595648,-122.412484
INC-002642,2025-05-27T23:04:42,drug-violation,low,37.705765,-122.56281
INC-002643,2025-08-01T14:31:12,burglary,low,34.032916,-118.397537
INC-002644,2025-04-19T01:07:28,other,medium,34.097226,-118.273997
INC-002645,2025-09-28T13:44:48,burglary,low,39.838046,-105.091517
INC-002646,2025-07-03T01:32:58,drug-violation,medium,37.946038,-122.44733
INC-002647,2024-07-18T19:47:32,assault,medium,34.107517,-118.319733
INC-002648,2026-02-02T13:45:22,assault,medium,37.895972,-122.534685
INC-002649,2026-02-04T17:37:20,other,medium,34.02657,-118.370862
INC-002650,2024-08-04T06:32:22,drug-violation,low,47.612223,-122.19385
INC-002651,2026-01-24T00:28:50,burglary,low,47.574331,-122.33272
INC-002652,2024-08-23T03:07:48,fraud,low,40.698931,-74.200379
INC-002653,2024-06-10T10:35:15,other,low,41.945876,-87.443611
INC-002654,2024-11-12T01:28:29,burglary,medium,47.652297,-122.095333
INC-002655,2024-10-30T15:40:09,assault,medium,37.851582,-122.327196
INC-002656,2025-07-11T20:00:07,burglary,low,34.054999,-118.169356
INC-002657,2025-06-30T02:33:05,other,low,40.722262,-74.209119
INC-002658,2024-07-07T08:20:16,theft-from-vehicle,medium,30.162909,-97.622722
INC-002659,2026-01-01T06:33:38,vehicle-theft,high,47.490465,-122.461003
INC-002660,2025-04-29T14:03:50,vandalism,low,25.65757,-80.132109
INC-002661,2025-01-11T19:47:58,vandalism,medium,34.006463,-118.42968
INC-002662,2025-06-07T22:42:08,vehicle-theft,medium,39.789499,-105.004042
INC-002663,2025-09-14T04:54:48,vehicle-theft,high,33.999275,-118.14482
INC-002664,2025-04-12T20:19:27,vandalism,low,40.666626,-74.028115
INC-002665,2025-02-10T10:15:52,vandalism,medium,47.459294,-122.457804
INC-002666,2024-05-15T13:48:57,other,low,34.149489,-118.227703
INC-002667,2024-12-26T01:34:33,vandalism,medium,37.635959,-122.429949
INC-002668,2025-07-15T18:16:09,theft-from-vehicle,low,41.776577,-87.790539
INC-002669,2025-07-13T04:56:06,theft-from-vehicle,low,39.790366,-105.134647
INC-002670,2026-01-05T01:10:03,burglary,medium,25.688402,-80.164204
INC-002671,2025-08-02T10:03:23,theft-from-vehicle,low,33.876307,-118.212462
INC-002672,2025-11-11T10:09:00,robbery,low,30.388938,-97.633333
INC-002673,2026-03-15T20:22:44,robbery,low,37.707082,-122.407955
INC-002674,2025-03-22T04:02:09,drug-violation,low,41.8161,-87.470062
INC-002675,2025-11-20T12:35:29,burglary,low,47.611197,-122.264909
INC-002676,2025-12-23T16:54:06,fraud,medium,47.631634,-122.276848
INC-002677,2024-12-30T19:47:01,assault,low,37.720148,-122.485016
INC-002678,2025-10-31T06:14:32,other,low,37.736313,-122.332227
INC-002679,2026-01-08T12:42:50,assault,medium,37.80311,-122.238097
INC-002680,2024-06-03T09:02:46,vandalism,high,40.637772,-73.86769
INC-002681,2025-12-07T03:49:52,fraud,low,40.660031,-74.100453
INC-002682,2024-06-20T19:59:13,theft-from-vehicle,medium,39.666339,-104.785271
INC-002683,2025-10-06T05:54:09,assault,high,25.844287,-80.247946
INC-002684,2024-05-26T00:53:26,assault,medium,37.935095,-122.418059
INC-002685,2025-05-22T22:35:56,theft-from-vehicle,low,30.303219,-97.766285
INC-002686,2026-03-30T00:24:54,other,low,37.880306,-122.346725
INC-002687,2025-10-05T13:33:23,theft-from-vehicle,low,41.879582,-87.847673
INC-002688,2025-05-20T08:24:33,burglary,high,47.493875,-122.44825
INC-002689,2024-12-01T06:11:08,burglary,low,40.767397,-74.16323
INC-002690,2024-12-15T05:33:46,drug-violation,low,34.068018,-118.133452
INC-002691,2026-04-18T03:08:38,robbery,low,37.921221,-122.401127
INC-002692,2024-07-15T07:09:17,assault,low,30.2504,-97.545143
INC-002693,2026-02-19T17:45:58,fraud,medium,37.755295,-122.327142
INC-002694,2025-10-18T03:49:09,vandalism,medium,41.963636,-87.639301
INC-002695,2024-05-24T10:38:30,fraud,low,39.692499,-105.095206
INC-002696,2024-07-06T03:26:55,other,low,34.002213,-118.33896
INC-002697,2025-09-19T10:17:23,assault,low,40.73237,-74.210666
INC-002698,2024-08-28T02:20:35,burglary,low,40.624663,-74.188705
INC-002699,2025-12-02T22:01:57,theft-from-vehicle,medium,40.772326,-73.814357
INC-002700,2025-03-19T07:39:15,vehicle-theft,medium,25.876549,-80.121765
INC-002701,2024-09-12T07:01:49,assault,low,40.832353,-74.150994
INC-002702,2025-01-01T06:39:22,theft-from-vehicle,medium,39.728879,-104.951392
INC-002703,2025-10-22T04:53:18,vandalism,low,34.060445,-118.165395
INC-002704,2025-09-16T04:47:59,vandalism,low,39.780798,-104.978778
INC-002705,2025-09-15T10:12:36,fraud,low,47.735132,-122.237797
INC-002706,2025-09-07T20:09:48,vehicle-theft,medium,47.763651,-122.305566
INC-002707,2024-11-16T16:56:30,burglary,medium,25.813309,-80.001346
INC-002708,2024-09-23T01:49:46,vandalism,medium,37.780018,-122.194839
INC-002709,2025-11-05T00:21:09,vehicle-theft,low,33.978097,-118.101818
INC-002710,2025-01-21T00:42:01,assault,low,34.082767,-118.119481
INC-002711,2025-04-12T15:13:48,theft-from-vehicle,low,40.708382,-74.069582
INC-002712,2024-11-27T17:59:02,fraud,low,25.754645,-80.029419
INC-002713,2025-12-25T11:15:50,theft-from-vehicle,high,39.75982,-104.956009
INC-002714,2026-01-12T02:03:12,other,medium,37.901009,-122.407993
INC-002715,2024-12-20T07:11:23,burglary,low,40.81559,-73.831875
INC-002716,2026-02-20T02:43:30,drug-violation,low,40.750327,-74.106535
INC-002717,2024-12-31T02:24:17,assault,medium,37.728771,-122.416371
INC-002718,2025-01-21T08:48:56,theft-from-vehicle,high,47.719991,-122.264135
INC-002719,2026-03-27T18:05:17,theft-from-vehicle,high,34.095714,-118.100352
INC-002720,2025-07-18T02:37:17,vehicle-theft,low,34.163257,-118.166125
INC-002721,2024-10-29T05:10:24,theft-from-vehicle,medium,37.79997,-122.482172
INC-002722,2024-05-17T18:55:49,theft-from-vehicle,low,37.832732,-122.410376
INC-002723,2025-04-12T08:57:46,drug-violation,low,33.998176,-118.153843
INC-002724,2026-02-11T15:53:39,burglary,high,40.701729,-74.092017
INC-002725,2024-07-28T13:08:57,vandalism,medium,47.48374,-122.473541
INC-002726,2025-02-12T10:16:14,theft-from-vehicle,low,37.924504,-122.36163
INC-002727,2025-07-13T05:52:20,vehicle-theft,medium,34.144117,-118.057038
INC-002728,2025-01-04T18:22:50,burglary,medium,25.627997,-80.129804
INC-002729,2024-05-07T08:50:38,burglary,low,30.36114,-97.829388
INC-002730,2025-01-02T16:14:45,drug-violation,medium,41.828792,-87.860118
INC-002731,2024-06-21T05:21:49,vandalism,low,41.915082,-87.838657
INC-002732,2025-12-13T15:44:00,vehicle-theft,medium,33.934101,-118.358098
INC-002733,2024-12-17T01:48:11,vandalism,low,34.222619,-118.233609
INC-002734,2024-09-23T09:55:32,theft-from-vehicle,medium,41.901857,-87.857185
INC-002735,2024-11-06T04:32:40,drug-violation,low,40.881347,-74.007075
INC-002736,2024-05-21T02:46:25,theft-from-vehicle,low,37.834017,-122.457443
INC-002737,2025-06-07T12:51:38,theft-from-vehicle,low,33.922778,-118.367008
INC-002738,2025-08-11T02:35:38,burglary,medium,40.677217,-73.839284
INC-002739,2025-03-28T03:58:17,theft-from-vehicle,low,33.993986,-118.246404
INC-002740,2025-12-13T10:49:58,drug-violation,low,30.127313,-97.862594
INC-002741,2025-07-09T03:38:36,theft-from-vehicle,low,25.756864,-80.10792
INC-002742,2024-09-21T10:21:59,drug-violation,low,40.621315,-74.042932
INC-002743,2025-03-12T13:23:47,assault,low,34.0918,-118.399317
INC-002744,2026-03-01T03:09:03,burglary,low,25.890241,-80.170049
INC-002745,2024-11-12T00:49:35,other,medium,30.41597,-97.683425
INC-002746,2024-08-04T15:17:12,other,low,41.800541,-87.553046
INC-002747,2024-09-16T04:36:31,theft-from-vehicle,low,39.710535,-104.808664
INC-002748,2024-05-01T16:30:00,robbery,low,34.136037,-118.422629
INC-002749,2025-03-02T08:44:58,assault,low,41.82042,-87.433469
INC-002750,2025-05-17T00:38:03,assault,low,37.751199,-122.550648
INC-002751,2024-05-20T08:02:48,vehicle-theft,low,40.835464,-73.892018
INC-002752,2024-12-25T14:26:44,vandalism,medium,40.677982,-73.775225
INC-002753,2025-05-26T07:22:18,assault,low,41.960006,-87.761083
INC-002754,2026-01-22T07:25:55,fraud,high,40.541289,-74.042238
INC-002755,2025-04-18T00:55:38,drug-violation,low,37.90136,-122.406291
INC-002756,2025-05-25T15:31:58,vehicle-theft,medium,37.62341,-122.52377
INC-002757,2024-08-08T20:32:51,fraud,medium,37.793739,-122.489738
INC-002758,2025-09-09T20:59:32,assault,low,42.009712,-87.734775
INC-002759,2024-12-26T12:10:49,other,low,37.757539,-122.436233
INC-002760,2026-02-10T22:06:09,vandalism,low,25.745381,-80.365999
INC-002761,2024-11-28T14:42:47,vandalism,medium,37.681801,-122.446408
INC-002762,2025-09-24T19:04:10,vandalism,low,41.868181,-87.431282
INC-002763,2025-11-10T01:45:03,fraud,medium,34.032872,-118.078014
INC-002764,2025-06-29T16:04:19,vehicle-theft,medium,25.639229,-80.213484
INC-002765,2025-03-26T06:25:54,theft-from-vehicle,low,25.894717,-80.143915
INC-002766,2025-11-29T22:40:01,assault,low,34.152161,-118.172261
INC-002767,2025-11-10T15:23:07,drug-violation,low,41.809946,-87.535037
INC-002768,2025-05-21T09:07:30,burglary,low,40.54728,-73.986893
INC-002769,2024-09-20T03:58:07,burglary,low,37.880819,-122.346577
INC-002770,2024-06-21T16:08:19,assault,low,30.158107,-97.627584
INC-002771,2025-04-18T11:44:49,vandalism,low,41.985999,-87.547379
INC-002772,2026-03-08T22:00:48,vehicle-theft,low,41.886928,-87.782367
INC-002773,2024-07-22T04:46:03,theft-from-vehicle,low,37.862542,-122.445455
INC-002774,2024-12-25T03:16:17,other,low,40.741682,-73.812534
INC-002775,2024-11-20T08:33:17,theft-from-vehicle,medium,25.741779,-80.23387
INC-002776,2025-07-24T03:32:40,burglary,low,34.134525,-118.411227
INC-002777,2026-03-13T10:58:25,other,low,40.891686,-73.983966
INC-002778,2024-09-08T20:41:20,assault,low,40.726889,-73.78651
INC-002779,2026-04-28T03:05:04,assault,medium,41.888196,-87.553879
INC-002780,2025-05-25T02:29:22,theft-from-vehicle,medium,30.372321,-97.787894
INC-002781,2026-04-07T15:43:47,vandalism,low,40.649217,-74.072605
INC-002782,2025-10-26T10:19:47,drug-violation,medium,40.724965,-73.923636
INC-002783,2025-03-15T05:56:15,fraud,low,37.71996,-122.229894
INC-002784,2024-12-03T11:27:46,burglary,medium,40.727393,-74.232564
INC-002785,2025-08-08T23:27:49,vehicle-theft,medium,33.955833,-118.254428
INC-002786,2026-01-15T17:18:20,fraud,low,40.589934,-74.15849
INC-002787,2024-11-12T14:38:52,robbery,medium,39.654908,-104.885096
INC-002788,2025-09-04T17:50:40,burglary,high,47.494446,-122.185582
INC-002789,2025-01-31T17:55:24,burglary,low,40.763331,-73.914207
INC-002790,2025-05-28T16:30:17,vandalism,medium,37.617237,-122.505912
INC-002791,2024-06-01T18:42:35,theft-from-vehicle,low,47.68321,-122.25845
INC-002792,2025-10-20T17:01:40,other,high,34.007647,-118.306898
INC-002793,2025-02-25T06:03:51,theft-from-vehicle,low,40.550177,-73.949326
INC-002794,2024-10-18T01:17:08,theft-from-vehicle,high,33.875365,-118.266417
INC-002795,2024-05-16T14:23:18,assault,medium,47.547202,-122.298675
INC-002796,2026-03-09T20:40:18,burglary,low,40.844196,-73.932649
INC-002797,2025-11-10T16:48:39,burglary,low,30.428718,-97.711549
INC-002798,2025-07-17T03:58:12,drug-violation,low,40.691413,-73.799755
INC-002799,2026-01-08T19:39:23,vehicle-theft,low,34.035091,-118.255111
INC-002800,2026-01-04T07:16:08,burglary,low,37.882254,-122.304538
INC-002801,2026-03-23T01:48:55,theft-from-vehicle,medium,40.757105,-73.954834
INC-002802,2024-12-31T10:14:10,assault,medium,37.60791,-122.385218
INC-002803,2024-10-09T22:49:53,other,low,37.63548,-122.359092
INC-002804,2025-03-02T03:02:06,theft-from-vehicle,medium,30.161604,-97.667605
INC-002805,2024-07-30T07:47:40,theft-from-vehicle,low,41.894781,-87.685461
INC-002806,2026-02-06T23:16:57,other,low,25.683267,-80.259334
INC-002807,2025-01-03T01:09:11,burglary,medium,41.930318,-87.652277
INC-002808,2024-05-23T21:52:33,fraud,low,25.706614,-80.29241
INC-002809,2025-06-29T20:48:37,vandalism,low,39.723621,-104.945184
INC-002810,2026-04-01T00:12:57,assault,low,37.815849,-122.411187
INC-002811,2025-01-14T08:36:53,theft-from-vehicle,low,30.282813,-97.624627
INC-002812,2025-09-30T18:47:29,theft-from-vehicle,low,39.87698,-104.922579
INC-002813,2025-05-16T19:30:52,theft-from-vehicle,high,41.964388,-87.594253
INC-002814,2025-03-10T15:39:34,theft-from-vehicle,low,41.717112,-87.59591
INC-002815,2025-01-03T19:22:29,fraud,medium,47.7186,-122.139612
INC-002816,2024-05-31T17:57:02,theft-from-vehicle,high,25.619221,-80.159284
INC-002817,2024-07-06T00:34:49,theft-from-vehicle,low,41.914947,-87.665938
INC-002818,2024-10-14T00:21:18,vandalism,low,37.783592,-122.307318
INC-002819,2025-09-01T09:03:04,vehicle-theft,medium,34.140372,-118.378962
INC-002820,2024-07-02T03:01:59,theft-from-vehicle,low,39.897789,-105.023665
INC-002821,2025-11-12T15:30:34,theft-from-vehicle,low,41.840181,-87.603784
INC-002822,2024-10-01T03:52:08,other,medium,34.109775,-118.239746
INC-002823,2025-05-27T16:22:10,assault,medium,40.774127,-73.960281
INC-002824,2026-03-28T18:59:14,assault,medium,25.858264,-80.360128
INC-002825,2026-02-12T16:16:12,vandalism,high,34.150592,-118.192088
INC-002826,2025-04-22T20:46:36,drug-violation,high,37.608822,-122.452517
INC-002827,2025-05-19T08:33:32,vehicle-theft,medium,40.544719,-73.95111
INC-002828,2025-09-15T08:34:57,theft-from-vehicle,medium,33.986094,-118.352834
INC-002829,2025-08-02T14:01:31,other,high,40.723012,-74.000947
INC-002830,2025-01-08T23:36:55,drug-violation,medium,39.641198,-105.054475
INC-002831,2025-09-20T00:25:52,drug-violation,low,33.90215,-118.220147
INC-002832,2025-11-19T19:25:23,assault,low,34.145793,-118.24562
INC-002833,2024-11-16T13:39:59,drug-violation,high,25.742761,-80.186377
INC-002834,2024-09-09T22:45:06,vandalism,low,34.019685,-118.286487
INC-002835,2025-08-09T14:38:29,burglary,low,47.688191,-122.108053
INC-002836,2024-05-29T08:37:54,other,low,33.983368,-118.163825
INC-002837,2025-01-01T03:54:46,assault,low,41.865464,-87.403889
INC-002838,2026-01-17T00:05:25,vehicle-theft,high,41.976244,-87.55311
INC-002839,2024-12-27T17:51:13,vandalism,low,34.196624,-118.338594
INC-002840,2025-06-11T08:55:26,drug-violation,medium,47.639094,-122.578119
INC-002841,2024-11-23T17:17:33,theft-from-vehicle,low,34.187588,-118.131715
INC-002842,2024-08-15T01:29:51,other,medium,47.50559,-122.444283
INC-002843,2025-06-22T01:58:26,fraud,medium,34.023058,-118.268993
INC-002844,2024-07-08T13:41:01,assault,medium,30.261524,-97.756813
INC-002845,2025-08-27T20:04:45,vandalism,medium,41.937427,-87.702713
INC-002846,2025-11-16T20:05:19,other,low,30.23652,-97.816971
INC-002847,2024-12-23T17:49:24,theft-from-vehicle,low,34.071231,-118.433818
INC-002848,2025-11-24T15:31:38,theft-from-vehicle,medium,40.61645,-73.928463
INC-002849,2024-11-04T16:39:22,vehicle-theft,low,40.785299,-73.851581
INC-002850,2025-02-17T22:00:45,assault,medium,41.877933,-87.791891
INC-002851,2025-04-03T00:22:27,theft-from-vehicle,medium,41.80282,-87.696679
INC-002852,2025-04-20T19:26:11,other,low,47.705586,-122.346791
INC-002853,2025-07-21T02:29:05,theft-from-vehicle,low,39.795757,-104.928628
INC-002854,2025-09-10T21:14:32,vandalism,low,33.972258,-118.075976
INC-002855,2024-11-19T04:26:09,fraud,medium,34.119275,-118.439334
INC-002856,2025-08-14T02:57:49,burglary,high,40.788752,-73.843041
INC-002857,2025-06-01T23:19:16,drug-violation,low,42.006221,-87.580227
INC-002858,2026-03-05T22:09:44,vandalism,medium,41.840952,-87.60216
INC-002859,2024-09-07T14:44:58,vandalism,high,25.835261,-80.170216
INC-002860,2026-01-23T20:48:05,theft-from-vehicle,low,41.811145,-87.764095
INC-002861,2026-02-07T00:45:40,assault,medium,37.765139,-122.476177
INC-002862,2025-08-14T05:36:55,theft-from-vehicle,medium,37.778871,-122.635073
INC-002863,2024-06-30T17:10:38,drug-violation,low,37.637972,-122.495797
INC-002864,2025-01-31T08:27:31,burglary,low,34.170134,-118.304831
INC-002865,2025-02-02T06:59:48,burglary,medium,30.17356,-97.731776
INC-002866,2026-03-04T05:31:02,drug-violation,low,42.048031,-87.59613
INC-002867,2025-03-31T22:32:33,theft-from-vehicle,low,34.159084,-118.30838
INC-002868,2024-08-10T14:12:11,other,low,39.841853,-104.903978
INC-002869,2025-10-09T19:52:17,assault,low,37.847026,-122.237322
INC-002870,2025-03-17T08:04:09,vandalism,low,47.516854,-122.259899
INC-002871,2024-06-05T04:44:47,burglary,medium,47.650892,-122.358549
INC-002872,2026-01-26T03:22:57,theft-from-vehicle,low,30.436794,-97.707416
INC-002873,2024-09-08T17:00:16,vehicle-theft,low,33.94763,-118.245594
INC-002874,2025-07-23T13:02:44,fraud,high,34.000812,-118.198767
INC-002875,2025-11-26T10:16:21,burglary,low,34.026438,-118.345125
INC-002876,2024-07-07T05:59:02,theft-from-vehicle,high,25.617602,-80.115813
INC-002877,2025-04-15T06:58:42,assault,low,34.0709,-118.165893
INC-002878,2025-02-02T18:10:50,vehicle-theft,low,40.705855,-74.235896
INC-002879,2025-05-09T05:46:35,other,low,33.924029,-118.284157
INC-002880,2024-09-16T14:39:11,vehicle-theft,medium,47.554011,-122.415515
INC-002881,2024-11-19T08:36:19,theft-from-vehicle,medium,25.810272,-80.050061
INC-002882,2025-12-02T13:27:44,vandalism,medium,41.772547,-87.579202
INC-002883,2025-03-14T11:09:58,vandalism,low,39.860742,-105.021123
INC-002884,2024-12-21T13:21:50,burglary,low,47.517971,-122.380587
INC-002885,2026-03-14T17:57:35,vandalism,low,30.272795,-97.804622
INC-002886,2026-03-05T09:14:48,other,low,30.1321,-97.773359
INC-002887,2026-01-16T23:18:49,assault,medium,37.635376,-122.319413
INC-002888,2026-01-24T00:33:36,burglary,low,37.88041,-122.555919
INC-002889,2025-05-31T21:30:22,assault,low,42.009975,-87.616081
INC-002890,2024-08-29T09:07:39,drug-violation,medium,37.88293,-122.344716
INC-002891,2025-07-24T14:11:36,fraud,high,33.994493,-118.421809
INC-002892,2025-07-23T04:46:30,burglary,low,37.703585,-122.481419
INC-002893,2025-04-24T14:06:25,drug-violation,medium,30.18741,-97.689405
INC-002894,2024-05-28T23:09:41,drug-violation,medium,39.610079,-104.949747
INC-002895,2025-12-22T15:00:27,burglary,medium,30.213516,-97.744484
INC-002896,2025-11-03T09:45:42,vandalism,low,40.846602,-73.967481
INC-002897,2024-07-11T09:24:23,fraud,medium,34.031195,-118.379107
INC-002898,2026-02-23T15:25:14,theft-from-vehicle,medium,40.62216,-73.862429
INC-002899,2026-02-03T21:31:10,theft-from-vehicle,low,30.20199,-97.863577
INC-002900,2024-06-22T06:03:39,drug-violation,medium,37.722969,-122.390402
INC-002901,2024-08-02T12:59:36,burglary,low,34.180254,-118.110781
INC-002902,2024-06-24T21:58:52,fraud,low,39.757185,-104.942989
INC-002903,2025-01-15T11:42:48,burglary,high,30.244632,-97.581716
INC-002904,2024-11-25T10:20:02,vehicle-theft,high,37.605282,-122.415316
INC-002905,2026-01-04T07:56:47,theft-from-vehicle,medium,33.943758,-118.366942
INC-002906,2026-04-21T01:25:09,fraud,low,40.544161,-74.081841
INC-002907,2025-04-22T08:48:46,theft-from-vehicle,high,25.908591,-80.295809
INC-002908,2025-12-30T07:24:57,assault,low,25.88792,-80.321395
INC-002909,2025-07-27T01:16:04,theft-from-vehicle,medium,34.093927,-118.37153
INC-002910,2025-02-01T03:51:58,vehicle-theft,medium,41.719994,-87.623539
INC-002911,2024-10-25T19:01:58,vehicle-theft,high,25.627651,-80.180462
INC-002912,2024-12-13T00:32:59,theft-from-vehicle,high,34.00245,-118.370367
INC-002913,2026-01-05T11:33:24,theft-from-vehicle,low,39.685112,-104.888499
INC-002914,2026-02-01T17:06:22,vehicle-theft,low,34.135575,-118.392039
INC-002915,2024-08-28T11:22:25,robbery,medium,41.948663,-87.72012
INC-002916,2025-10-25T16:32:10,drug-violation,medium,33.932136,-118.145319
INC-002917,2025-04-16T21:25:32,other,low,40.759503,-73.927661
INC-002918,2024-11-16T18:03:45,vandalism,low,37.771921,-122.432317
INC-002919,2025-01-23T04:01:03,other,medium,40.81389,-74.185
INC-002920,2025-10-27T02:38:32,vandalism,low,25.847105,-80.207863
INC-002921,2024-05-05T18:58:52,burglary,medium,25.835158,-80.187265
INC-002922,2024-08-23T10:25:12,theft-from-vehicle,low,34.015391,-118.053109
INC-002923,2025-01-31T01:37:28,vandalism,low,33.952368,-118.083535
INC-002924,2025-06-27T02:26:16,theft-from-vehicle,medium,34.119331,-118.235322
INC-002925,2025-02-19T07:39:58,vehicle-theft,low,33.913139,-118.253995
INC-002926,2025-04-09T02:32:20,robbery,low,30.244528,-97.930617
INC-002927,2025-12-05T14:39:11,other,high,40.805909,-74.123187
INC-002928,2026-02-13T17:48:00,theft-from-vehicle,medium,39.589702,-104.900993
INC-002929,2024-07-23T18:43:16,vehicle-theft,low,39.646622,-105.171109
INC-002930,2024-09-11T16:49:36,vehicle-theft,medium,37.872646,-122.319466
INC-002931,2026-02-01T08:37:44,theft-from-vehicle,low,39.645945,-104.877776
INC-002932,2025-10-23T18:55:13,vehicle-theft,low,25.8395,-80.131364
INC-002933,2026-04-24T11:36:07,drug-violation,medium,34.102054,-118.307151
INC-002934,2025-10-03T02:15:33,vandalism,low,30.126829,-97.773278
INC-002935,2024-10-17T17:31:52,assault,medium,47.47552,-122.44242
INC-002936,2025-06-16T20:55:15,vehicle-theft,low,47.660877,-122.341479
INC-002937,2025-08-09T03:19:11,vehicle-theft,low,37.878336,-122.447727
INC-002938,2024-09-28T13:10:10,burglary,high,40.815064,-73.993674
INC-002939,2024-06-14T12:09:18,fraud,medium,33.910657,-118.288548
INC-002940,2025-12-04T14:16:29,burglary,medium,37.668586,-122.505104
INC-002941,2026-01-09T03:48:41,vehicle-theft,high,40.580569,-74.07268
INC-002942,2025-10-01T10:16:25,theft-from-vehicle,low,34.119051,-118.23485
INC-002943,2025-06-27T23:42:28,fraud,low,39.706507,-104.809197
INC-002944,2025-06-14T11:47:29,theft-from-vehicle,low,37.733035,-122.234125
INC-002945,2025-01-27T04:55:15,vandalism,low,34.070366,-118.450214
INC-002946,2025-10-03T16:41:16,vehicle-theft,medium,40.823822,-74.167127
INC-002947,2024-09-10T19:49:06,theft-from-vehicle,low,37.739787,-122.491342
INC-002948,2026-04-16T23:30:38,robbery,medium,47.67547,-122.429882
INC-002949,2025-06-08T17:22:07,robbery,medium,37.743823,-122.317526
INC-002950,2024-09-03T02:15:39,assault,low,41.926911,-87.666892
INC-002951,2024-12-05T08:18:11,burglary,medium,41.995536,-87.677172
INC-002952,2025-08-03T12:18:21,drug-violation,low,40.750562,-74.217742
INC-002953,2024-05-08T04:17:15,other,medium,37.73368,-122.521977
INC-002954,2025-03-23T13:03:16,theft-from-vehicle,medium,34.121898,-118.415228
INC-002955,2024-12-10T05:41:37,vehicle-theft,low,30.115379,-97.737602
INC-002956,2024-06-28T06:46:18,burglary,high,33.926755,-118.293629
INC-002957,2024-12-23T11:17:54,theft-from-vehicle,low,33.969813,-118.22063
INC-002958,2025-05-01T10:31:01,assault,medium,34.199864,-118.246802
INC-002959,2025-06-03T16:16:25,vehicle-theft,high,25.839685,-80.15487
INC-002960,2025-08-12T16:16:59,theft-from-vehicle,medium,37.79025,-122.2141
INC-002961,2024-10-02T20:07:38,fraud,medium,40.761327,-73.838597
INC-002962,2025-01-02T12:52:49,other,low,39.701588,-105.195935
INC-002963,2024-12-16T17:46:03,theft-from-vehicle,low,34.089347,-118.033753
INC-002964,2025-03-16T08:05:14,assault,low,34.023181,-118.36612
INC-002965,2025-11-14T17:08:09,vandalism,low,34.058319,-118.031867
INC-002966,2025-03-27T02:02:19,burglary,medium,25.864964,-80.03213
INC-002967,2025-02-20T22:55:06,burglary,low,25.804418,-80.340218
INC-002968,2026-03-30T09:27:30,burglary,low,40.644832,-73.811959
INC-002969,2024-12-18T21:40:43,theft-from-vehicle,low,39.750807,-105.123554
INC-002970,2024-08-27T17:26:55,other,low,34.177811,-118.198869
INC-002971,2024-07-12T00:07:09,other,low,41.93549,-87.503114
INC-002972,2024-11-15T11:29:09,drug-violation,medium,47.489478,-122.18542
INC-002973,2025-05-11T21:06:54,other,low,40.780531,-74.055638
INC-002974,2026-01-19T20:33:26,burglary,medium,42.013854,-87.613213
INC-002975,2024-07-28T13:25:09,other,medium,40.600222,-73.998708
INC-002976,2024-11-12T15:50:41,drug-violation,low,41.971335,-87.447939
INC-002977,2024-07-18T11:26:24,theft-from-vehicle,low,34.06189,-118.295497
INC-002978,2025-12-31T14:21:13,vandalism,medium,39.792756,-105.116474
INC-002979,2024-06-03T23:01:15,vandalism,low,41.756055,-87.643602
INC-002980,2025-03-28T00:16:50,assault,medium,25.772453,-80.112773
INC-002981,2025-08-28T12:15:08,burglary,low,41.967933,-87.659242
INC-002982,2025-02-09T22:00:11,fraud,medium,34.072483,-118.158465
INC-002983,2024-05-24T22:44:07,theft-from-vehicle,low,47.472528,-122.48334
INC-002984,2025-07-13T10:17:16,assault,low,30.442971,-97.701601
INC-002985,2025-09-24T01:59:18,vandalism,medium,34.063368,-118.335221
INC-002986,2026-04-21T18:27:30,robbery,low,33.952959,-118.311165
INC-002987,2024-07-28T10:10:31,assault,low,41.820571,-87.477206
INC-002988,2024-05-09T20:50:27,vandalism,medium,40.600127,-73.902262
INC-002989,2026-01-18T16:39:54,vandalism,medium,41.800353,-87.58859
INC-002990,2025-11-14T21:40:27,vehicle-theft,low,33.932069,-118.237016
INC-002991,2024-09-08T02:21:05,robbery,medium,25.587126,-80.186579
INC-002992,2026-03-23T19:03:01,other,low,40.579738,-74.108752
INC-002993,2024-10-04T20:04:49,robbery,low,30.275928,-97.558192
INC-002994,2026-04-13T16:32:35,theft-from-vehicle,low,25.706831,-80.303602
INC-002995,2025-02-03T02:18:02,theft-from-vehicle,medium,37.765368,-122.446141
INC-002996,2025-11-03T14:04:52,drug-violation,medium,34.120528,-118.057054
INC-002997,2025-05-10T11:11:03,theft-from-vehicle,low,47.62222,-122.189457
INC-002998,2024-08-22T17:57:37,theft-from-vehicle,low,41.90134,-87.49775
INC-002999,2024-11-19T00:59:06,vehicle-theft,medium,37.922809,-122.540126
INC-003000,2024-11-28T03:37:39,burglary,low,37.830474,-122.283698
INC-003001,2025-09-01T16:35:40,other,medium,37.656916,-122.426749
INC-003002,2025-06-13T05:46:02,drug-violation,medium,34.139847,-118.329714
INC-003003,2025-05-27T10:01:34,theft-from-vehicle,low,40.559127,-74.0654
INC-003004,2025-06-08T06:13:18,vandalism,low,30.361439,-97.587051
INC-003005,2025-05-03T21:54:33,burglary,low,40.812669,-74.066556
INC-003006,2024-11-07T14:27:46,vandalism,medium,34.063341,-118.218729
INC-003007,2024-12-25T09:35:00,theft-from-vehicle,medium,37.720056,-122.603999
INC-003008,2024-08-18T17:50:12,theft-from-vehicle,medium,41.941462,-87.502715
INC-003009,2025-07-25T09:51:21,assault,low,30.243878,-97.849904
INC-003010,2026-02-02T03:19:44,burglary,medium,25.685495,-80.295196
INC-003011,2024-07-29T22:21:07,theft-from-vehicle,medium,25.724173,-80.147423
INC-003012,2024-08-19T13:18:14,assault,low,34.111399,-118.189974
INC-003013,2024-05-12T08:13:51,burglary,low,30.099638,-97.69686
INC-003014,2025-08-28T04:07:22,vandalism,low,42.046522,-87.545299
INC-003015,2025-09-12T01:59:05,vandalism,medium,37.680527,-122.53115
INC-003016,2025-10-20T15:26:17,burglary,medium,42.01079,-87.501369
INC-003017,2026-01-21T06:33:02,burglary,low,40.712365,-73.873148
INC-003018,2025-06-10T21:43:35,other,medium,37.860107,-122.619149
INC-003019,2025-11-12T06:45:31,drug-violation,low,37.720059,-122.468116
INC-003020,2025-07-17T19:24:27,vehicle-theft,medium,42.016021,-87.599449
INC-003021,2024-12-29T00:37:58,theft-from-vehicle,low,25.776364,-80.208814
INC-003022,2026-03-21T14:19:15,burglary,low,37.76964,-122.607858
INC-003023,2024-10-26T05:34:29,theft-from-vehicle,medium,37.758383,-122.616073
INC-003024,2025-07-22T11:28:58,vandalism,low,30.238859,-97.646522
INC-003025,2024-08-13T16:42:32,theft-from-vehicle,medium,37.923326,-122.358266
INC-003026,2024-07-11T04:36:25,fraud,low,47.652109,-122.32224
INC-003027,2025-12-05T10:46:38,theft-from-vehicle,medium,40.779945,-74.136362
INC-003028,2024-10-10T22:56:51,burglary,low,34.024114,-118.13924
INC-003029,2026-01-07T12:37:38,burglary,medium,30.330759,-97.913434
INC-003030,2024-11-17T03:01:38,assault,low,37.920498,-122.402795
INC-003031,2024-10-23T12:04:17,burglary,medium,41.953494,-87.82218
INC-003032,2026-01-14T06:18:55,drug-violation,medium,30.373254,-97.599378
INC-003033,2024-10-06T02:21:14,vandalism,low,25.689368,-80.259796
INC-003034,2025-12-17T05:50:22,theft-from-vehicle,low,37.832916,-122.544433
INC-003035,2024-07-28T21:06:44,drug-violation,low,30.303125,-97.913936
INC-003036,2024-11-16T06:22:10,fraud,low,41.707157,-87.56726
INC-003037,2025-07-17T13:05:51,other,medium,40.843893,-73.897149
INC-003038,2024-10-21T04:00:50,drug-violation,low,40.581756,-74.030792
INC-003039,2025-11-19T18:28:42,robbery,low,30.165279,-97.800821
INC-003040,2025-04-29T11:16:08,burglary,low,37.701286,-122.333351
INC-003041,2025-07-14T13:46:24,assault,medium,47.560585,-122.346485
INC-003042,2024-07-23T00:30:24,theft-from-vehicle,low,30.32221,-97.609895
INC-003043,2024-11-29T07:09:36,vandalism,low,34.033845,-118.325153
INC-003044,2026-04-28T17:05:10,vehicle-theft,high,40.627005,-73.813885
INC-003045,2025-10-26T20:49:56,theft-from-vehicle,low,40.7831,-74.08691
INC-003046,2024-12-29T16:38:31,theft-from-vehicle,medium,40.7497,-74.164848
INC-003047,2024-06-23T09:31:35,burglary,low,40.558181,-73.982243
INC-003048,2025-08-07T19:53:24,other,medium,37.804816,-122.477747
INC-003049,2024-08-23T10:14:09,other,high,37.651432,-122.413378
INC-003050,2024-07-21T17:44:28,vandalism,medium,39.760774,-104.984112
INC-003051,2024-11-30T10:44:07,theft-from-vehicle,medium,40.60763,-73.954671
INC-003052,2025-07-25T19:15:28,burglary,low,33.89116,-118.313897
INC-003053,2024-06-05T01:11:26,burglary,low,47.702101,-122.435418
INC-003054,2024-05-11T04:14:25,vandalism,high,41.849588,-87.714176
INC-003055,2024-08-29T03:13:01,burglary,medium,41.988067,-87.799043
INC-003056,2024-11-18T05:53:17,assault,low,40.705129,-74.174045
INC-003057,2025-08-14T03:57:29,theft-from-vehicle,low,34.077632,-118.31374
INC-003058,2024-10-09T04:50:34,vandalism,low,47.476511,-122.448542
INC-003059,2025-04-11T21:52:54,burglary,low,40.800165,-74.028883
INC-003060,2024-05-13T16:02:51,robbery,low,40.661471,-74.067671
INC-003061,2024-11-22T19:54:35,vandalism,low,30.201093,-97.822072
INC-003062,2024-10-06T16:28:26,theft-from-vehicle,low,41.875307,-87.693858
INC-003063,2025-07-03T12:40:12,other,medium,40.71124,-73.774707
INC-003064,2024-05-27T04:08:26,theft-from-vehicle,high,40.649785,-73.979609
INC-003065,2025-08-12T01:41:17,theft-from-vehicle,low,37.660788,-122.301227
INC-003066,2025-12-14T17:15:17,fraud,medium,37.755847,-122.350688
INC-003067,2024-09-08T15:21:39,robbery,low,34.132662,-118.126955
INC-003068,2024-11-19T04:44:02,fraud,medium,41.794835,-87.453399
INC-003069,2024-09-19T20:37:07,fraud,medium,39.803313,-105.061068
INC-003070,2025-01-05T12:26:34,vehicle-theft,low,25.800957,-80.246852
INC-003071,2025-08-11T12:36:05,fraud,high,37.767337,-122.243179
INC-003072,2025-03-30T16:25:42,vandalism,low,37.6556,-122.579471
INC-003073,2024-06-09T10:52:22,vandalism,low,34.103644,-118.363862
INC-003074,2024-08-30T21:50:43,burglary,medium,39.717383,-104.846718
INC-003075,2026-02-09T23:42:55,fraud,medium,42.016513,-87.768503
INC-003076,2025-03-20T23:10:19,burglary,low,40.726965,-74.182985
INC-003077,2024-11-17T08:14:50,fraud,low,34.149567,-118.310899
INC-003078,2025-03-14T01:05:48,vehicle-theft,low,47.574248,-122.594464
INC-003079,2026-04-20T19:22:56,fraud,high,34.006981,-118.205822
INC-003080,2026-01-03T14:40:55,theft-from-vehicle,low,37.861552,-122.475384
INC-003081,2024-05-26T06:08:04,drug-violation,medium,37.711109,-122.522518
INC-003082,2025-10-05T18:58:58,vandalism,low,34.187237,-118.285379
INC-003083,2025-09-27T10:41:46,theft-from-vehicle,low,25.879591,-80.307382
INC-003084,2024-09-15T19:11:53,burglary,high,25.688585,-80.358571
INC-003085,2024-08-17T00:59:13,theft-from-vehicle,high,39.611941,-105.082431
INC-003086,2025-11-22T15:43:46,robbery,low,30.12669,-97.731832
INC-003087,2025-05-14T19:30:40,theft-from-vehicle,low,37.883836,-122.30282
INC-003088,2026-02-19T16:36:49,vandalism,high,47.456495,-122.449629
INC-003089,2024-08-27T03:48:12,other,low,37.620232,-122.313837
INC-003090,2025-01-07T01:51:14,theft-from-vehicle,low,40.647881,-74.035531
INC-003091,2026-03-03T01:20:26,theft-from-vehicle,high,37.748349,-122.204325
INC-003092,2025-10-27T17:15:59,burglary,low,25.879773,-80.251334
INC-003093,2025-08-20T15:04:34,assault,high,25.773394,-80.092929
INC-003094,2026-01-26T11:24:50,vandalism,low,37.825424,-122.439261
INC-003095,2024-07-09T16:23:52,theft-from-vehicle,low,37.845681,-122.47363
INC-003096,2026-04-27T12:04:55,burglary,low,33.971149,-118.103171
INC-003097,2025-02-20T17:19:35,other,low,25.866399,-80.151836
INC-003098,2024-11-12T18:57:23,theft-from-vehicle,medium,47.645012,-122.126378
INC-003099,2025-03-31T12:10:36,theft-from-vehicle,medium,47.68955,-122.337146
INC-003100,2026-01-28T00:08:16,drug-violation,low,30.258433,-97.930947
INC-003101,2025-01-30T19:14:03,vandalism,medium,40.671046,-74.088702
INC-003102,2024-10-20T01:58:28,burglary,low,34.222622,-118.305454
INC-003103,2026-01-07T13:11:03,burglary,low,37.642261,-122.316443
INC-003104,2024-11-27T09:55:30,theft-from-vehicle,low,25.682285,-80.191259
INC-003105,2025-09-08T14:44:10,assault,low,30.446945,-97.730192
INC-003106,2025-01-17T18:39:43,theft-from-vehicle,medium,34.190374,-118.14189
INC-003107,2026-03-27T02:28:55,vehicle-theft,low,34.034429,-118.112429
INC-003108,2026-03-26T12:14:35,theft-from-vehicle,medium,40.571407,-74.006355
INC-003109,2025-03-26T12:16:55,drug-violation,medium,25.680899,-80.294995
INC-003110,2025-07-18T10:21:23,vandalism,medium,42.039138,-87.637164
INC-003111,2024-11-30T22:13:13,burglary,low,34.141742,-118.215304
INC-003112,2025-03-17T00:28:37,robbery,low,37.712858,-122.426062
INC-003113,2024-09-02T09:02:34,fraud,medium,40.668537,-73.902158
INC-003114,2024-12-16T19:09:40,robbery,low,40.63522,-74.105069
INC-003115,2024-11-17T18:03:28,vehicle-theft,medium,30.400975,-97.625892
INC-003116,2024-07-21T10:18:41,drug-violation,medium,41.882107,-87.712614
INC-003117,2024-06-19T15:04:05,theft-from-vehicle,medium,30.246724,-97.833096
INC-003118,2026-01-20T21:42:42,theft-from-vehicle,medium,25.725567,-80.011591
INC-003119,2024-12-16T22:43:02,theft-from-vehicle,low,39.603005,-105.045539
INC-003120,2024-11-27T09:10:32,vandalism,low,34.000759,-118.220911
INC-003121,2025-12-03T04:32:22,assault,high,25.692214,-80.0389
INC-003122,2024-06-21T17:46:38,drug-violation,low,47.61238,-122.365621
INC-003123,2025-06-29T04:07:50,vandalism,low,41.88669,-87.632939
INC-003124,2026-01-26T08:50:34,burglary,low,37.836436,-122.355489
INC-003125,2024-05-20T18:20:38,other,medium,41.910213,-87.467799
INC-003126,2025-02-10T05:55:36,burglary,medium,30.298428,-97.930502
INC-003127,2026-03-01T17:43:48,assault,low,40.677388,-73.876561
INC-003128,2024-11-23T18:06:27,vandalism,low,47.708682,-122.50747
INC-003129,2026-03-25T06:25:55,burglary,medium,25.842011,-80.196898
INC-003130,2025-05-14T09:15:13,theft-from-vehicle,low,41.800858,-87.583266
INC-003131,2024-09-24T00:07:23,fraud,low,30.348528,-97.706887
INC-003132,2024-05-10T17:00:12,burglary,medium,25.817916,-80.168135
INC-003133,2024-10-30T17:08:33,assault,medium,40.757818,-73.88572
INC-003134,2025-05-18T17:11:54,vandalism,medium,25.787619,-80.001227
INC-003135,2024-08-04T06:46:07,robbery,medium,34.014003,-118.290684
INC-003136,2025-07-21T18:26:00,assault,low,47.52645,-122.33478
INC-003137,2024-10-15T13:14:06,robbery,low,25.81633,-80.280586
INC-003138,2025-08-12T01:59:53,theft-from-vehicle,medium,37.91924,-122.325002
INC-003139,2025-05-07T07:10:40,theft-from-vehicle,medium,30.187634,-97.701774
INC-003140,2024-07-06T18:18:33,other,low,41.881416,-87.760995
INC-003141,2025-10-29T14:27:38,vandalism,low,25.754735,-80.382643
INC-003142,2026-01-01T05:51:35,theft-from-vehicle,low,47.724427,-122.255791
INC-003143,2024-09-21T02:34:14,other,low,41.923164,-87.639755
INC-003144,2024-10-25T02:32:51,burglary,high,37.775322,-122.362734
INC-003145,2026-02-05T16:54:44,theft-from-vehicle,low,30.326621,-97.905062
INC-003146,2025-11-27T14:37:22,vehicle-theft,medium,39.647567,-105.112457
INC-003147,2025-04-27T18:10:36,drug-violation,medium,47.698012,-122.352098
INC-003148,2025-07-21T05:49:13,burglary,medium,40.674844,-73.824754
INC-003149,2025-12-17T07:16:02,fraud,medium,25.757338,-80.246844
INC-003150,2026-04-25T19:40:01,theft-from-vehicle,low,41.759235,-87.458221
INC-003151,2025-02-07T20:07:32,theft-from-vehicle,low,37.852751,-122.467401
INC-003152,2026-01-08T22:52:30,theft-from-vehicle,low,37.805922,-122.342143
INC-003153,2024-06-13T18:11:22,vehicle-theft,high,47.566138,-122.342698
INC-003154,2026-01-17T15:37:26,assault,low,25.907616,-80.145845
INC-003155,2024-05-09T19:43:42,drug-violation,low,37.664639,-122.323906
INC-003156,2024-08-09T01:47:16,vehicle-theft,medium,39.758848,-105.049612
INC-003157,2026-04-29T14:50:10,vandalism,medium,37.647238,-122.365287
INC-003158,2025-07-17T12:29:04,theft-from-vehicle,medium,47.463249,-122.268432
INC-003159,2024-09-24T11:52:29,robbery,low,37.925628,-122.499947
INC-003160,2024-12-02T00:13:21,burglary,low,33.968491,-118.227157
INC-003161,2026-04-03T23:16:04,vehicle-theft,low,37.947699,-122.453489
INC-003162,2025-11-13T08:38:22,theft-from-vehicle,high,34.022846,-118.344217
INC-003163,2024-11-02T14:38:23,drug-violation,low,30.183975,-97.757842
INC-003164,2025-12-28T01:33:09,theft-from-vehicle,medium,41.899997,-87.434206
INC-003165,2025-12-08T14:24:13,fraud,low,37.871854,-122.596687
INC-003166,2025-03-25T01:26:09,vandalism,low,34.087198,-118.451061
INC-003167,2025-05-15T06:25:15,vehicle-theft,low,41.755401,-87.589365
INC-003168,2024-09-04T11:20:50,vandalism,low,30.34341,-97.577094
INC-003169,2024-09-08T02:00:29,burglary,medium,40.666007,-74.062886
INC-003170,2026-02-14T03:03:47,theft-from-vehicle,low,40.797129,-74.132996
INC-003171,2025-01-17T21:58:07,drug-violation,low,41.8433,-87.77892
INC-003172,2024-06-12T13:21:08,theft-from-vehicle,medium,41.810106,-87.8064
INC-003173,2024-06-15T18:28:37,other,medium,41.698722,-87.61588
INC-003174,2026-03-14T00:03:38,vandalism,high,34.127667,-118.178668
INC-003175,2024-07-16T22:59:21,fraud,medium,37.931477,-122.4974
INC-003176,2025-08-08T20:22:58,burglary,low,37.839552,-122.516852
INC-003177,2025-10-10T17:29:15,drug-violation,low,25.861153,-80.077738
INC-003178,2025-07-04T07:59:44,vandalism,medium,41.721902,-87.750074
INC-003179,2025-07-03T10:51:42,drug-violation,low,37.809614,-122.281654
INC-003180,2024-10-15T16:24:36,drug-violation,medium,37.78839,-122.285619
INC-003181,2026-04-29T21:07:25,theft-from-vehicle,high,40.872976,-74.097569
INC-003182,2025-06-04T12:08:51,theft-from-vehicle,low,34.104291,-118.380831
INC-003183,2026-04-25T03:23:33,fraud,medium,40.643914,-73.929169
INC-003184,2025-06-13T23:42:40,burglary,low,37.875596,-122.243319
INC-003185,2026-01-29T06:26:07,vehicle-theft,medium,34.181929,-118.217119
INC-003186,2025-01-21T20:53:44,other,low,37.752894,-122.603322
INC-003187,2025-07-29T23:46:35,assault,high,25.830703,-80.088349
INC-003188,2025-03-13T16:42:41,theft-from-vehicle,high,39.782924,-105.083686
INC-003189,2025-06-07T14:04:38,vehicle-theft,medium,41.870064,-87.423533
INC-003190,2025-11-26T10:05:47,vandalism,low,40.69406,-73.808579
INC-003191,2025-10-01T10:41:16,vehicle-theft,low,39.833294,-104.974013
INC-003192,2024-06-04T05:12:58,burglary,medium,34.182658,-118.102109
INC-003193,2025-06-05T20:59:24,assault,medium,41.814959,-87.686084
INC-003194,2024-08-29T14:46:58,vehicle-theft,medium,34.034818,-118.433117
INC-003195,2025-07-02T07:38:18,vehicle-theft,high,30.404208,-97.725652
INC-003196,2026-04-18T06:12:53,drug-violation,low,40.723955,-74.001151
INC-003197,2026-04-25T09:18:59,theft-from-vehicle,medium,47.464539,-122.227093
INC-003198,2024-08-17T07:03:46,assault,low,41.819692,-87.651948
INC-003199,2025-05-12T23:00:58,robbery,low,37.690888,-122.481805
INC-003200,2025-05-06T18:01:13,vehicle-theft,low,41.846,-87.723547
INC-003201,2026-03-27T07:38:48,other,low,47.452821,-122.254567
INC-003202,2025-12-26T17:44:16,burglary,low,47.475298,-122.325486
INC-003203,2025-01-17T07:21:18,other,low,39.633643,-105.175401
INC-003204,2024-12-01T10:03:42,theft-from-vehicle,low,40.76022,-73.888682
INC-003205,2025-10-04T23:15:45,drug-violation,low,40.54131,-73.955133
INC-003206,2024-08-04T01:24:23,robbery,medium,34.055381,-118.18779
INC-003207,2025-06-21T00:31:12,burglary,low,34.117494,-118.079469
INC-003208,2025-02-24T12:41:09,robbery,medium,40.671589,-73.888434
INC-003209,2025-08-24T08:59:33,theft-from-vehicle,low,37.8474,-122.312358
INC-003210,2024-10-13T16:37:45,theft-from-vehicle,low,47.649569,-122.196953
INC-003211,2025-09-28T05:39:08,burglary,medium,37.751374,-122.322834
INC-003212,2024-12-23T13:10:23,burglary,low,33.955401,-118.317289
INC-003213,2025-04-21T21:04:59,theft-from-vehicle,medium,39.823033,-104.981326
INC-003214,2024-08-09T14:52:28,theft-from-vehicle,high,34.096579,-118.420196
INC-003215,2026-04-09T13:51:10,assault,low,34.155723,-118.140618
INC-003216,2024-09-19T08:21:44,theft-from-vehicle,medium,47.629383,-122.396555
INC-003217,2025-01-21T22:49:26,theft-from-vehicle,medium,37.909782,-122.565936
INC-003218,2025-09-19T09:37:08,vandalism,low,34.021415,-118.150032
INC-003219,2024-09-28T14:39:16,fraud,medium,40.867603,-74.004979
INC-003220,2024-08-28T21:44:30,assault,medium,34.137757,-118.329566
INC-003221,2025-11-23T04:20:03,burglary,medium,34.162373,-118.25119
INC-003222,2026-04-28T21:14:17,drug-violation,low,40.833654,-74.106583
INC-003223,2025-05-21T16:28:36,burglary,low,30.324912,-97.771531
INC-003224,2025-01-20T06:42:33,burglary,medium,40.587697,-74.109854
INC-003225,2025-07-19T07:50:33,theft-from-vehicle,high,25.845218,-80.132031
INC-003226,2025-07-31T23:49:32,drug-violation,low,40.567308,-73.917949
INC-003227,2026-03-30T16:23:21,drug-violation,low,25.863331,-80.127502
INC-003228,2025-06-18T02:54:20,assault,low,34.073746,-118.206052
INC-003229,2025-12-02T04:50:26,theft-from-vehicle,medium,30.404016,-97.718236
INC-003230,2025-11-17T02:10:01,vehicle-theft,low,39.649568,-105.001782
INC-003231,2026-04-27T15:24:51,other,low,34.149418,-118.123289
INC-003232,2024-11-18T18:55:30,assault,high,40.630686,-74.072982
INC-003233,2025-09-08T05:37:17,theft-from-vehicle,low,40.551163,-73.907573
INC-003234,2026-01-28T14:04:38,theft-from-vehicle,medium,37.677665,-122.589212
INC-003235,2026-03-27T21:40:01,burglary,low,25.830478,-80.088593
INC-003236,2024-12-21T02:03:35,drug-violation,low,40.663983,-73.78522
INC-003237,2025-10-08T21:37:14,vandalism,medium,30.201178,-97.77024
INC-003238,2025-11-01T01:41:43,burglary,low,41.807448,-87.452046
INC-003239,2026-02-10T20:59:16,other,low,47.482632,-122.165338
INC-003240,2025-11-25T01:25:22,other,low,37.701865,-122.60136
INC-003241,2024-08-06T18:58:19,assault,low,25.647401,-80.228323
INC-003242,2025-03-04T19:25:13,burglary,medium,25.77117,-80.110485
INC-003243,2025-10-10T22:16:47,burglary,medium,25.87649,-80.21412
INC-003244,2026-02-11T09:02:48,theft-from-vehicle,medium,37.835123,-122.334668
INC-003245,2024-12-21T09:09:45,burglary,low,40.751469,-73.778069
INC-003246,2025-08-15T16:29:54,assault,medium,40.837403,-74.175365
INC-003247,2025-04-17T13:55:11,drug-violation,low,37.689718,-122.529444
INC-003248,2025-07-17T12:35:43,vandalism,high,39.708784,-104.999396
INC-003249,2025-09-11T13:28:45,burglary,low,34.020504,-118.254268
INC-003250,2025-11-21T18:07:00,burglary,low,39.713798,-104.927651
INC-003251,2025-12-10T04:11:28,theft-from-vehicle,low,34.083456,-118.142143
INC-003252,2024-10-15T11:14:35,assault,medium,40.648512,-73.955186
INC-003253,2024-05-17T12:13:51,theft-from-vehicle,low,25.669945,-80.064989
INC-003254,2025-05-19T09:43:17,fraud,low,39.559319,-104.989337
INC-003255,2026-01-15T05:42:03,theft-from-vehicle,low,47.785317,-122.330081
INC-003256,2024-08-14T04:52:05,drug-violation,low,25.641064,-80.189703
INC-003257,2024-06-29T20:51:49,vehicle-theft,low,30.424257,-97.683364
INC-003258,2026-03-24T05:14:25,drug-violation,medium,40.637025,-74.138961
INC-003259,2024-07-04T04:24:18,theft-from-vehicle,medium,34.219209,-118.166517
INC-003260,2026-01-15T19:14:47,theft-from-vehicle,medium,37.682351,-122.497263
INC-003261,2024-08-18T06:50:24,vandalism,low,34.085301,-118.030311
INC-003262,2024-07-20T07:32:04,other,low,41.928019,-87.726413
INC-003263,2024-09-27T23:39:29,vehicle-theft,low,37.828301,-122.598902
INC-003264,2026-02-27T03:48:40,fraud,medium,41.815327,-87.590692
INC-003265,2024-11-16T22:10:34,vehicle-theft,low,30.241035,-97.799446
INC-003266,2024-09-27T19:10:10,theft-from-vehicle,low,30.150178,-97.726925
INC-003267,2024-07-29T17:34:28,theft-from-vehicle,low,25.68201,-80.229796
INC-003268,2025-06-27T10:56:22,vandalism,low,39.636696,-104.874924
INC-003269,2024-09-25T09:05:47,vandalism,low,37.895211,-122.505652
INC-003270,2024-10-18T18:19:54,vehicle-theft,low,47.648085,-122.478892
INC-003271,2026-02-28T00:06:01,other,low,30.249553,-97.665947
INC-003272,2026-04-13T02:33:50,theft-from-vehicle,medium,39.80654,-104.839084
INC-003273,2026-03-18T18:48:48,assault,low,37.646787,-122.308049
INC-003274,2025-01-27T18:38:33,assault,low,40.781935,-74.064586
INC-003275,2025-01-17T00:58:49,other,medium,37.787419,-122.266829
INC-003276,2026-02-19T13:21:53,other,medium,39.64283,-104.858668
INC-003277,2026-03-15T02:40:37,theft-from-vehicle,medium,37.603042,-122.364539
INC-003278,2024-08-30T15:54:32,burglary,low,37.891905,-122.368294
INC-003279,2026-04-27T09:35:26,fraud,medium,47.668689,-122.468394
INC-003280,2025-12-10T02:43:25,burglary,low,47.75033,-122.446755
INC-003281,2025-04-13T21:25:26,burglary,medium,34.16604,-118.273559
INC-003282,2024-05-16T21:54:05,fraud,low,41.930684,-87.497685
INC-003283,2025-11-15T23:38:23,vandalism,low,25.740891,-80.280886
INC-003284,2025-07-19T03:56:33,vandalism,low,47.55268,-122.171188
INC-003285,2025-03-08T14:59:10,robbery,low,39.75006,-105.141434
INC-003286,2024-09-24T13:49:00,drug-violation,low,37.826398,-122.359894
INC-003287,2025-05-02T22:21:29,vandalism,low,34.097433,-118.358872
INC-003288,2024-09-15T16:24:30,fraud,low,34.12198,-118.129882
INC-003289,2025-08-20T21:00:22,other,low,34.1888,-118.302823
INC-003290,2025-04-02T13:41:01,vandalism,low,30.109418,-97.77231
INC-003291,2025-12-31T23:17:55,burglary,medium,34.040855,-118.300854
INC-003292,2025-10-28T07:30:03,vandalism,medium,40.689238,-74.221641
INC-003293,2025-04-21T12:36:21,robbery,low,41.721355,-87.558358
INC-003294,2024-06-26T22:02:33,drug-violation,medium,37.832756,-122.285811
INC-003295,2026-01-05T07:27:32,assault,low,37.814147,-122.254771
INC-003296,2026-02-25T03:34:23,drug-violation,low,40.617172,-73.808941
INC-003297,2025-09-25T19:16:38,assault,medium,30.125473,-97.753512
INC-003298,2025-12-04T09:20:48,theft-from-vehicle,low,30.361275,-97.894932
INC-003299,2026-04-19T06:29:22,drug-violation,low,37.683588,-122.537541
INC-003300,2026-01-29T12:59:03,burglary,medium,34.224344,-118.300577
INC-003301,2026-02-02T09:10:06,burglary,high,34.054826,-118.398712
INC-003302,2024-07-02T16:58:57,vehicle-theft,medium,34.078816,-118.454542
INC-003303,2024-05-10T12:12:09,vehicle-theft,low,41.860795,-87.592366
INC-003304,2024-12-02T23:07:29,vandalism,low,37.766603,-122.391109
INC-003305,2024-11-02T13:35:02,theft-from-vehicle,low,34.162558,-118.165253
INC-003306,2025-04-08T07:23:54,vandalism,medium,47.476896,-122.152365
INC-003307,2025-08-11T11:42:31,fraud,low,40.639327,-74.107911
INC-003308,2025-04-20T10:53:07,vehicle-theft,low,30.232627,-97.573853
INC-003309,2024-12-11T10:25:13,vandalism,high,34.040756,-118.146558
INC-003310,2024-08-12T07:10:59,vehicle-theft,medium,30.192536,-97.793765
INC-003311,2026-04-30T21:32:18,drug-violation,high,39.810458,-104.851825
INC-003312,2025-07-20T22:38:21,theft-from-vehicle,low,47.684037,-122.166835
INC-003313,2024-05-26T04:57:12,vehicle-theft,low,25.762179,-80.051232
INC-003314,2025-10-02T10:32:38,vandalism,low,40.613267,-73.822724
INC-003315,2025-05-10T13:00:55,theft-from-vehicle,low,42.029348,-87.748451
INC-003316,2024-08-24T10:51:41,theft-from-vehicle,low,47.661949,-122.505075
INC-003317,2024-11-04T18:35:11,assault,low,37.860699,-122.279022
INC-003318,2026-03-04T03:54:34,assault,medium,25.656785,-80.092748
INC-003319,2025-10-09T15:54:30,theft-from-vehicle,medium,34.109802,-118.071292
INC-003320,2024-05-09T03:45:43,assault,low,40.696345,-74.10617
INC-003321,2025-10-28T03:11:05,theft-from-vehicle,low,25.882696,-80.149767
INC-003322,2025-08-02T13:40:27,vandalism,medium,41.886822,-87.807856
INC-003323,2024-11-02T09:02:30,theft-from-vehicle,low,25.839369,-80.109218
INC-003324,2024-06-05T11:54:27,burglary,low,30.248069,-97.536494
INC-003325,2024-06-18T14:05:30,assault,low,37.874476,-122.561685
INC-003326,2025-06-21T04:58:47,robbery,medium,37.76086,-122.429501
INC-003327,2025-04-24T11:49:00,assault,low,34.204086,-118.272108
INC-003328,2025-12-08T11:10:45,other,low,30.217465,-97.816272
INC-003329,2025-07-24T11:13:52,theft-from-vehicle,low,47.61489,-122.391006
INC-003330,2026-03-31T00:07:00,vehicle-theft,low,41.702951,-87.583854
INC-003331,2024-10-17T16:15:55,theft-from-vehicle,low,25.712247,-80.292362
INC-003332,2026-04-23T23:30:33,theft-from-vehicle,medium,41.789985,-87.598737
INC-003333,2026-01-19T15:17:37,assault,low,25.842394,-80.349132
INC-003334,2025-01-22T23:46:33,burglary,low,33.95862,-118.325752
INC-003335,2025-05-09T11:14:05,fraud,low,33.995868,-118.075994
INC-003336,2024-07-09T15:33:27,robbery,low,37.612027,-122.502694
INC-003337,2026-03-26T03:19:58,fraud,low,25.863578,-80.111917
INC-003338,2024-11-05T03:03:38,vandalism,low,30.337363,-97.911305
INC-003339,2024-09-02T04:36:11,theft-from-vehicle,low,34.126734,-118.357422
INC-003340,2025-06-29T14:48:15,assault,low,25.723724,-80.175715
INC-003341,2025-12-27T15:38:47,assault,low,30.37728,-97.811297
INC-003342,2025-10-13T19:41:31,burglary,low,37.73199,-122.277752
INC-003343,2024-06-09T12:47:35,theft-from-vehicle,low,25.755433,-80.271103
INC-003344,2024-12-26T04:47:28,theft-from-vehicle,medium,34.078149,-118.246397
INC-003345,2025-09-02T16:40:20,theft-from-vehicle,low,34.081232,-118.1518
INC-003346,2024-08-31T09:00:09,burglary,medium,40.585848,-74.144039
INC-003347,2025-11-21T21:40:40,fraud,medium,30.160471,-97.666781
INC-003348,2025-04-22T09:38:03,theft-from-vehicle,medium,33.925027,-118.252004
INC-003349,2025-05-16T20:42:25,drug-violation,low,25.857045,-80.068225
INC-003350,2026-01-05T11:18:54,drug-violation,medium,37.734298,-122.500947
INC-003351,2025-12-10T12:17:04,burglary,low,34.094275,-118.218044
INC-003352,2025-02-08T00:10:53,assault,low,47.561028,-122.322879
INC-003353,2024-07-24T12:12:41,vehicle-theft,medium,40.778365,-74.099504
INC-003354,2025-10-04T07:15:08,vandalism,medium,37.918243,-122.321228
INC-003355,2024-08-10T00:42:30,assault,low,25.739334,-80.315334
INC-003356,2025-10-25T02:57:25,burglary,low,40.807373,-73.952742
INC-003357,2025-11-02T13:36:37,vandalism,low,34.111643,-118.175991
INC-003358,2025-04-19T13:09:31,robbery,medium,37.940714,-122.454873
INC-003359,2025-01-20T17:49:49,theft-from-vehicle,medium,39.639187,-104.991905
INC-003360,2025-04-09T01:43:58,robbery,medium,40.551321,-73.946066
INC-003361,2026-03-03T10:05:48,assault,medium,34.015952,-118.084409
INC-003362,2025-02-06T17:40:36,fraud,low,30.201072,-97.716223
INC-003363,2026-03-31T22:58:55,theft-from-vehicle,low,40.726522,-74.203878
INC-003364,2025-10-17T23:25:37,other,low,41.968379,-87.543312
INC-003365,2025-01-16T07:56:03,other,medium,41.869565,-87.397529
INC-003366,2025-01-31T16:55:12,drug-violation,low,34.158589,-118.073082
INC-003367,2024-08-29T14:50:59,theft-from-vehicle,low,40.637519,-73.962434
INC-003368,2025-11-08T02:22:13,fraud,low,37.81725,-122.631016
INC-003369,2024-09-27T17:08:23,vehicle-theft,low,47.648263,-122.44673
INC-003370,2025-03-18T17:38:31,theft-from-vehicle,high,47.658887,-122.268186
INC-003371,2026-03-22T01:02:13,theft-from-vehicle,low,37.7413,-122.292701
INC-003372,2024-09-27T22:40:08,drug-violation,low,37.855454,-122.589041
INC-003373,2024-06-24T13:45:43,theft-from-vehicle,low,37.814222,-122.351941
INC-003374,2025-12-15T07:33:21,robbery,high,37.628733,-122.303563
INC-003375,2025-07-03T12:56:14,fraud,low,37.826163,-122.247119
INC-003376,2024-06-07T10:43:07,other,medium,37.677952,-122.32552
INC-003377,2024-07-02T00:26:23,drug-violation,medium,37.675303,-122.306525
INC-003378,2024-10-17T06:48:39,theft-from-vehicle,low,40.689593,-74.031092
INC-003379,2024-07-27T21:59:07,theft-from-vehicle,low,30.43761,-97.789994
INC-003380,2024-12-02T09:06:36,robbery,low,41.7466,-87.769752
INC-003381,2025-08-06T06:12:08,burglary,low,25.648235,-80.118857
INC-003382,2025-07-04T00:13:15,vehicle-theft,high,47.615164,-122.207082
INC-003383,2024-11-28T10:17:47,assault,low,40.814436,-74.139756
INC-003384,2024-11-14T05:08:20,other,low,25.759186,-80.334463
INC-003385,2025-12-25T23:52:32,theft-from-vehicle,medium,47.524771,-122.396583
INC-003386,2024-07-28T07:56:45,theft-from-vehicle,medium,34.058664,-118.362944
INC-003387,2025-04-02T07:28:38,vandalism,low,47.470242,-122.221596
INC-003388,2024-12-31T13:12:57,assault,low,34.123825,-118.213466
INC-003389,2025-06-07T19:00:24,vandalism,low,34.148541,-118.069494
INC-003390,2025-07-19T20:10:55,burglary,low,41.840436,-87.726773
INC-003391,2026-01-06T02:07:31,robbery,medium,41.758036,-87.48481
INC-003392,2025-04-23T06:41:45,vandalism,medium,34.141556,-118.255771
INC-003393,2026-04-29T02:00:21,theft-from-vehicle,low,37.743186,-122.506014
INC-003394,2026-03-17T16:56:21,fraud,medium,47.7359,-122.324005
INC-003395,2024-05-30T13:09:32,burglary,medium,34.075042,-118.251238
INC-003396,2025-11-03T11:26:43,burglary,low,37.882043,-122.531394
INC-003397,2025-06-02T22:09:46,robbery,low,33.889648,-118.327949
INC-003398,2025-04-15T00:52:38,burglary,low,40.667792,-74.088997
INC-003399,2025-02-16T03:38:00,theft-from-vehicle,medium,37.684899,-122.445023
INC-003400,2025-06-18T14:25:14,drug-violation,low,47.64712,-122.175573
INC-003401,2024-09-29T02:39:56,other,low,47.72257,-122.17158
INC-003402,2024-08-11T11:41:55,vehicle-theft,low,25.707531,-80.199388
INC-003403,2025-07-04T15:40:17,assault,low,37.875083,-122.248287
INC-003404,2025-05-03T14:02:22,burglary,low,40.629669,-74.081851
INC-003405,2025-09-18T20:46:10,drug-violation,high,25.660504,-80.210639
INC-003406,2025-12-13T06:13:04,other,high,33.988827,-118.344835
INC-003407,2025-08-11T23:51:27,burglary,low,40.654226,-73.813309
INC-003408,2024-05-09T15:16:55,burglary,medium,25.761853,-80.377182
INC-003409,2025-07-15T10:24:33,vandalism,medium,30.152778,-97.638269
INC-003410,2026-02-08T10:12:02,other,low,40.84467,-73.844905
INC-003411,2025-10-09T02:35:39,assault,medium,33.917497,-118.29071
INC-003412,2025-09-22T19:47:46,vandalism,medium,42.019733,-87.525574
INC-003413,2026-04-27T11:35:17,vandalism,low,39.859781,-105.001593
INC-003414,2025-08-14T02:59:05,burglary,low,30.186594,-97.673241
INC-003415,2025-10-30T05:39:42,drug-violation,medium,25.69941,-80.065949
INC-003416,2026-04-09T10:17:42,theft-from-vehicle,medium,37.876782,-122.257103
INC-003417,2024-05-27T15:07:43,drug-violation,low,34.145673,-118.206994
INC-003418,2025-04-10T11:40:51,theft-from-vehicle,medium,30.148799,-97.699934
INC-003419,2025-10-05T07:10:04,assault,low,41.901572,-87.406171
INC-003420,2025-09-28T12:30:13,burglary,medium,40.746598,-74.169478
INC-003421,2024-07-20T06:06:50,drug-violation,medium,34.102719,-118.128568
INC-003422,2025-09-28T10:08:18,fraud,low,40.617393,-74.133515
INC-003423,2025-10-25T15:56:02,vandalism,low,40.751802,-73.818378
INC-003424,2025-09-17T13:30:09,theft-from-vehicle,low,41.744281,-87.732033
INC-003425,2026-04-26T00:52:03,burglary,low,39.780019,-105.198648
INC-003426,2025-04-19T20:45:22,theft-from-vehicle,medium,47.745885,-122.239235
INC-003427,2026-03-20T17:51:37,other,high,41.909038,-87.673646
INC-003428,2024-05-07T08:29:50,vandalism,low,34.120322,-118.21422
INC-003429,2024-06-03T13:52:08,theft-from-vehicle,low,37.897255,-122.293107
INC-003430,2025-06-11T09:22:35,burglary,medium,47.447589,-122.396307
INC-003431,2026-04-08T10:51:58,burglary,medium,37.633749,-122.375385
INC-003432,2025-03-28T11:39:56,fraud,medium,34.056952,-118.402984
INC-003433,2025-02-05T17:49:11,robbery,low,37.943498,-122.434501
INC-003434,2024-05-22T00:49:00,theft-from-vehicle,low,40.820711,-74.128506
INC-003435,2025-08-13T01:59:31,theft-from-vehicle,low,47.504983,-122.341141
INC-003436,2025-11-17T23:13:43,drug-violation,low,30.149465,-97.824724
INC-003437,2025-09-08T06:23:07,assault,low,39.565535,-104.93173
INC-003438,2024-05-17T05:29:56,drug-violation,medium,47.621241,-122.495851
INC-003439,2025-01-14T22:49:22,theft-from-vehicle,low,25.712576,-80.205984
INC-003440,2025-04-23T17:16:20,other,medium,39.761651,-105.107246
INC-003441,2026-03-31T17:27:55,burglary,medium,25.858917,-80.121718
INC-003442,2025-02-16T02:04:30,theft-from-vehicle,low,34.031658,-118.075465
INC-003443,2025-06-12T02:50:12,vehicle-theft,medium,37.838689,-122.316665
INC-003444,2025-06-08T15:46:20,fraud,high,47.559441,-122.468041
INC-003445,2025-02-18T02:36:28,burglary,low,39.646018,-104.967827
INC-003446,2024-11-02T07:15:04,vehicle-theft,low,33.953252,-118.23765
INC-003447,2024-07-14T08:44:57,burglary,low,40.678586,-74.061825
INC-003448,2026-04-10T14:26:35,theft-from-vehicle,medium,47.619344,-122.174979
INC-003449,2025-08-21T12:15:06,theft-from-vehicle,medium,37.814674,-122.309193
INC-003450,2024-10-10T01:09:34,burglary,low,37.925549,-122.341538
INC-003451,2025-06-28T00:31:40,vandalism,low,34.078092,-118.295143
INC-003452,2024-06-18T21:47:48,vandalism,low,30.419952,-97.65585
INC-003453,2026-02-24T13:03:28,other,high,25.733606,-80.211468
INC-003454,2026-03-30T22:11:59,burglary,low,30.15081,-97.65908
INC-003455,2024-06-04T00:23:50,theft-from-vehicle,low,34.04126,-118.397639
INC-003456,2026-02-03T02:26:45,theft-from-vehicle,medium,39.699095,-104.960963
INC-003457,2024-07-02T10:38:27,assault,low,40.656158,-73.858698
INC-003458,2025-07-24T12:19:48,burglary,low,47.612601,-122.130275
INC-003459,2024-06-04T20:22:59,burglary,low,47.669581,-122.124092
INC-003460,2024-06-29T19:30:28,assault,medium,41.912442,-87.621587
INC-003461,2025-10-11T01:57:27,vehicle-theft,high,40.862233,-73.993547
INC-003462,2024-05-31T12:27:46,theft-from-vehicle,low,34.151134,-118.392235
INC-003463,2024-09-16T23:15:10,burglary,medium,47.610801,-122.084209
INC-003464,2025-10-21T19:20:19,theft-from-vehicle,low,41.705596,-87.597587
INC-003465,2024-05-15T00:06:43,theft-from-vehicle,medium,39.671009,-105.070702
INC-003466,2025-02-15T07:06:02,burglary,low,37.803421,-122.355569
INC-003467,2024-05-06T04:48:00,drug-violation,low,40.674201,-73.82265
INC-003468,2024-05-12T06:49:08,vehicle-theft,low,34.041941,-118.26246
INC-003469,2024-08-25T14:31:20,vandalism,low,39.879041,-105.128018
INC-003470,2024-05-26T10:19:17,burglary,medium,40.806885,-73.864052
INC-003471,2025-05-04T07:28:19,burglary,medium,33.988074,-118.362308
INC-003472,2026-02-10T08:09:25,fraud,high,41.850278,-87.48382
INC-003473,2025-03-31T04:47:36,robbery,low,39.800375,-105.031494
INC-003474,2025-06-10T07:09:06,fraud,low,40.579569,-74.07779
INC-003475,2025-06-27T08:54:31,vandalism,low,33.943372,-118.22049
INC-003476,2024-09-13T07:49:43,burglary,low,40.736002,-73.861279
INC-003477,2025-02-11T13:24:59,vandalism,low,25.672531,-80.31976
INC-003478,2025-04-18T14:34:09,robbery,low,37.882681,-122.494161
INC-003479,2025-11-14T07:00:19,drug-violation,low,34.039492,-118.167877
INC-003480,2025-10-08T10:12:34,vehicle-theft,high,40.821497,-74.172716
INC-003481,2024-10-13T14:58:57,vehicle-theft,low,25.652019,-80.175447
INC-003482,2025-12-18T06:20:09,burglary,low,40.740684,-74.215387
INC-003483,2025-01-20T20:51:50,theft-from-vehicle,high,37.705549,-122.379829
INC-003484,2024-05-11T20:49:30,other,medium,33.915667,-118.269302
INC-003485,2024-06-16T19:32:45,other,low,34.190269,-118.325914
INC-003486,2024-09-21T10:34:42,vehicle-theft,low,34.009934,-118.386779
INC-003487,2025-03-10T07:35:55,drug-violation,low,47.516748,-122.295302
INC-003488,2025-12-21T04:46:45,robbery,medium,47.545712,-122.226511
INC-003489,2026-04-02T03:48:13,drug-violation,high,47.456277,-122.338673
INC-003490,2025-11-23T17:36:26,drug-violation,low,40.713593,-74.213126
INC-003491,2025-12-09T13:15:26,theft-from-vehicle,low,37.905612,-122.316701
INC-003492,2024-09-07T07:53:15,theft-from-vehicle,medium,47.66599,-122.581977
INC-003493,2025-10-05T09:16:32,fraud,medium,37.754014,-122.397312
INC-003494,2025-04-26T07:52:55,vehicle-theft,low,30.367246,-97.771126
INC-003495,2025-01-28T06:52:24,assault,low,34.080089,-118.261052
INC-003496,2026-01-07T10:28:29,robbery,low,34.07973,-118.079179
INC-003497,2024-05-19T08:36:52,assault,low,37.792723,-122.360222
INC-003498,2025-08-05T04:58:55,burglary,low,34.023009,-118.041822
INC-003499,2025-07-15T17:56:21,fraud,low,33.982548,-118.085133
INC-003500,2025-01-16T16:33:21,other,medium,42.024765,-87.57614
INC-003501,2026-03-31T07:17:17,theft-from-vehicle,low,34.16598,-118.322034
INC-003502,2025-11-09T08:43:29,vandalism,low,47.479857,-122.347004
INC-003503,2025-05-14T01:28:03,fraud,medium,47.530914,-122.423331
INC-003504,2025-12-06T08:13:58,theft-from-vehicle,medium,37.610994,-122.473834
INC-003505,2025-08-15T12:41:15,theft-from-vehicle,low,34.032263,-118.15009
INC-003506,2025-02-04T18:27:37,fraud,low,37.751738,-122.576076
INC-003507,2026-04-14T20:59:12,vandalism,low,39.817522,-105.043931
INC-003508,2026-03-24T08:04:48,assault,medium,37.911423,-122.427592
INC-003509,2026-02-25T15:02:52,theft-from-vehicle,low,40.720833,-74.078892
INC-003510,2025-02-11T16:59:15,vehicle-theft,low,40.652207,-74.145126
INC-003511,2025-12-28T02:05:19,burglary,medium,47.548633,-122.335638
INC-003512,2026-02-02T04:47:27,burglary,low,37.773157,-122.244538
INC-003513,2025-10-21T08:35:42,theft-from-vehicle,low,40.825106,-73.88453
INC-003514,2025-06-19T02:15:16,theft-from-vehicle,medium,30.214058,-97.929253
INC-003515,2025-03-07T01:30:08,burglary,medium,42.03972,-87.620824
INC-003516,2025-08-31T22:14:14,drug-violation,low,42.042276,-87.560695
INC-003517,2024-09-18T23:37:11,theft-from-vehicle,low,34.032089,-118.437547
INC-003518,2025-01-26T00:47:43,fraud,medium,39.825209,-104.810372
INC-003519,2025-12-24T19:03:59,burglary,low,25.694285,-80.059366
INC-003520,2026-04-24T20:32:34,assault,low,37.811976,-122.387486
INC-003521,2025-11-19T11:37:17,drug-violation,medium,34.081739,-118.427624
INC-003522,2025-07-20T07:13:19,burglary,low,47.686647,-122.368248
INC-003523,2025-08-10T08:54:30,vehicle-theft,low,37.669013,-122.427772
INC-003524,2025-01-18T23:29:20,drug-violation,low,39.619855,-104.847685
INC-003525,2024-12-25T21:41:12,theft-from-vehicle,low,47.54968,-122.284723
INC-003526,2025-08-12T06:13:04,vandalism,low,34.001573,-118.052346
INC-003527,2024-11-09T02:53:28,drug-violation,low,47.434919,-122.381694
INC-003528,2025-01-21T14:44:42,burglary,low,40.795077,-74.07724
INC-003529,2025-04-08T03:08:41,vehicle-theft,medium,41.873197,-87.705858
INC-003530,2025-11-12T20:16:48,burglary,medium,39.728485,-104.841816
INC-003531,2025-04-01T23:29:55,burglary,low,33.933547,-118.220636
INC-003532,2026-02-10T10:36:06,vehicle-theft,low,37.680204,-122.469162
INC-003533,2024-07-04T08:50:08,burglary,low,30.153737,-97.854946
INC-003534,2025-10-30T06:59:33,assault,medium,34.036461,-118.396211
INC-003535,2025-02-02T03:04:17,drug-violation,medium,34.189752,-118.379433
INC-003536,2024-07-15T15:54:41,vandalism,medium,37.765142,-122.355021
INC-003537,2025-10-14T05:21:00,theft-from-vehicle,low,47.472981,-122.164275
INC-003538,2025-01-18T21:36:34,theft-from-vehicle,low,37.80935,-122.545402
INC-003539,2024-08-01T04:34:10,burglary,low,37.932183,-122.414903
INC-003540,2024-08-25T06:45:46,burglary,medium,25.597612,-80.197071
INC-003541,2025-05-07T21:39:03,vandalism,low,30.227619,-97.77675
INC-003542,2024-07-27T12:54:07,burglary,low,41.831664,-87.46799
INC-003543,2025-04-12T09:42:49,vehicle-theft,low,42.013576,-87.635417
INC-003544,2024-07-23T18:39:38,vandalism,low,30.216438,-97.943036
INC-003545,2024-09-12T17:29:35,burglary,high,34.043151,-118.077265
INC-003546,2026-03-28T15:07:33,drug-violation,low,47.682005,-122.246483
INC-003547,2025-12-04T23:13:54,theft-from-vehicle,low,42.016508,-87.669297
INC-003548,2024-10-28T13:12:52,theft-from-vehicle,low,25.67619,-80.261722
INC-003549,2025-09-17T22:47:31,drug-violation,medium,34.12059,-118.417427
INC-003550,2026-03-13T05:24:06,assault,low,37.744159,-122.391853
INC-003551,2024-07-31T14:50:03,theft-from-vehicle,medium,40.62182,-73.98334
INC-003552,2026-04-01T12:56:07,theft-from-vehicle,medium,47.736318,-122.486902
INC-003553,2025-08-25T07:53:11,vandalism,low,37.725224,-122.459975
INC-003554,2024-07-23T15:42:54,vehicle-theft,low,47.52604,-122.48859
INC-003555,2025-09-17T00:18:10,theft-from-vehicle,low,37.791921,-122.192843
INC-003556,2025-01-07T13:13:02,vandalism,medium,37.733922,-122.371816
INC-003557,2024-05-12T17:33:58,burglary,high,30.356554,-97.589129
INC-003558,2025-09-16T09:37:48,assault,low,40.637359,-74.043422
INC-003559,2025-03-16T01:02:07,fraud,high,40.853532,-74.06821
INC-003560,2026-01-06T17:36:46,other,low,40.710478,-73.928681
INC-003561,2025-04-26T04:16:23,theft-from-vehicle,low,40.750546,-74.027152
INC-003562,2024-07-19T19:35:16,burglary,medium,40.610296,-73.889954
INC-003563,2025-11-29T05:20:42,theft-from-vehicle,medium,37.932033,-122.391801
INC-003564,2025-11-30T14:54:21,theft-from-vehicle,medium,47.73091,-122.244701
INC-003565,2025-06-14T16:30:37,burglary,low,30.359748,-97.868328
INC-003566,2025-12-20T15:01:03,other,high,39.621404,-104.834992
INC-003567,2025-06-15T19:03:48,assault,low,42.013862,-87.617599
INC-003568,2026-01-12T09:52:18,burglary,low,37.725137,-122.462436
INC-003569,2026-01-21T07:18:45,other,medium,37.623137,-122.441931
INC-003570,2026-02-09T17:44:21,burglary,high,40.675027,-73.824485
INC-003571,2024-12-06T11:02:38,burglary,medium,30.389725,-97.74162
INC-003572,2025-10-24T14:38:39,theft-from-vehicle,low,40.659907,-73.997859
INC-003573,2025-11-26T03:40:03,burglary,low,33.940946,-118.324571
INC-003574,2025-01-25T00:57:17,other,low,37.824515,-122.56775
INC-003575,2025-01-18T19:35:59,theft-from-vehicle,low,30.282186,-97.593346
INC-003576,2025-05-30T11:08:55,vandalism,high,37.757331,-122.21235
INC-003577,2024-11-25T19:49:44,assault,low,37.819471,-122.294391
INC-003578,2026-04-30T19:33:50,assault,high,40.679218,-73.830606
INC-003579,2025-09-12T03:29:33,assault,medium,37.676377,-122.304584
INC-003580,2025-12-17T02:03:56,theft-from-vehicle,medium,33.92696,-118.215423
INC-003581,2024-11-17T00:01:03,burglary,medium,40.580768,-74.058825
INC-003582,2025-10-22T03:46:08,assault,low,39.683695,-104.97897
INC-003583,2025-04-06T14:46:56,burglary,low,37.606793,-122.393075
INC-003584,2025-08-16T13:00:58,burglary,medium,25.777337,-80.222716
INC-003585,2024-11-17T14:33:16,theft-from-vehicle,low,39.769105,-105.061521
INC-003586,2025-07-07T08:58:27,vehicle-theft,medium,25.786199,-80.357544
INC-003587,2025-05-23T07:32:18,theft-from-vehicle,medium,30.353498,-97.797033
INC-003588,2026-02-19T01:35:11,drug-violation,low,37.904175,-122.44296
INC-003589,2025-08-20T19:35:14,burglary,medium,39.661644,-105.024248
INC-003590,2025-06-08T19:52:32,vandalism,high,37.723314,-122.547346
INC-003591,2026-04-01T03:45:13,vehicle-theft,low,40.698113,-73.885722
INC-003592,2025-09-03T10:24:21,theft-from-vehicle,low,47.623303,-122.495965
INC-003593,2026-01-02T00:17:08,theft-from-vehicle,medium,41.971526,-87.462634
INC-003594,2024-12-09T11:19:32,drug-violation,low,33.919462,-118.118248
INC-003595,2026-03-04T20:21:09,assault,medium,37.725681,-122.423645
INC-003596,2025-03-22T12:39:41,vandalism,low,41.76626,-87.618914
INC-003597,2025-06-19T09:43:49,vandalism,high,34.054898,-118.392881
INC-003598,2025-12-31T15:45:22,theft-from-vehicle,high,40.626605,-74.144634
INC-003599,2025-10-16T14:11:00,other,high,25.931668,-80.143508
INC-003600,2025-08-21T11:46:59,fraud,low,40.674109,-74.132227
INC-003601,2025-08-05T00:16:58,assault,low,30.21304,-97.700571
INC-003602,2026-03-06T00:36:26,burglary,low,25.675481,-80.071417
INC-003603,2025-05-24T01:49:29,vandalism,low,40.798242,-74.134578
INC-003604,2024-09-04T19:16:15,assault,medium,33.981799,-118.148246
INC-003605,2024-12-21T05:43:51,other,low,37.780438,-122.237545
INC-003606,2025-07-24T18:17:18,theft-from-vehicle,medium,25.805567,-80.288013
INC-003607,2024-12-21T02:59:27,vehicle-theft,low,37.928554,-122.365578
INC-003608,2025-10-26T11:51:19,theft-from-vehicle,low,34.098211,-118.155492
INC-003609,2024-09-22T04:47:23,vandalism,low,41.943262,-87.465777
INC-003610,2026-02-24T09:59:20,drug-violation,low,34.041865,-118.118852
INC-003611,2025-03-22T15:58:55,assault,low,33.984131,-118.055767
INC-003612,2024-07-15T11:22:43,fraud,low,37.73694,-122.287341
INC-003613,2026-02-09T13:25:57,assault,low,25.637319,-80.07202
INC-003614,2024-08-04T21:28:52,drug-violation,medium,30.209946,-97.837874
INC-003615,2024-08-07T10:50:35,vandalism,high,40.646027,-74.082476
INC-003616,2024-11-29T11:04:03,vandalism,low,41.754783,-87.472323
INC-003617,2025-10-26T13:24:00,theft-from-vehicle,medium,30.112315,-97.717912
INC-003618,2024-09-24T13:12:05,burglary,medium,40.571526,-74.087248
INC-003619,2025-06-11T04:07:19,drug-violation,low,34.071321,-118.108708
INC-003620,2025-03-31T10:28:10,theft-from-vehicle,low,30.389019,-97.703816
INC-003621,2024-09-17T09:06:43,fraud,medium,30.236973,-97.933746
INC-003622,2025-04-05T08:25:42,assault,high,39.68567,-105.137438
INC-003623,2026-02-01T02:24:07,assault,medium,30.177085,-97.732463
INC-003624,2025-03-17T05:14:51,robbery,low,37.697177,-122.316415
INC-003625,2025-01-27T17:06:05,burglary,low,42.05381,-87.641772
INC-003626,2026-03-31T04:18:08,theft-from-vehicle,low,33.934447,-118.343087
INC-003627,2026-04-12T05:00:26,theft-from-vehicle,low,41.858196,-87.554998
INC-003628,2025-08-10T05:22:25,fraud,low,39.582215,-104.907312
INC-003629,2025-02-20T15:19:02,assault,low,30.391932,-97.750296
INC-003630,2026-01-25T04:08:39,vehicle-theft,low,40.789158,-73.948141
INC-003631,2024-11-24T09:47:58,drug-violation,low,37.685992,-122.31004
INC-003632,2026-01-05T04:59:43,other,low,34.124389,-118.255291
INC-003633,2026-02-09T18:32:21,assault,medium,37.771088,-122.40827
INC-003634,2025-09-26T05:33:11,drug-violation,low,47.533962,-122.268035
INC-003635,2024-10-29T10:59:22,theft-from-vehicle,low,37.921004,-122.301767
INC-003636,2024-07-19T03:07:48,theft-from-vehicle,low,37.67067,-122.420635
INC-003637,2024-10-18T08:53:23,theft-from-vehicle,high,39.771926,-104.978288
INC-003638,2025-11-04T08:46:40,other,medium,40.545026,-74.090319
INC-003639,2024-05-11T06:55:48,vehicle-theft,low,30.25306,-97.948387
INC-003640,2025-06-28T11:38:33,vehicle-theft,medium,34.113159,-118.168329
INC-003641,2025-09-30T08:23:55,robbery,low,41.873035,-87.617376
INC-003642,2026-01-20T02:21:33,vandalism,low,47.677084,-122.343071
INC-003643,2026-04-19T20:48:44,theft-from-vehicle,high,25.717309,-80.177771
INC-003644,2025-03-10T05:53:01,vandalism,high,25.842703,-80.266947
INC-003645,2026-03-10T04:40:00,other,medium,40.824932,-73.835114
INC-003646,2024-07-29T02:54:08,vandalism,high,37.853121,-122.602477
INC-003647,2024-11-07T12:19:52,vehicle-theft,low,40.862437,-73.991397
INC-003648,2025-07-08T08:25:34,drug-violation,medium,34.177409,-118.307583
INC-003649,2025-08-15T05:14:45,theft-from-vehicle,low,30.368338,-97.627764
INC-003650,2026-03-07T00:14:13,other,low,34.170522,-118.38392
INC-003651,2024-11-06T19:40:48,burglary,low,37.669436,-122.478733
INC-003652,2026-03-05T14:24:50,robbery,low,37.709563,-122.403353
INC-003653,2026-01-25T07:21:02,theft-from-vehicle,medium,37.768807,-122.548056
INC-003654,2025-08-15T01:52:44,burglary,low,34.066784,-118.216629
INC-003655,2024-07-17T02:15:51,drug-violation,low,47.44845,-122.213523
INC-003656,2024-07-28T12:46:27,fraud,low,41.855693,-87.731451
INC-003657,2026-03-16T19:09:02,drug-violation,low,47.605242,-122.292604
INC-003658,2025-10-04T19:43:10,vandalism,low,47.547493,-122.493459
INC-003659,2024-10-29T06:22:53,vehicle-theft,medium,34.147186,-118.18303
INC-003660,2024-12-27T17:50:35,burglary,low,37.73388,-122.583162
INC-003661,2025-05-19T11:44:41,assault,medium,40.628576,-73.974004
INC-003662,2024-12-04T20:19:56,burglary,low,33.979794,-118.211564
INC-003663,2024-11-26T20:36:21,burglary,medium,40.886907,-73.965811
INC-003664,2025-10-31T16:20:03,vehicle-theft,medium,39.714529,-105.00871
INC-003665,2026-02-11T17:12:23,vehicle-theft,low,47.707561,-122.414807
INC-003666,2025-09-14T04:03:39,drug-violation,medium,37.771345,-122.254114
INC-003667,2026-03-13T08:35:04,vehicle-theft,low,37.856913,-122.507213
INC-003668,2025-01-21T02:13:26,burglary,low,39.732142,-104.900336
INC-003669,2025-07-18T10:59:11,vandalism,low,39.728321,-104.911215
INC-003670,2025-01-25T06:47:20,assault,medium,33.936931,-118.237393
INC-003671,2026-03-15T15:30:17,theft-from-vehicle,low,30.28153,-97.86254
INC-003672,2024-12-03T03:43:14,vehicle-theft,low,25.635284,-80.080703
INC-003673,2025-01-14T23:47:27,theft-from-vehicle,low,37.619781,-122.386144
INC-003674,2024-09-30T13:14:09,assault,low,40.729399,-73.782285
INC-003675,2025-02-06T00:58:44,theft-from-vehicle,medium,37.927002,-122.422845
INC-003676,2025-09-29T15:30:57,theft-from-vehicle,high,37.661073,-122.469608
INC-003677,2024-07-03T20:20:47,vandalism,low,30.252306,-97.703117
INC-003678,2025-06-01T07:39:18,theft-from-vehicle,low,33.998053,-118.06044
INC-003679,2025-04-18T01:34:53,vehicle-theft,medium,37.763074,-122.367072
INC-003680,2025-12-04T17:32:44,theft-from-vehicle,medium,25.656125,-80.343779
INC-003681,2025-06-27T07:49:49,assault,medium,40.74887,-73.871193
INC-003682,2025-11-01T21:09:58,theft-from-vehicle,medium,30.418604,-97.846713
INC-003683,2025-04-05T07:58:29,burglary,low,25.731569,-80.129838
INC-003684,2024-11-27T05:53:17,theft-from-vehicle,low,40.807975,-74.148352
INC-003685,2025-02-23T13:42:56,assault,low,40.857689,-74.113829
INC-003686,2025-07-18T17:06:47,other,medium,41.77028,-87.723722
INC-003687,2026-01-31T19:19:25,assault,low,34.125175,-118.06297
INC-003688,2025-07-20T17:31:01,theft-from-vehicle,low,34.002374,-118.070282
INC-003689,2025-03-28T05:51:31,burglary,low,25.823755,-80.238379
INC-003690,2025-04-06T07:58:40,vehicle-theft,high,39.596581,-104.85405
INC-003691,2024-11-10T09:22:32,assault,low,47.630181,-122.445883
INC-003692,2026-03-22T20:36:01,drug-violation,high,37.916216,-122.409115
INC-003693,2025-06-11T23:23:36,burglary,low,34.045929,-118.169904
INC-003694,2025-06-11T05:10:01,fraud,medium,40.589755,-74.109143
INC-003695,2024-08-14T07:14:36,vehicle-theft,low,37.650561,-122.496918
INC-003696,2025-05-29T19:47:17,vandalism,low,37.847633,-122.287354
INC-003697,2025-10-16T05:16:38,theft-from-vehicle,low,37.658636,-122.345894
INC-003698,2024-08-25T21:50:26,vandalism,low,34.131073,-118.246207
INC-003699,2025-04-02T11:23:05,theft-from-vehicle,medium,34.1033,-118.443021
INC-003700,2024-05-19T15:01:48,burglary,medium,25.782024,-80.049904
INC-003701,2024-09-17T14:03:34,vehicle-theft,medium,47.442038,-122.35866
INC-003702,2024-11-10T21:39:42,theft-from-vehicle,medium,37.807425,-122.50313
INC-003703,2024-08-07T20:11:11,assault,low,42.027371,-87.524904
INC-003704,2026-03-23T22:52:52,burglary,low,41.707971,-87.629486
INC-003705,2024-12-29T21:56:47,theft-from-vehicle,low,30.416468,-97.677924
INC-003706,2025-08-01T14:12:55,burglary,low,37.928773,-122.321707
INC-003707,2025-10-14T22:54:31,fraud,medium,25.804415,-80.312371
INC-003708,2026-02-07T07:18:31,robbery,low,39.635302,-105.111113
INC-003709,2025-03-07T11:18:32,burglary,low,40.695052,-73.962554
INC-003710,2025-10-07T14:02:44,other,low,30.386366,-97.758822
INC-003711,2025-10-28T12:44:11,vandalism,medium,34.140191,-118.182865
INC-003712,2025-03-09T09:33:49,theft-from-vehicle,low,25.930186,-80.239307
INC-003713,2025-05-16T17:31:57,robbery,medium,39.70823,-104.881137
INC-003714,2024-06-19T07:29:51,assault,low,34.107385,-118.122456
INC-003715,2025-05-19T19:56:48,theft-from-vehicle,medium,34.036786,-118.194064
INC-003716,2024-12-26T06:24:06,vandalism,high,34.126949,-118.411522
INC-003717,2024-12-05T07:02:00,assault,low,25.741344,-80.190649
INC-003718,2025-04-04T08:44:56,theft-from-vehicle,medium,25.816828,-80.033371
INC-003719,2025-04-20T21:48:37,assault,low,30.120453,-97.852761
INC-003720,2025-03-01T21:26:30,burglary,high,37.927104,-122.308391
INC-003721,2024-07-13T13:46:13,assault,low,37.885023,-122.511061
INC-003722,2024-12-05T17:32:32,vandalism,low,25.868465,-80.109267
INC-003723,2025-12-04T00:42:32,burglary,low,37.646339,-122.376029
INC-003724,2024-12-22T08:12:49,vehicle-theft,low,33.973633,-118.152369
INC-003725,2026-01-04T07:09:38,vandalism,low,25.812187,-80.14278
INC-003726,2025-07-15T06:41:45,vehicle-theft,high,39.833702,-105.024418
INC-003727,2024-09-19T04:52:35,vehicle-theft,low,40.730674,-74.129946
INC-003728,2024-06-27T21:29:32,drug-violation,medium,34.138589,-118.37739
INC-003729,2024-12-18T14:12:44,vandalism,low,37.834689,-122.633726
INC-003730,2025-02-06T15:55:01,burglary,low,47.544379,-122.339703
INC-003731,2024-06-23T00:01:29,drug-violation,low,30.392392,-97.670507
INC-003732,2024-10-09T11:15:25,fraud,low,47.69778,-122.222861
INC-003733,2024-10-23T10:48:31,vandalism,low,34.10473,-118.119624
INC-003734,2025-02-19T09:55:25,assault,medium,47.455251,-122.378572
INC-003735,2024-07-07T22:26:28,fraud,low,40.65435,-74.057549
INC-003736,2025-04-05T14:19:38,assault,high,37.864213,-122.469121
INC-003737,2024-12-09T02:02:55,drug-violation,medium,30.380585,-97.740447
INC-003738,2025-06-08T08:09:50,burglary,medium,30.375354,-97.606938
INC-003739,2024-10-08T10:58:04,theft-from-vehicle,low,37.642254,-122.407608
INC-003740,2025-06-03T08:44:33,vehicle-theft,low,41.865978,-87.774035
INC-003741,2024-11-13T07:43:04,burglary,medium,34.147943,-118.307972
INC-003742,2024-09-13T01:38:46,fraud,medium,37.770943,-122.373689
INC-003743,2025-07-08T02:31:00,vandalism,low,33.880346,-118.187729
INC-003744,2024-12-06T07:03:39,vehicle-theft,medium,37.684306,-122.579313
INC-003745,2025-04-13T10:17:24,assault,low,34.04252,-118.353711
INC-003746,2025-02-05T09:11:41,assault,medium,41.998472,-87.675965
INC-003747,2025-01-28T07:49:21,theft-from-vehicle,low,37.781664,-122.505364
INC-003748,2024-05-01T08:03:16,theft-from-vehicle,medium,30.339352,-97.804848
INC-003749,2024-09-06T14:23:41,robbery,low,25.822048,-80.096414
INC-003750,2024-08-18T23:59:02,theft-from-vehicle,medium,25.631476,-80.256071
INC-003751,2026-03-23T01:11:49,vandalism,low,41.958293,-87.452858
INC-003752,2026-03-07T10:56:47,burglary,low,41.953727,-87.6945
INC-003753,2026-02-19T01:28:29,theft-from-vehicle,medium,41.862091,-87.839952
INC-003754,2025-07-15T10:37:15,assault,medium,47.604915,-122.159585
INC-003755,2024-10-22T03:27:13,vehicle-theft,low,47.544758,-122.473918
INC-003756,2024-08-11T15:06:13,vandalism,medium,39.824703,-104.828586
INC-003757,2024-12-28T01:51:20,theft-from-vehicle,low,25.81627,-80.129246
INC-003758,2024-08-06T06:37:03,fraud,low,30.396246,-97.637201
INC-003759,2024-08-25T16:14:39,robbery,medium,34.046946,-118.187221
INC-003760,2024-10-20T10:40:58,fraud,medium,40.686549,-74.238085
INC-003761,2025-06-21T07:50:01,robbery,high,34.027562,-118.363128
INC-003762,2025-05-05T14:06:04,other,medium,34.008391,-118.060917
INC-003763,2025-01-16T21:37:36,burglary,low,37.860767,-122.465376
INC-003764,2025-08-28T11:40:08,burglary,medium,37.859252,-122.477429
INC-003765,2026-03-16T19:16:24,vehicle-theft,medium,47.578353,-122.117256
INC-003766,2025-07-22T08:01:08,theft-from-vehicle,medium,40.715528,-73.934446
INC-003767,2025-10-14T04:14:50,theft-from-vehicle,high,30.301663,-97.733809
INC-003768,2025-06-29T09:23:28,vehicle-theft,high,37.86156,-122.528893
INC-003769,2025-01-31T05:02:51,drug-violation,low,40.588471,-74.017373
INC-003770,2025-02-25T17:49:26,vandalism,medium,37.733465,-122.227924
INC-003771,2024-12-08T18:12:06,vehicle-theft,low,47.658345,-122.131288
INC-003772,2026-03-10T13:33:00,drug-violation,low,34.157951,-118.395484
INC-003773,2025-05-05T18:08:23,assault,medium,41.785547,-87.556201
INC-003774,2025-06-27T11:02:27,assault,low,34.016107,-118.365368
INC-003775,2024-10-28T09:31:47,theft-from-vehicle,low,30.277414,-97.768662
INC-003776,2024-09-01T17:50:44,burglary,low,40.662405,-73.885279
INC-003777,2024-12-20T04:26:39,theft-from-vehicle,low,39.70482,-104.768898
INC-003778,2024-07-27T00:49:32,vandalism,high,30.267136,-97.607001
INC-003779,2026-01-13T21:23:14,drug-violation,medium,41.715367,-87.530468
INC-003780,2026-03-24T12:07:08,burglary,low,37.65359,-122.465903
INC-003781,2025-04-01T16:13:38,fraud,low,39.785238,-104.931178
INC-003782,2025-03-31T22:07:49,fraud,high,25.840269,-80.071796
INC-003783,2025-11-17T08:57:57,vandalism,low,39.709346,-105.088808
INC-003784,2024-07-24T03:52:40,drug-violation,low,37.769147,-122.325299
INC-003785,2025-03-11T10:49:33,robbery,low,40.811158,-73.829755
INC-003786,2024-08-21T17:13:35,vehicle-theft,medium,25.920106,-80.228069
INC-003787,2025-11-07T05:32:40,theft-from-vehicle,low,30.126958,-97.659918
INC-003788,2025-08-29T14:31:12,robbery,low,41.87138,-87.668341
INC-003789,2025-07-31T23:25:49,assault,medium,40.796135,-73.920386
INC-003790,2024-08-21T03:38:50,theft-from-vehicle,low,30.119759,-97.810492
INC-003791,2025-10-28T19:09:34,drug-violation,high,39.79863,-105.097171
INC-003792,2026-04-26T01:37:31,other,medium,40.686824,-73.952378
INC-003793,2025-03-22T23:03:29,drug-violation,medium,41.900639,-87.825356
INC-003794,2026-03-01T19:55:51,burglary,low,33.973323,-118.091369
INC-003795,2025-02-09T04:57:09,assault,medium,25.629058,-80.146503
INC-003796,2024-05-21T07:09:35,burglary,low,37.794677,-122.201808
INC-003797,2025-06-14T15:42:00,assault,low,30.203683,-97.604021
INC-003798,2026-03-24T01:54:14,assault,low,34.036536,-118.104995
INC-003799,2025-11-12T13:00:16,burglary,medium,34.197616,-118.266299
INC-003800,2026-02-17T03:05:41,burglary,low,47.652211,-122.49851
INC-003801,2025-12-30T16:45:28,drug-violation,medium,25.707376,-80.358097
INC-003802,2025-10-31T01:58:24,burglary,low,37.947374,-122.362633
INC-003803,2025-06-23T10:21:13,theft-from-vehicle,low,47.637991,-122.297584
INC-003804,2024-12-28T00:01:30,assault,low,33.947449,-118.404643
INC-003805,2026-03-08T12:12:41,vandalism,high,47.744261,-122.417827
INC-003806,2025-08-03T00:55:32,assault,low,25.933374,-80.140057
INC-003807,2026-03-17T02:45:44,burglary,high,39.674315,-104.978621
INC-003808,2025-01-25T02:30:12,vehicle-theft,low,40.761212,-74.032847
INC-003809,2025-09-11T17:06:41,other,low,34.046058,-118.21967
INC-003810,2025-10-16T08:09:05,burglary,medium,25.814534,-80.320191
INC-003811,2025-08-31T05:03:18,burglary,low,30.162456,-97.758461
INC-003812,2025-01-16T19:07:59,vehicle-theft,low,40.832063,-74.087128
INC-003813,2024-05-23T23:57:27,burglary,high,37.790159,-122.366804
INC-003814,2025-12-17T11:14:47,drug-violation,low,40.563489,-73.917385
INC-003815,2024-12-31T14:00:38,theft-from-vehicle,low,34.197168,-118.300572
INC-003816,2024-09-20T13:35:45,theft-from-vehicle,low,25.855721,-80.052008
INC-003817,2025-01-23T17:46:21,theft-from-vehicle,low,40.641059,-73.82891
INC-003818,2025-08-22T21:57:00,drug-violation,low,40.716996,-74.138429
INC-003819,2024-06-26T09:23:35,theft-from-vehicle,low,40.882689,-74.009561
INC-003820,2024-06-10T09:15:26,assault,low,39.913584,-105.012317
INC-003821,2025-07-12T19:00:03,vandalism,low,37.806939,-122.594721
INC-003822,2024-06-06T02:39:55,other,medium,37.727027,-122.557104
INC-003823,2025-01-05T08:49:36,other,low,40.586873,-73.867907
INC-003824,2026-03-20T22:53:56,drug-violation,medium,30.154423,-97.866105
INC-003825,2024-08-05T11:12:04,vandalism,low,39.84538,-105.164995
INC-003826,2025-05-29T16:27:28,fraud,low,34.099473,-118.398185
INC-003827,2024-11-23T12:01:50,theft-from-vehicle,low,25.925824,-80.134962
INC-003828,2025-07-02T15:19:34,burglary,low,47.657464,-122.29787
INC-003829,2024-06-28T22:16:29,assault,low,30.280768,-97.847941
INC-003830,2024-10-01T17:30:18,robbery,low,34.117013,-118.296437
INC-003831,2024-07-28T04:53:17,vandalism,medium,37.684014,-122.615356
INC-003832,2025-06-09T06:13:18,other,high,34.18178,-118.384396
INC-003833,2024-11-11T23:30:16,fraud,low,40.569414,-74.058562
INC-003834,2025-08-13T03:48:22,assault,medium,25.675651,-80.07217
INC-003835,2026-01-31T21:12:08,burglary,low,37.887488,-122.444755
INC-003836,2024-05-09T17:26:50,theft-from-vehicle,low,34.086371,-118.086964
INC-003837,2026-02-11T18:16:09,theft-from-vehicle,medium,25.744849,-79.998731
INC-003838,2025-11-22T10:47:20,burglary,low,30.263756,-97.869992
INC-003839,2024-08-22T16:41:10,theft-from-vehicle,low,40.741576,-74.008153
INC-003840,2024-06-20T11:55:17,assault,high,33.957907,-118.31288
INC-003841,2024-12-21T14:39:11,drug-violation,medium,30.386936,-97.66732
INC-003842,2025-10-13T20:28:57,drug-violation,medium,30.104992,-97.819212
INC-003843,2024-08-14T03:16:58,theft-from-vehicle,low,40.736199,-73.956216
INC-003844,2025-07-24T17:36:23,robbery,medium,33.980553,-118.266812
INC-003845,2025-11-27T03:03:01,assault,medium,41.923879,-87.523749
INC-003846,2026-02-10T03:29:36,assault,medium,30.329808,-97.694567
INC-003847,2025-08-15T15:26:59,theft-from-vehicle,medium,40.684486,-73.879804
INC-003848,2025-02-20T13:30:47,vehicle-theft,medium,25.857189,-80.093276
INC-003849,2026-01-10T07:02:04,assault,medium,47.516303,-122.390581
INC-003850,2025-07-04T07:00:21,theft-from-vehicle,low,41.9689,-87.625908
INC-003851,2026-01-26T15:32:58,assault,high,37.876758,-122.540213
INC-003852,2024-09-06T06:53:12,theft-from-vehicle,low,30.136477,-97.664731
INC-003853,2025-12-16T14:22:44,vandalism,high,47.744426,-122.344201
INC-003854,2025-05-26T03:54:59,theft-from-vehicle,low,33.906514,-118.222163
INC-003855,2025-06-29T09:55:52,other,low,25.67185,-80.24363
INC-003856,2025-03-30T15:47:13,assault,high,30.188193,-97.899543
INC-003857,2024-05-19T21:24:15,fraud,high,41.970962,-87.549338
INC-003858,2026-02-20T09:52:11,theft-from-vehicle,low,47.669833,-122.326818
INC-003859,2025-01-29T00:15:45,vehicle-theft,high,37.69411,-122.243382
INC-003860,2024-11-15T04:53:51,burglary,high,30.211188,-97.81669
INC-003861,2025-10-03T02:34:14,drug-violation,low,41.843255,-87.397453
INC-003862,2024-08-12T10:21:44,fraud,low,37.883266,-122.279297
INC-003863,2025-11-12T04:15:55,burglary,low,37.741968,-122.248423
INC-003864,2024-11-18T18:43:40,fraud,low,37.702584,-122.594502
INC-003865,2024-11-05T10:10:58,burglary,low,39.718079,-105.152249
INC-003866,2026-04-16T20:22:29,drug-violation,medium,47.537757,-122.449797
INC-003867,2025-09-03T21:21:56,burglary,low,37.756757,-122.635435
INC-003868,2025-08-23T15:05:29,drug-violation,low,37.750905,-122.450143
INC-003869,2026-03-23T02:22:41,vehicle-theft,low,34.083081,-118.156661
INC-003870,2026-03-26T01:40:05,vehicle-theft,medium,37.855744,-122.585008
INC-003871,2025-09-16T20:44:58,vehicle-theft,low,30.433752,-97.735204
INC-003872,2025-03-04T15:40:29,fraud,low,34.111161,-118.108885
INC-003873,2024-06-08T20:57:53,fraud,low,41.739582,-87.699059
INC-003874,2025-01-27T20:43:30,assault,low,47.567207,-122.577552
INC-003875,2024-10-29T04:24:14,theft-from-vehicle,high,41.962552,-87.754464
INC-003876,2024-09-15T04:07:54,fraud,low,37.687234,-122.513377
INC-003877,2026-01-23T00:20:36,theft-from-vehicle,high,39.752891,-105.08063
INC-003878,2025-08-20T14:11:30,fraud,low,40.723478,-74.117465
INC-003879,2025-08-17T22:04:00,fraud,medium,47.62796,-122.189327
INC-003880,2026-01-15T13:44:49,vehicle-theft,medium,34.189174,-118.275795
INC-003881,2024-11-16T18:22:19,burglary,low,39.811927,-105.163206
INC-003882,2026-04-25T16:46:48,vandalism,low,47.477749,-122.271746
INC-003883,2026-01-22T08:05:48,theft-from-vehicle,high,40.748508,-74.220935
INC-003884,2025-06-07T10:56:37,burglary,low,47.574587,-122.462601
INC-003885,2024-12-21T14:11:47,assault,low,41.845156,-87.622697
INC-003886,2026-04-01T16:35:49,theft-from-vehicle,medium,47.643314,-122.437958
INC-003887,2025-09-28T14:37:40,vandalism,medium,42.014609,-87.773395
INC-003888,2025-02-21T14:31:00,drug-violation,medium,25.798505,-80.338726
INC-003889,2025-03-23T14:31:19,drug-violation,medium,30.356716,-97.760071
INC-003890,2024-08-22T16:33:27,vehicle-theft,low,30.171266,-97.722534
INC-003891,2024-06-09T12:19:25,fraud,low,47.542895,-122.460718
INC-003892,2025-09-01T11:02:29,vandalism,low,33.905587,-118.20421
INC-003893,2024-05-13T19:31:00,theft-from-vehicle,medium,39.605274,-104.95332
INC-003894,2025-06-06T12:04:13,burglary,low,25.901518,-80.132346
INC-003895,2025-08-16T15:07:39,other,medium,30.356717,-97.791051
INC-003896,2024-12-12T07:27:46,assault,low,41.960477,-87.481449
INC-003897,2024-10-13T06:26:58,drug-violation,high,47.688412,-122.559678
INC-003898,2026-01-01T03:41:03,fraud,low,40.611354,-74.195514
INC-003899,2025-08-30T15:45:51,theft-from-vehicle,medium,34.069706,-118.129692
INC-003900,2025-11-20T14:22:23,robbery,low,33.977509,-118.345863
INC-003901,2024-05-29T04:00:56,theft-from-vehicle,high,37.783638,-122.418475
INC-003902,2024-11-23T23:33:38,burglary,low,39.657698,-104.984068
INC-003903,2026-02-16T06:38:16,burglary,low,34.101943,-118.24489
INC-003904,2024-07-09T10:08:15,vandalism,low,37.882193,-122.569927
INC-003905,2025-02-28T10:29:50,vandalism,low,37.654611,-122.38661
INC-003906,2024-08-28T09:13:18,theft-from-vehicle,medium,47.551305,-122.429189
INC-003907,2024-11-15T13:44:43,vandalism,low,30.282763,-97.770534
INC-003908,2026-04-29T17:47:48,burglary,medium,25.721067,-80.33089
INC-003909,2024-09-03T09:12:31,vandalism,high,40.628522,-74.119742
INC-003910,2025-03-11T12:15:49,fraud,medium,41.852164,-87.58776
INC-003911,2025-01-22T17:50:37,drug-violation,medium,33.966966,-118.431028
INC-003912,2024-10-08T08:27:02,vandalism,low,40.844892,-74.129749
INC-003913,2024-05-15T14:05:59,fraud,low,41.872712,-87.658448
INC-003914,2025-03-03T10:56:54,drug-violation,medium,47.556488,-122.523518
INC-003915,2025-04-18T08:21:53,vandalism,low,41.956146,-87.736931
INC-003916,2025-08-14T17:14:32,drug-violation,medium,40.710429,-73.850042
INC-003917,2025-05-03T15:30:40,drug-violation,low,40.863622,-74.067836
INC-003918,2025-11-30T00:17:47,theft-from-vehicle,low,39.696528,-105.167534
INC-003919,2024-06-29T22:26:49,other,high,40.724799,-73.889327
INC-003920,2026-03-26T18:33:51,robbery,low,41.903019,-87.6132
INC-003921,2024-07-12T18:09:03,vandalism,low,41.769411,-87.653449
INC-003922,2024-12-25T22:44:04,vehicle-theft,low,34.055878,-118.239207
INC-003923,2025-06-20T03:33:20,theft-from-vehicle,low,30.435883,-97.753393
INC-003924,2025-03-27T13:33:32,vehicle-theft,high,42.001475,-87.70236
INC-003925,2025-01-11T03:57:12,theft-from-vehicle,medium,40.534745,-74.031712
INC-003926,2026-03-24T21:36:47,theft-from-vehicle,medium,40.572385,-74.093227
INC-003927,2026-01-04T17:42:48,burglary,low,34.106204,-118.264261
INC-003928,2024-07-13T21:12:04,vandalism,low,40.749381,-73.986777
INC-003929,2025-03-11T17:32:13,assault,high,34.020533,-118.049239
INC-003930,2024-08-11T20:32:03,vehicle-theft,low,42.049498,-87.600446
INC-003931,2025-09-05T16:01:04,theft-from-vehicle,low,39.808673,-104.975112
INC-003932,2024-10-08T05:43:29,assault,medium,34.035193,-118.41299
INC-003933,2025-12-11T13:19:37,vandalism,low,25.917957,-80.18657
INC-003934,2024-07-06T23:46:16,vandalism,low,34.109888,-118.287159
INC-003935,2025-12-19T16:07:26,burglary,low,47.517951,-122.255074
INC-003936,2025-11-10T00:44:06,drug-violation,high,37.668417,-122.432376
INC-003937,2026-03-19T14:28:39,vehicle-theft,low,41.707525,-87.655753
INC-003938,2025-01-29T20:50:41,fraud,low,25.707172,-80.087738
INC-003939,2024-09-03T10:25:40,vandalism,medium,47.741463,-122.476476
INC-003940,2024-06-30T05:19:53,assault,low,37.731663,-122.23724
INC-003941,2025-10-17T11:07:46,vandalism,low,34.144262,-118.421489
INC-003942,2026-01-29T22:38:38,assault,medium,40.683905,-73.93095
INC-003943,2025-09-20T09:58:00,vehicle-theft,medium,39.87912,-105.072659
INC-003944,2026-03-01T01:41:17,drug-violation,low,47.762223,-122.340835
INC-003945,2025-12-30T10:11:15,assault,low,42.025891,-87.757978
INC-003946,2025-09-07T13:20:53,fraud,medium,37.702419,-122.444895
INC-003947,2025-02-18T15:12:34,burglary,low,37.730393,-122.420394
INC-003948,2025-04-10T07:16:57,robbery,low,40.830878,-73.896384
INC-003949,2025-12-18T08:32:34,vandalism,medium,39.778143,-105.166477
INC-003950,2025-12-18T11:42:30,robbery,medium,30.28801,-97.634418
INC-003951,2024-07-18T15:55:31,burglary,low,41.903131,-87.468831
INC-003952,2025-11-26T22:46:38,theft-from-vehicle,medium,37.890652,-122.305219
INC-003953,2025-07-29T01:08:02,drug-violation,medium,37.808907,-122.236071
INC-003954,2025-12-16T11:45:22,assault,low,37.878613,-122.58149
INC-003955,2024-11-15T00:21:42,other,low,25.673565,-80.34898
INC-003956,2025-10-03T00:57:10,fraud,low,34.026959,-118.20701
INC-003957,2026-02-14T21:06:58,fraud,low,40.738306,-73.961587
INC-003958,2025-10-10T03:47:06,vandalism,medium,39.605792,-105.009184
INC-003959,2025-03-28T05:34:35,theft-from-vehicle,medium,37.827446,-122.545041
INC-003960,2024-11-20T18:13:31,theft-from-vehicle,low,47.646382,-122.419218
INC-003961,2025-05-01T17:04:50,theft-from-vehicle,low,40.669367,-74.116642
INC-003962,2025-06-01T22:30:01,assault,medium,39.89502,-105.048799
INC-003963,2025-03-17T11:24:56,theft-from-vehicle,medium,40.700254,-74.101501
INC-003964,2025-08-04T15:22:38,drug-violation,low,34.099997,-118.094597
INC-003965,2025-07-29T07:48:49,burglary,low,33.929927,-118.147882
INC-003966,2025-02-08T08:44:41,vehicle-theft,medium,30.360208,-97.83575
INC-003967,2024-05-25T16:30:48,burglary,low,40.768618,-74.120758
INC-003968,2024-12-04T06:29:40,assault,high,37.852646,-122.57653
INC-003969,2024-06-10T01:47:45,vehicle-theft,medium,25.734854,-80.356426
INC-003970,2025-02-03T09:37:40,theft-from-vehicle,low,40.738567,-73.923317
INC-003971,2025-03-09T19:47:28,theft-from-vehicle,low,25.929132,-80.20445
INC-003972,2024-06-30T16:23:21,theft-from-vehicle,low,37.779096,-122.492676
INC-003973,2024-08-29T11:07:14,burglary,low,39.580072,-105.019522
INC-003974,2025-09-21T15:09:26,robbery,low,25.713502,-80.17478
INC-003975,2026-02-14T10:05:26,assault,low,47.573146,-122.502285
INC-003976,2025-03-06T20:20:48,burglary,medium,40.813792,-74.103645
INC-003977,2025-09-27T08:38:09,vandalism,medium,47.534905,-122.366168
INC-003978,2025-02-05T07:02:35,theft-from-vehicle,low,30.257418,-97.586377
INC-003979,2025-08-19T19:16:25,drug-violation,medium,34.12813,-118.399873
INC-003980,2025-12-09T05:05:21,drug-violation,low,33.942694,-118.176416
INC-003981,2025-12-11T16:32:24,other,low,41.845754,-87.828173
INC-003982,2025-02-10T19:04:19,vandalism,low,25.744785,-80.183064
INC-003983,2025-05-25T04:12:44,theft-from-vehicle,low,37.68185,-122.58295
INC-003984,2024-12-13T01:21:36,vandalism,high,37.745105,-122.25748
INC-003985,2025-10-22T11:15:52,drug-violation,medium,40.824339,-74.023225
INC-003986,2024-05-04T12:27:06,burglary,low,25.602126,-80.264702
INC-003987,2024-10-29T18:53:15,theft-from-vehicle,medium,25.780327,-80.305217
INC-003988,2024-06-11T04:32:36,theft-from-vehicle,low,40.649164,-73.916476
INC-003989,2024-08-23T04:16:20,other,low,47.670606,-122.183419
INC-003990,2024-09-18T11:55:04,theft-from-vehicle,low,47.574396,-122.383052
INC-003991,2024-05-18T17:57:28,burglary,medium,39.703003,-105.159721
INC-003992,2024-08-09T10:29:34,burglary,low,39.684703,-104.798273
INC-003993,2024-12-23T19:06:41,other,medium,37.783879,-122.451121
INC-003994,2024-08-15T22:53:44,theft-from-vehicle,low,47.541954,-122.572185
INC-003995,2024-11-05T10:46:30,fraud,medium,25.782245,-80.259179
INC-003996,2025-07-25T10:31:30,vehicle-theft,medium,25.591889,-80.190121
INC-003997,2025-09-17T13:12:46,fraud,medium,37.883875,-122.540609
INC-003998,2025-10-16T05:40:47,theft-from-vehicle,medium,40.739872,-73.997296
INC-003999,2025-11-13T02:45:16,burglary,medium,47.551946,-122.098328
INC-004000,2024-11-04T00:49:44,burglary,low,40.548187,-74.059973
INC-004001,2024-07-27T17:18:56,burglary,high,40.718079,-73.792723
INC-004002,2024-11-21T13:04:48,vehicle-theft,low,40.852097,-73.980894
INC-004003,2024-10-10T09:31:11,theft-from-vehicle,low,30.354823,-97.639575
INC-004004,2025-08-24T13:08:31,burglary,medium,37.693074,-122.325185
INC-004005,2024-11-06T15:19:17,theft-from-vehicle,medium,37.636068,-122.422316
INC-004006,2026-03-31T02:48:25,assault,low,42.008942,-87.682439
INC-004007,2026-04-15T07:48:38,burglary,low,37.729408,-122.560363
INC-004008,2025-05-02T20:11:49,vehicle-theft,low,37.803408,-122.40178
INC-004009,2024-12-11T22:44:47,theft-from-vehicle,medium,47.539211,-122.415568
INC-004010,2026-03-22T09:30:23,other,medium,37.709383,-122.378034
INC-004011,2025-12-28T02:26:48,burglary,medium,25.655014,-80.196371
INC-004012,2025-10-23T12:59:08,assault,low,34.014382,-118.383554
INC-004013,2025-08-01T03:39:17,drug-violation,low,34.04107,-118.118058
INC-004014,2024-12-26T07:14:07,theft-from-vehicle,low,37.635457,-122.492599
INC-004015,2025-01-04T03:00:01,theft-from-vehicle,low,41.888803,-87.55103
INC-004016,2025-12-28T23:00:18,assault,low,40.706982,-73.896052
INC-004017,2025-10-12T14:50:12,theft-from-vehicle,low,37.595682,-122.40117
INC-004018,2024-07-20T04:25:51,burglary,low,40.82129,-73.943347
INC-004019,2026-04-18T07:00:14,burglary,low,25.922142,-80.23669
INC-004020,2025-08-21T13:24:57,vandalism,low,30.3532,-97.597692
INC-004021,2025-12-10T17:09:12,theft-from-vehicle,low,30.184327,-97.912715
INC-004022,2026-03-04T02:51:10,robbery,medium,37.940038,-122.452464
INC-004023,2024-06-20T09:01:51,vehicle-theft,low,30.246967,-97.593096
INC-004024,2024-12-25T06:54:55,burglary,high,39.620224,-104.869982
INC-004025,2025-11-25T13:26:02,theft-from-vehicle,medium,34.018361,-118.159578
INC-004026,2024-07-03T08:45:58,burglary,low,33.902885,-118.170402
INC-004027,2024-09-16T14:23:01,other,low,37.871943,-122.581428
INC-004028,2024-11-26T22:25:00,theft-from-vehicle,medium,25.85668,-80.116514
INC-004029,2024-05-23T01:11:20,drug-violation,low,40.58179,-74.15436
INC-004030,2024-10-08T19:28:47,burglary,medium,30.187854,-97.794173
INC-004031,2025-06-26T23:10:30,theft-from-vehicle,low,37.793406,-122.231285
INC-004032,2024-09-26T12:57:09,vandalism,high,40.707544,-74.192336
INC-004033,2025-02-07T03:48:47,burglary,low,33.917544,-118.348129
INC-004034,2024-11-02T06:07:39,vandalism,medium,34.039108,-118.229179
INC-004035,2025-02-02T07:08:07,burglary,medium,25.784894,-80.079693
INC-004036,2026-03-13T17:18:07,vandalism,low,40.825108,-74.064965
INC-004037,2025-12-23T15:57:42,fraud,low,40.83724,-74.077523
INC-004038,2025-08-11T05:19:12,theft-from-vehicle,low,47.717544,-122.535563
INC-004039,2024-06-30T11:18:55,vehicle-theft,medium,37.689998,-122.425798
INC-004040,2025-03-27T23:38:17,burglary,low,33.917618,-118.23967
INC-004041,2026-03-11T07:12:46,burglary,low,25.663298,-80.060243
INC-004042,2025-09-09T19:44:29,burglary,low,34.016757,-118.277985
INC-004043,2024-12-16T05:29:16,vandalism,low,34.052575,-118.199698
INC-004044,2025-02-23T23:18:43,drug-violation,low,34.08379,-118.395229
INC-004045,2024-12-15T08:40:10,theft-from-vehicle,low,25.648362,-80.060433
INC-004046,2024-12-11T18:21:50,other,low,34.150293,-118.31138
INC-004047,2024-07-03T03:29:13,vehicle-theft,medium,47.641083,-122.49842
INC-004048,2025-05-20T21:05:17,assault,medium,37.633113,-122.348126
INC-004049,2025-12-20T20:53:29,vehicle-theft,low,47.634179,-122.568518
INC-004050,2025-03-29T23:34:08,vandalism,low,34.069378,-118.057212
INC-004051,2025-01-28T15:09:17,vandalism,medium,30.203068,-97.819319
INC-004052,2024-05-19T01:18:49,fraud,high,33.943031,-118.413991
INC-004053,2024-10-06T05:12:43,theft-from-vehicle,medium,25.832416,-80.176878
INC-004054,2025-06-12T04:48:18,vandalism,medium,39.664948,-105.036716
INC-004055,2025-04-17T10:50:49,robbery,medium,34.082492,-118.152266
INC-004056,2024-05-24T15:26:54,other,medium,40.694492,-74.170313
INC-004057,2024-08-03T07:57:34,burglary,medium,37.605446,-122.485143
INC-004058,2025-12-30T23:10:31,vandalism,medium,37.658559,-122.477724
INC-004059,2024-05-18T00:54:33,vehicle-theft,medium,25.732965,-80.234426
INC-004060,2026-02-21T20:07:29,fraud,low,40.748154,-73.940769
INC-004061,2025-12-04T04:34:05,fraud,low,47.520029,-122.382295
INC-004062,2024-08-01T22:27:53,robbery,low,25.694379,-80.26194
INC-004063,2026-04-07T13:57:04,vandalism,medium,47.573181,-122.199583
INC-004064,2025-11-11T00:14:02,vehicle-theft,low,34.021048,-118.452664
INC-004065,2025-11-23T05:11:08,fraud,low,37.855404,-122.408505
INC-004066,2025-08-28T08:28:25,drug-violation,medium,40.697284,-73.956992
INC-004067,2026-04-29T22:13:32,vandalism,low,41.989839,-87.458605
INC-004068,2025-01-08T06:31:54,vehicle-theft,low,40.563583,-73.906086
INC-004069,2024-06-28T09:39:11,burglary,low,34.174646,-118.34115
INC-004070,2025-05-28T14:07:51,burglary,medium,34.146068,-118.399728
INC-004071,2024-06-16T20:39:46,burglary,low,47.673597,-122.437768
INC-004072,2024-12-14T14:21:37,vandalism,medium,33.930852,-118.35969
INC-004073,2026-03-25T17:34:31,burglary,low,37.763968,-122.244566
INC-004074,2024-07-28T12:01:33,theft-from-vehicle,medium,30.103417,-97.705523
INC-004075,2025-07-26T02:23:59,burglary,medium,41.877059,-87.709325
INC-004076,2026-03-03T05:02:21,other,medium,33.948308,-118.150128
INC-004077,2025-02-21T14:21:22,fraud,low,47.504335,-122.257184
INC-004078,2024-08-26T08:16:50,theft-from-vehicle,low,34.142452,-118.311097
INC-004079,2025-01-10T22:51:47,theft-from-vehicle,low,39.594883,-104.968589
INC-004080,2026-02-18T07:22:53,drug-violation,medium,37.654643,-122.415523
INC-004081,2024-11-30T02:37:07,vehicle-theft,low,37.800283,-122.301779
INC-004082,2025-06-23T09:19:59,assault,low,34.183115,-118.145352
INC-004083,2025-07-21T22:35:16,burglary,high,39.815077,-104.797176
INC-004084,2024-05-29T07:11:44,burglary,low,41.934448,-87.475878
INC-004085,2025-02-03T00:40:22,drug-violation,high,37.798786,-122.21124
INC-004086,2026-03-28T22:22:12,theft-from-vehicle,medium,47.58753,-122.391381
INC-004087,2024-09-14T22:44:03,robbery,medium,34.059933,-118.104539
INC-004088,2024-10-05T00:54:14,drug-violation,low,47.764437,-122.335492
INC-004089,2026-02-16T18:56:28,fraud,medium,30.270673,-97.767164
INC-004090,2026-02-03T05:16:45,vandalism,low,37.629486,-122.428854
INC-004091,2024-11-09T02:02:45,assault,low,37.631442,-122.337406
INC-004092,2025-05-22T13:19:14,burglary,low,40.589408,-74.098911
INC-004093,2026-01-09T03:37:15,drug-violation,medium,34.017878,-118.141759
INC-004094,2026-04-01T14:22:08,other,low,30.249094,-97.720384
INC-004095,2026-02-26T10:09:57,robbery,low,33.938473,-118.382647
INC-004096,2025-05-27T17:33:51,drug-violation,medium,37.884982,-122.562733
INC-004097,2025-03-22T21:34:18,fraud,high,40.728981,-74.043875
INC-004098,2024-11-09T07:25:47,burglary,low,40.583463,-73.858582
INC-004099,2025-10-10T22:08:20,vandalism,high,30.383216,-97.772119
INC-004100,2024-09-17T05:53:45,theft-from-vehicle,low,47.590957,-122.231481
INC-004101,2025-09-08T02:26:14,robbery,low,33.9386,-118.171021
INC-004102,2025-06-29T12:27:55,theft-from-vehicle,low,37.605961,-122.496109
INC-004103,2025-01-31T00:21:07,drug-violation,low,47.641869,-122.505261
INC-004104,2026-04-27T09:37:09,other,low,34.126239,-118.263183
INC-004105,2024-09-04T22:21:35,theft-from-vehicle,low,40.76592,-73.784406
INC-004106,2025-08-09T15:21:07,fraud,low,41.827713,-87.676611
INC-004107,2026-03-21T14:24:57,theft-from-vehicle,low,37.727008,-122.323614
INC-004108,2025-12-22T01:33:12,burglary,medium,25.687899,-80.351667
INC-004109,2024-11-08T05:57:23,burglary,low,34.071226,-118.186569
INC-004110,2026-03-07T09:59:25,vandalism,medium,39.709141,-104.922727
INC-004111,2026-01-09T21:37:51,drug-violation,low,37.764699,-122.341631
INC-004112,2025-10-17T21:41:23,vandalism,low,37.808538,-122.454181
INC-004113,2025-01-10T14:25:42,other,medium,33.952377,-118.280917
INC-004114,2024-12-23T11:29:17,robbery,low,41.899517,-87.428586
INC-004115,2025-08-14T19:32:35,fraud,low,37.683177,-122.493195
INC-004116,2024-08-25T10:14:22,drug-violation,low,47.56727,-122.22644
INC-004117,2025-12-19T23:20:42,fraud,low,34.077497,-118.139245
INC-004118,2025-09-01T12:33:33,theft-from-vehicle,medium,37.801344,-122.5309
INC-004119,2025-04-20T23:45:55,vandalism,low,34.080935,-118.185459
INC-004120,2024-05-25T14:06:08,theft-from-vehicle,low,34.051565,-118.207735
INC-004121,2024-06-19T04:54:15,drug-violation,medium,47.703664,-122.515269
INC-004122,2024-06-26T14:42:49,burglary,high,34.015052,-118.34132
INC-004123,2025-12-01T07:26:13,theft-from-vehicle,medium,34.044736,-118.208586
INC-004124,2024-09-27T13:51:51,theft-from-vehicle,high,33.918801,-118.338721
INC-004125,2025-02-28T10:23:08,theft-from-vehicle,low,30.377025,-97.729596
INC-004126,2024-05-17T05:36:06,drug-violation,low,33.925542,-118.289228
INC-004127,2025-10-11T02:39:19,other,low,47.671385,-122.467314
INC-004128,2025-03-11T10:30:52,theft-from-vehicle,low,34.008771,-118.096024
INC-004129,2024-07-05T17:24:38,assault,low,33.890219,-118.333633
INC-004130,2025-01-29T20:23:57,vehicle-theft,low,37.817729,-122.447475
INC-004131,2025-09-09T17:39:37,burglary,low,40.595873,-74.100305
INC-004132,2025-06-16T22:01:39,burglary,medium,30.347333,-97.828548
INC-004133,2024-10-17T13:13:25,robbery,low,47.629316,-122.219168
INC-004134,2026-04-25T16:59:04,theft-from-vehicle,medium,47.595584,-122.432795
INC-004135,2024-10-03T18:43:31,burglary,medium,40.854267,-74.022042
INC-004136,2025-08-30T20:59:49,other,medium,25.799907,-80.20267
INC-004137,2025-06-05T22:01:19,fraud,low,41.852082,-87.597803
INC-004138,2025-09-25T15:00:08,theft-from-vehicle,medium,41.906371,-87.519596
INC-004139,2025-04-28T23:48:05,vehicle-theft,low,25.89527,-80.160398
INC-004140,2025-05-18T11:41:53,vandalism,low,41.839074,-87.755959
INC-004141,2025-02-16T18:33:35,theft-from-vehicle,low,25.894044,-80.184916
INC-004142,2024-09-23T00:26:29,theft-from-vehicle,medium,34.2088,-118.279134
INC-004143,2024-12-02T00:06:18,burglary,low,47.697949,-122.169375
INC-004144,2025-05-25T16:53:57,vandalism,medium,39.708652,-104.886186
INC-004145,2024-10-03T23:38:48,burglary,medium,37.627434,-122.352754
INC-004146,2025-01-25T13:26:01,burglary,low,41.820319,-87.840298
INC-004147,2024-08-30T15:43:34,theft-from-vehicle,low,30.302526,-97.741012
INC-004148,2025-05-31T00:29:26,assault,low,37.789742,-122.62717
INC-004149,2025-05-21T23:59:22,vehicle-theft,high,41.71962,-87.670972
INC-004150,2024-10-09T08:26:41,burglary,low,41.891015,-87.456074
INC-004151,2026-03-28T06:33:41,fraud,low,34.055041,-118.06521
INC-004152,2025-08-21T10:29:26,theft-from-vehicle,low,37.894362,-122.400523
INC-004153,2025-05-24T14:09:14,assault,low,25.785577,-80.015981
INC-004154,2025-05-09T15:47:55,vandalism,low,37.814157,-122.289118
INC-004155,2026-02-01T11:33:46,theft-from-vehicle,low,37.784046,-122.455005
INC-004156,2025-07-10T04:31:46,theft-from-vehicle,low,34.024177,-118.276571
INC-004157,2026-03-08T00:38:39,robbery,low,25.827196,-80.320424
INC-004158,2025-07-13T05:42:11,theft-from-vehicle,low,39.865395,-105.134019
INC-004159,2024-11-16T13:09:16,other,low,40.873464,-74.08555
INC-004160,2025-02-20T13:23:03,fraud,medium,40.575868,-74.103092
INC-004161,2026-02-02T11:27:41,vandalism,high,25.833163,-80.23806
INC-004162,2024-11-20T10:58:03,vandalism,medium,40.876709,-73.917436
INC-004163,2024-10-17T16:06:04,robbery,high,41.835671,-87.789774
INC-004164,2025-12-25T15:50:02,vandalism,medium,41.900243,-87.681567
INC-004165,2026-02-06T22:30:51,drug-violation,medium,30.357674,-97.85166
INC-004166,2025-08-20T14:20:46,burglary,low,30.258928,-97.618707
INC-004167,2025-11-05T12:45:01,fraud,low,47.467757,-122.316791
INC-004168,2025-01-24T10:52:04,robbery,medium,33.983246,-118.31785
INC-004169,2025-04-17T23:05:28,assault,medium,34.102296,-118.287136
INC-004170,2025-06-29T09:37:23,theft-from-vehicle,high,33.909192,-118.367586
INC-004171,2024-09-03T01:05:41,theft-from-vehicle,medium,41.914483,-87.634708
INC-004172,2025-09-01T08:53:48,theft-from-vehicle,medium,30.303264,-97.627362
INC-004173,2025-07-01T08:25:11,drug-violation,medium,41.90273,-87.626339
INC-004174,2026-03-06T23:58:39,vandalism,low,37.724667,-122.457217
INC-004175,2026-04-15T02:16:16,vandalism,low,37.731441,-122.472899
INC-004176,2025-12-28T06:53:01,theft-from-vehicle,medium,41.957242,-87.834055
INC-004177,2024-10-08T09:51:03,assault,medium,37.704023,-122.21055
INC-004178,2026-03-20T23:12:34,assault,medium,40.720376,-73.958277
INC-004179,2025-11-30T19:05:07,vehicle-theft,high,25.714497,-80.194304
INC-004180,2025-09-19T14:04:39,vandalism,low,34.00863,-118.42349
INC-004181,2024-06-03T18:54:19,theft-from-vehicle,medium,33.883919,-118.235509
INC-004182,2024-11-16T01:32:25,robbery,high,34.034496,-118.11933
INC-004183,2025-12-24T21:53:51,vehicle-theft,low,39.647146,-104.811134
INC-004184,2025-09-06T05:26:31,robbery,medium,30.166624,-97.654424
INC-004185,2024-06-20T09:46:08,vandalism,low,33.975519,-118.104356
INC-004186,2025-09-21T13:24:35,fraud,medium,25.642244,-80.323211
INC-004187,2024-09-08T02:09:18,burglary,low,37.881815,-122.372821
INC-004188,2024-05-15T19:43:50,fraud,medium,39.640503,-104.922253
INC-004189,2025-09-08T10:19:57,drug-violation,high,37.896595,-122.41138
INC-004190,2025-11-06T08:07:34,drug-violation,low,30.245432,-97.816432
INC-004191,2025-06-23T22:50:03,other,high,25.790119,-80.294255
INC-004192,2025-03-04T18:57:10,burglary,low,30.321396,-97.837681
INC-004193,2026-04-04T14:39:07,vehicle-theft,low,25.722116,-80.176551
INC-004194,2025-03-07T17:43:52,vandalism,high,40.774531,-73.921329
INC-004195,2025-08-24T10:46:53,theft-from-vehicle,medium,37.721859,-122.332428
INC-004196,2025-07-31T22:20:33,burglary,low,40.638613,-74.077089
INC-004197,2024-11-08T07:48:41,assault,medium,40.829051,-74.093348
INC-004198,2026-02-04T01:40:13,vandalism,low,37.704017,-122.239676
INC-004199,2026-01-03T19:47:31,theft-from-vehicle,low,40.646121,-73.884113
INC-004200,2025-11-21T09:34:02,vandalism,low,39.591068,-104.939234
INC-004201,2026-02-12T07:10:22,burglary,low,41.831608,-87.622898
INC-004202,2024-07-19T16:50:54,vehicle-theft,low,37.828923,-122.63417
INC-004203,2025-02-24T03:05:32,drug-violation,low,30.214862,-97.872078
INC-004204,2025-02-08T02:04:12,vehicle-theft,low,25.637974,-80.091655
INC-004205,2024-12-21T21:33:14,assault,low,39.741381,-104.968358
INC-004206,2024-07-07T03:29:38,theft-from-vehicle,high,40.862133,-74.034264
INC-004207,2025-02-09T10:39:18,drug-violation,low,37.758779,-122.282058
INC-004208,2026-01-21T21:19:21,assault,low,33.90198,-118.18856
INC-004209,2026-02-20T03:23:25,other,medium,41.970471,-87.544224
INC-004210,2024-11-19T23:32:41,vehicle-theft,low,39.877537,-104.841187
INC-004211,2024-10-25T11:02:25,theft-from-vehicle,high,34.045391,-118.078207
INC-004212,2024-08-20T21:56:21,burglary,low,40.792143,-74.018351
INC-004213,2026-04-02T08:30:27,theft-from-vehicle,low,40.654059,-73.984568
INC-004214,2026-02-10T05:14:07,vandalism,low,34.102704,-118.295821
INC-004215,2024-05-19T11:50:05,other,low,40.556486,-74.11744
INC-004216,2024-12-09T18:49:29,vandalism,low,30.169214,-97.881347
INC-004217,2025-07-24T16:10:12,vandalism,low,40.619634,-74.185214
INC-004218,2025-05-17T23:27:57,theft-from-vehicle,low,25.634768,-80.050389
INC-004219,2026-02-10T05:59:32,drug-violation,medium,34.009663,-118.294588
INC-004220,2024-10-14T19:24:04,other,low,37.667819,-122.399089
INC-004221,2025-03-30T11:08:01,drug-violation,low,34.083339,-118.100344
INC-004222,2025-08-31T15:25:24,theft-from-vehicle,high,41.767464,-87.516808
INC-004223,2024-09-17T18:46:52,other,low,30.183675,-97.658603
INC-004224,2024-08-20T08:21:01,burglary,low,41.879193,-87.831462
INC-004225,2026-01-06T07:38:14,other,low,41.979484,-87.766661
INC-004226,2024-12-15T15:39:57,assault,low,40.616279,-74.157658
INC-004227,2024-06-09T14:27:24,drug-violation,low,34.206594,-118.331871
INC-004228,2025-03-14T15:27:14,theft-from-vehicle,low,40.649107,-73.857827
INC-004229,2025-12-13T00:55:30,theft-from-vehicle,medium,33.951334,-118.291362
INC-004230,2024-09-28T16:00:17,robbery,medium,40.803202,-74.0116
INC-004231,2024-06-25T17:56:31,vandalism,high,40.58033,-73.943046
INC-004232,2024-11-20T08:46:45,drug-violation,low,30.170308,-97.621848
INC-004233,2025-03-22T02:09:38,assault,low,37.857912,-122.396187
INC-004234,2024-10-08T18:21:22,drug-violation,low,33.978375,-118.071244
INC-004235,2026-03-16T22:40:19,burglary,medium,47.675201,-122.572895
INC-004236,2025-11-08T07:40:36,theft-from-vehicle,medium,25.903394,-80.289095
INC-004237,2025-11-21T03:30:02,vandalism,high,34.150606,-118.406485
INC-004238,2024-10-26T06:37:25,burglary,medium,34.057577,-118.215913
INC-004239,2024-07-21T16:59:11,burglary,medium,25.653963,-80.318475
INC-004240,2024-07-28T15:14:21,vandalism,low,47.703281,-122.521483
INC-004241,2025-06-10T03:10:43,drug-violation,medium,47.511394,-122.359517
INC-004242,2026-01-30T15:02:05,fraud,high,25.734698,-80.261244
INC-004243,2025-02-14T12:02:18,assault,medium,40.754606,-74.098043
INC-004244,2025-05-29T16:54:55,burglary,low,34.137855,-118.103842
INC-004245,2025-07-31T21:15:28,vehicle-theft,low,25.868258,-80.034638
INC-004246,2026-01-06T15:13:08,vandalism,low,30.324029,-97.929482
INC-004247,2025-05-08T11:40:41,drug-violation,medium,39.832898,-104.887689
INC-004248,2025-12-13T13:59:30,theft-from-vehicle,medium,25.852539,-80.060294
INC-004249,2025-05-16T13:20:38,assault,medium,37.770141,-122.641735
INC-004250,2024-09-07T09:00:10,robbery,medium,30.167081,-97.807052
INC-004251,2024-07-13T16:38:18,theft-from-vehicle,low,30.376794,-97.814465
INC-004252,2025-04-09T13:18:25,burglary,medium,40.693059,-74.148455
INC-004253,2026-04-13T13:05:01,assault,medium,33.969304,-118.231424
INC-004254,2024-07-03T08:02:52,burglary,low,41.808631,-87.836888
INC-004255,2025-11-17T23:32:53,theft-from-vehicle,medium,39.817785,-104.780118
INC-004256,2025-12-31T05:54:41,theft-from-vehicle,high,37.907036,-122.508003
INC-004257,2025-04-26T15:54:47,robbery,medium,34.067963,-118.099307
INC-004258,2025-06-18T22:35:48,burglary,low,39.875887,-104.936455
INC-004259,2025-01-08T22:35:37,burglary,medium,37.701102,-122.616317
INC-004260,2024-07-27T20:17:32,burglary,medium,40.837136,-74.05042
INC-004261,2026-01-26T19:44:53,vehicle-theft,low,25.737723,-80.274855
INC-004262,2025-08-09T13:46:51,assault,low,34.118974,-118.27045
INC-004263,2026-01-15T18:06:43,vandalism,medium,40.707458,-73.882598
INC-004264,2024-12-06T14:25:05,fraud,medium,42.029213,-87.68394
INC-004265,2026-03-23T10:04:00,drug-violation,low,47.666094,-122.175823
INC-004266,2025-05-22T08:57:20,burglary,high,40.579286,-73.966346
INC-004267,2024-06-26T02:10:21,assault,low,37.61031,-122.471443
INC-004268,2024-12-11T22:17:43,robbery,medium,39.630455,-105.02073
INC-004269,2025-08-17T07:01:41,theft-from-vehicle,medium,40.780058,-73.993955
INC-004270,2025-02-14T14:13:04,theft-from-vehicle,medium,30.246399,-97.75689
INC-004271,2025-09-25T01:41:03,fraud,medium,39.806752,-104.887878
INC-004272,2025-02-28T11:13:59,theft-from-vehicle,medium,25.883419,-80.211063
INC-004273,2025-11-21T15:53:50,theft-from-vehicle,low,41.961463,-87.489437
INC-004274,2026-02-07T16:41:52,theft-from-vehicle,high,41.912852,-87.42323
INC-004275,2025-11-24T21:20:04,robbery,high,37.79782,-122.520317
INC-004276,2025-09-22T09:23:59,theft-from-vehicle,medium,40.596875,-74.105037
INC-004277,2025-06-07T21:29:29,theft-from-vehicle,low,47.510368,-122.143812
INC-004278,2025-02-22T11:20:21,theft-from-vehicle,high,37.771305,-122.532536
INC-004279,2024-06-30T23:59:39,vehicle-theft,low,25.796526,-80.06302
INC-004280,2025-02-02T11:51:25,drug-violation,medium,30.306516,-97.682192
INC-004281,2025-12-08T20:20:58,burglary,low,34.139969,-118.305382
INC-004282,2024-12-31T18:15:24,assault,low,40.772263,-74.145438
INC-004283,2025-02-26T13:30:53,vandalism,medium,39.764102,-105.094769
INC-004284,2024-10-22T02:13:24,assault,medium,25.790694,-80.231326
INC-004285,2024-05-16T05:03:33,theft-from-vehicle,low,41.94378,-87.570124
INC-004286,2026-04-23T09:21:47,vehicle-theft,medium,37.740716,-122.567753
INC-004287,2024-11-04T02:27:05,burglary,medium,25.765133,-80.26919
INC-004288,2026-04-03T16:14:48,fraud,low,37.774133,-122.242752
INC-004289,2026-01-04T08:32:05,drug-violation,low,37.885041,-122.286577
INC-004290,2025-05-30T06:31:00,other,low,39.867513,-104.929428
INC-004291,2024-08-15T18:05:41,theft-from-vehicle,low,25.81867,-80.262463
INC-004292,2024-08-08T01:27:23,drug-violation,low,40.812659,-74.075092
INC-004293,2024-09-22T22:59:26,theft-from-vehicle,low,39.851596,-104.937708
INC-004294,2024-08-01T08:15:31,vandalism,low,30.235977,-97.872219
INC-004295,2025-02-18T12:40:10,theft-from-vehicle,high,33.941599,-118.236314
INC-004296,2025-05-30T02:52:33,theft-from-vehicle,high,25.840157,-80.334451
INC-004297,2025-01-30T14:20:12,burglary,medium,39.776974,-105.159165
INC-004298,2025-09-15T19:01:27,burglary,low,47.508514,-122.288372
INC-004299,2024-07-05T12:51:57,vandalism,medium,34.145062,-118.113665
INC-004300,2026-02-25T05:44:57,theft-from-vehicle,low,37.945984,-122.439653
INC-004301,2025-01-04T06:43:58,theft-from-vehicle,medium,34.184688,-118.254397
INC-004302,2024-12-01T12:28:08,burglary,low,41.728327,-87.734109
INC-004303,2025-09-01T22:00:49,theft-from-vehicle,medium,34.054916,-118.389625
INC-004304,2025-11-17T07:58:37,theft-from-vehicle,low,37.672576,-122.272073
INC-004305,2026-03-28T15:54:12,burglary,low,34.117728,-118.441377
INC-004306,2024-05-07T23:40:20,theft-from-vehicle,medium,37.737647,-122.550946
INC-004307,2025-12-03T04:20:49,fraud,medium,30.372593,-97.791467
INC-004308,2025-05-14T03:24:52,theft-from-vehicle,low,39.877467,-105.096209
INC-004309,2024-08-05T20:56:07,vandalism,low,37.86557,-122.476284
INC-004310,2025-03-26T14:59:50,other,medium,41.88953,-87.455053
INC-004311,2026-01-11T11:14:47,drug-violation,medium,37.906014,-122.564196
INC-004312,2025-01-04T16:49:17,theft-from-vehicle,medium,37.791409,-122.228542
INC-004313,2025-05-02T00:40:04,robbery,medium,40.705923,-74.011175
INC-004314,2024-08-28T06:05:59,drug-violation,medium,30.188929,-97.724297
INC-004315,2024-05-26T02:14:55,drug-violation,low,25.883034,-80.324862
INC-004316,2025-12-17T03:30:33,burglary,medium,37.796556,-122.475001
INC-004317,2026-04-20T13:12:09,drug-violation,low,40.672733,-73.846268
INC-004318,2024-10-26T19:30:45,robbery,low,25.839883,-80.109315
INC-004319,2025-02-28T23:14:52,drug-violation,medium,47.66161,-122.092661
INC-004320,2025-06-21T04:33:23,theft-from-vehicle,medium,37.826364,-122.56466
INC-004321,2025-12-17T14:02:07,burglary,high,30.414699,-97.785361
INC-004322,2026-03-20T19:33:23,vandalism,high,40.601635,-74.167185
INC-004323,2026-02-22T02:33:59,theft-from-vehicle,medium,39.767124,-104.961773
INC-004324,2024-06-19T12:15:45,theft-from-vehicle,medium,40.853703,-73.958158
INC-004325,2025-02-24T13:10:44,other,low,30.360491,-97.910658
INC-004326,2025-04-19T15:13:51,burglary,high,33.872885,-118.25216
INC-004327,2026-04-14T15:36:55,vandalism,medium,37.731227,-122.504434
INC-004328,2025-04-28T18:24:38,burglary,low,33.938949,-118.328645
INC-004329,2026-04-14T11:42:19,theft-from-vehicle,low,25.611631,-80.289159
INC-004330,2024-08-04T00:45:47,vandalism,low,33.961707,-118.320008
INC-004331,2024-11-26T00:19:25,drug-violation,medium,34.106709,-118.332996
INC-004332,2026-04-29T08:07:30,burglary,low,47.517904,-122.381807
INC-004333,2025-08-10T18:26:16,theft-from-vehicle,low,40.689848,-73.789583
INC-004334,2024-08-10T06:15:41,burglary,low,47.563694,-122.386712
INC-004335,2025-08-27T15:08:57,assault,low,40.581638,-74.158331
INC-004336,2025-09-30T16:59:10,theft-from-vehicle,medium,30.32614,-97.884653
INC-004337,2024-10-15T20:40:29,vehicle-theft,low,39.811914,-104.9542
INC-004338,2026-02-22T12:08:56,fraud,low,33.99546,-118.197077
INC-004339,2024-06-03T19:46:39,vehicle-theft,low,34.063134,-118.153913
INC-004340,2025-10-01T12:59:52,robbery,medium,41.840848,-87.655624
INC-004341,2025-01-08T03:07:34,theft-from-vehicle,low,25.671329,-80.346683
INC-004342,2025-08-19T12:55:44,assault,low,37.681359,-122.548373
INC-004343,2025-03-26T15:55:38,fraud,low,34.020515,-118.45281
INC-004344,2025-12-17T09:14:45,other,medium,40.76233,-74.137329
INC-004345,2024-05-29T01:27:54,theft-from-vehicle,medium,37.763937,-122.504085
INC-004346,2024-11-02T10:05:37,vandalism,low,33.967639,-118.063019
INC-004347,2025-02-16T17:11:38,theft-from-vehicle,low,25.787455,-80.266644
INC-004348,2026-04-06T23:44:18,assault,medium,30.348158,-97.660765
INC-004349,2024-08-03T02:50:51,burglary,medium,41.79742,-87.653879
INC-004350,2025-05-21T19:39:50,vandalism,medium,34.185554,-118.18621
INC-004351,2025-12-29T05:16:27,fraud,high,37.926335,-122.297869
INC-004352,2025-07-30T14:12:53,assault,low,40.718731,-74.214936
INC-004353,2026-04-01T20:13:49,vandalism,low,34.207149,-118.223837
INC-004354,2025-01-17T10:33:48,theft-from-vehicle,medium,25.922471,-80.258298
INC-004355,2024-10-14T09:32:42,theft-from-vehicle,low,34.146694,-118.095949
INC-004356,2024-10-30T05:22:11,theft-from-vehicle,low,30.111535,-97.658326
INC-004357,2025-10-05T14:21:16,fraud,medium,33.975164,-118.280433
INC-004358,2024-11-22T09:26:33,other,medium,34.071283,-118.414075
INC-004359,2025-02-06T05:04:06,vandalism,low,25.778805,-80.116484
INC-004360,2024-06-05T08:24:21,robbery,medium,34.090878,-118.052827
INC-004361,2025-10-06T08:04:00,other,low,47.584582,-122.242552
INC-004362,2025-05-28T02:11:36,other,high,41.866701,-87.731283
INC-004363,2025-11-14T18:26:47,vandalism,low,37.646376,-122.310377
INC-004364,2025-11-23T05:42:39,vehicle-theft,high,30.236842,-97.54208
INC-004365,2025-11-05T16:22:50,vandalism,medium,37.77192,-122.428058
INC-004366,2024-12-08T19:18:30,theft-from-vehicle,low,40.804757,-73.822706
INC-004367,2025-09-19T04:37:59,vandalism,low,37.739192,-122.463312
INC-004368,2025-05-09T21:24:28,vandalism,medium,47.707504,-122.40507
INC-004369,2025-12-06T22:40:11,theft-from-vehicle,high,30.270397,-97.587708
INC-004370,2024-07-19T06:55:49,other,medium,41.892686,-87.72898
INC-004371,2025-06-09T14:46:31,fraud,high,30.288948,-97.748094
INC-004372,2024-09-16T17:49:40,theft-from-vehicle,low,25.593596,-80.142007
INC-004373,2025-09-17T22:05:35,theft-from-vehicle,low,37.700438,-122.458119
INC-004374,2024-10-21T16:51:52,theft-from-vehicle,medium,47.634818,-122.115128
INC-004375,2025-03-09T07:00:41,drug-violation,low,41.732246,-87.681232
INC-004376,2025-12-29T09:40:11,burglary,medium,30.194868,-97.918198
INC-004377,2024-12-10T00:58:48,vandalism,medium,25.682891,-80.070707
INC-004378,2024-11-14T22:10:11,vandalism,low,39.613938,-105.059854
INC-004379,2024-08-19T23:50:46,assault,medium,47.6712,-122.101643
INC-004380,2025-02-03T08:46:16,assault,high,33.898682,-118.239723
INC-004381,2026-04-05T10:46:16,assault,medium,34.174133,-118.19248
INC-004382,2024-05-12T15:13:01,other,low,37.930122,-122.47083
INC-004383,2024-06-12T00:31:13,theft-from-vehicle,low,34.140215,-118.15909
INC-004384,2024-07-30T23:26:49,theft-from-vehicle,low,25.889726,-80.084156
INC-004385,2024-10-12T16:01:41,vandalism,high,39.819008,-105.183903
INC-004386,2025-09-04T22:52:22,assault,medium,34.110875,-118.139783
INC-004387,2024-05-21T21:37:06,assault,high,37.853726,-122.22047
INC-004388,2024-09-21T15:47:58,burglary,medium,25.778948,-80.047716
INC-004389,2025-01-07T08:33:49,robbery,high,34.191488,-118.297648
INC-004390,2026-03-17T20:55:24,theft-from-vehicle,low,33.940665,-118.120834
INC-004391,2024-10-31T11:34:32,other,medium,30.421458,-97.733956
INC-004392,2025-03-02T04:07:22,assault,low,33.960646,-118.114955
INC-004393,2025-10-19T23:22:25,vehicle-theft,medium,34.148835,-118.288778
INC-004394,2024-07-31T15:21:38,drug-violation,low,25.793845,-80.149311
INC-004395,2024-05-29T07:35:12,burglary,high,34.047895,-118.22093
INC-004396,2025-09-12T08:08:56,assault,low,37.924145,-122.43565
INC-004397,2024-11-27T03:28:14,vandalism,medium,40.681659,-73.927472
INC-004398,2025-11-18T09:24:30,fraud,low,40.642291,-73.980654
INC-004399,2026-01-15T00:37:42,fraud,low,39.65005,-104.909247
INC-004400,2024-05-26T21:25:40,theft-from-vehicle,low,40.711074,-74.059486
INC-004401,2026-01-23T16:32:35,drug-violation,high,42.03146,-87.739352
INC-004402,2024-09-12T12:07:41,drug-violation,low,25.717512,-80.02199
INC-004403,2026-03-14T07:49:39,theft-from-vehicle,low,40.807274,-73.93629
INC-004404,2025-11-08T13:35:06,vandalism,high,39.692082,-104.954773
INC-004405,2026-01-19T17:23:15,other,high,47.465767,-122.202793
INC-004406,2025-08-15T00:45:49,vandalism,high,37.737701,-122.290718
INC-004407,2025-03-24T23:44:51,burglary,low,33.951552,-118.140498
INC-004408,2025-05-21T06:40:47,theft-from-vehicle,low,30.351624,-97.690253
INC-004409,2026-01-22T10:42:10,theft-from-vehicle,low,47.599145,-122.382478
INC-004410,2026-02-15T23:00:41,other,medium,34.225812,-118.23787
INC-004411,2025-12-05T14:39:48,burglary,medium,33.937191,-118.19462
INC-004412,2024-06-06T16:49:50,assault,low,40.672511,-74.054323
INC-004413,2025-07-11T17:42:58,burglary,low,39.760537,-104.924728
INC-004414,2025-07-25T16:34:12,drug-violation,medium,37.901351,-122.455453
INC-004415,2025-11-28T12:03:52,other,low,40.834903,-73.902877
INC-004416,2025-11-30T10:28:21,theft-from-vehicle,low,41.831523,-87.422267
INC-004417,2026-04-15T15:01:24,burglary,low,34.023473,-118.268462
INC-004418,2025-07-18T10:43:19,theft-from-vehicle,medium,34.184471,-118.101875
INC-004419,2024-09-28T19:43:06,robbery,low,37.847369,-122.287381
INC-004420,2025-11-11T18:33:56,drug-violation,low,37.695352,-122.29905
INC-004421,2025-12-16T06:50:54,assault,medium,41.893325,-87.707797
INC-004422,2025-11-25T09:02:15,robbery,low,40.660969,-74.121548
INC-004423,2026-01-17T22:02:33,theft-from-vehicle,low,30.218059,-97.766379
INC-004424,2025-05-28T17:31:50,assault,medium,25.823187,-80.06344
INC-004425,2024-10-15T11:58:47,assault,medium,37.836045,-122.343664
INC-004426,2024-06-15T01:29:53,theft-from-vehicle,medium,37.837419,-122.528075
INC-004427,2026-04-02T06:05:26,drug-violation,low,30.301918,-97.666068
INC-004428,2025-08-28T16:49:02,vandalism,high,37.789457,-122.408006
INC-004429,2024-05-27T06:10:15,burglary,medium,34.010956,-118.440787
INC-004430,2026-02-04T19:54:19,drug-violation,medium,25.892076,-80.198573
INC-004431,2025-12-18T15:34:46,assault,low,34.107553,-118.415916
INC-004432,2025-07-22T06:28:31,assault,low,41.943424,-87.522071
INC-004433,2024-09-21T01:08:42,fraud,high,37.691055,-122.548294
INC-004434,2024-05-13T14:29:33,burglary,low,47.518129,-122.377229
INC-004435,2024-11-21T07:07:02,assault,medium,41.762994,-87.471579
INC-004436,2025-09-29T16:32:05,burglary,high,25.699322,-80.03495
INC-004437,2025-04-06T17:31:59,robbery,low,40.706679,-74.221136
INC-004438,2026-04-10T08:40:31,burglary,high,37.840899,-122.51066
INC-004439,2024-08-22T05:30:31,assault,medium,37.893491,-122.386097
INC-004440,2026-02-05T09:51:38,burglary,medium,37.796447,-122.371036
INC-004441,2025-04-20T00:20:07,vandalism,low,30.312649,-97.886228
INC-004442,2025-05-21T21:21:19,fraud,medium,34.064946,-118.217322
INC-004443,2025-06-24T16:07:58,drug-violation,medium,41.756545,-87.745287
INC-004444,2025-06-01T04:44:09,theft-from-vehicle,low,41.941869,-87.420093
INC-004445,2025-03-16T23:47:43,vandalism,high,34.076721,-118.101429
INC-004446,2024-06-27T06:34:33,theft-from-vehicle,low,25.708822,-80.122371
INC-004447,2024-08-30T10:33:23,theft-from-vehicle,low,33.943267,-118.113008
INC-004448,2025-09-09T04:26:19,assault,medium,33.955261,-118.395282
INC-004449,2025-09-04T10:57:49,burglary,medium,25.769083,-80.178049
INC-004450,2025-05-28T13:49:30,vandalism,high,40.748565,-74.231637
INC-004451,2026-03-21T09:52:09,burglary,low,30.25379,-97.772128
INC-004452,2025-03-23T15:52:48,vandalism,low,30.151208,-97.66277
INC-004453,2025-05-22T10:12:05,theft-from-vehicle,low,47.597911,-122.391833
INC-004454,2024-11-12T00:30:20,burglary,low,33.94421,-118.336968
INC-004455,2024-05-17T00:00:24,fraud,low,40.790332,-73.869318
INC-004456,2025-11-17T16:55:09,vandalism,low,40.842592,-74.04165
INC-004457,2025-01-24T22:24:46,assault,medium,47.450034,-122.433992
INC-004458,2024-10-23T14:16:16,other,low,33.967316,-118.182175
INC-004459,2024-10-09T09:21:57,fraud,medium,39.63398,-104.802109
INC-004460,2026-02-05T08:37:19,burglary,low,34.172302,-118.248929
INC-004461,2025-02-07T17:31:11,vandalism,low,37.75828,-122.535468
INC-004462,2024-06-11T22:34:51,vandalism,medium,37.648269,-122.455385
INC-004463,2025-05-06T11:39:11,drug-violation,low,40.688561,-73.991746
INC-004464,2025-11-19T18:55:31,vandalism,low,40.771861,-74.142107
INC-004465,2024-05-18T11:51:29,theft-from-vehicle,medium,30.316435,-97.755721
INC-004466,2025-04-15T18:24:51,fraud,low,37.73379,-122.521649
INC-004467,2025-11-30T21:17:26,assault,low,37.721092,-122.543882
INC-004468,2025-07-23T12:11:40,vehicle-theft,low,37.689873,-122.525063
INC-004469,2024-10-10T17:45:14,theft-from-vehicle,high,41.719666,-87.725908
INC-004470,2024-09-17T20:28:56,theft-from-vehicle,high,25.656257,-80.083253
INC-004471,2024-11-16T16:17:51,theft-from-vehicle,medium,25.690643,-80.303535
INC-004472,2024-05-13T19:50:28,theft-from-vehicle,medium,37.768339,-122.203652
INC-004473,2026-03-15T15:41:19,burglary,low,39.797882,-104.857386
INC-004474,2025-10-26T02:44:09,vandalism,low,37.749282,-122.354238
INC-004475,2025-09-05T01:13:31,burglary,low,41.951402,-87.46358
INC-004476,2026-04-29T21:02:23,burglary,low,30.277893,-97.75238
INC-004477,2024-11-22T02:33:15,drug-violation,low,41.846852,-87.759819
INC-004478,2026-02-16T23:10:20,robbery,low,25.760139,-80.116449
INC-004479,2025-08-18T11:19:41,robbery,low,37.833023,-122.547802
INC-004480,2026-02-04T02:56:01,burglary,medium,41.97813,-87.629731
INC-004481,2024-06-18T07:36:16,assault,low,37.648334,-122.328448
INC-004482,2025-09-12T21:24:50,robbery,medium,47.623438,-122.106516
INC-004483,2026-03-07T22:55:34,robbery,medium,30.166809,-97.7801
INC-004484,2024-11-17T07:30:57,assault,medium,40.753414,-73.901071
INC-004485,2025-12-23T21:12:59,vandalism,low,30.352718,-97.566056
INC-004486,2025-01-07T00:11:28,theft-from-vehicle,medium,40.85823,-74.056128
INC-004487,2025-11-05T18:50:01,vandalism,low,34.15605,-118.13846
INC-004488,2024-05-17T19:14:12,burglary,medium,39.693096,-104.798652
INC-004489,2024-11-29T01:41:23,vehicle-theft,medium,37.713469,-122.331185
INC-004490,2025-05-09T10:23:05,burglary,high,47.579973,-122.331535
INC-004491,2025-03-27T12:54:49,robbery,low,39.606772,-104.838486
INC-004492,2026-02-08T21:33:29,robbery,medium,37.934603,-122.345579
INC-004493,2025-04-03T16:00:36,drug-violation,low,39.708436,-105.030023
INC-004494,2024-11-18T18:57:25,other,low,33.942962,-118.246663
INC-004495,2025-05-23T23:32:47,theft-from-vehicle,low,47.6178,-122.514971
INC-004496,2025-10-14T09:45:51,burglary,low,25.762318,-80.369844
INC-004497,2025-09-02T15:47:05,vehicle-theft,medium,47.575351,-122.360601
INC-004498,2026-04-17T19:33:37,theft-from-vehicle,low,37.785873,-122.284397
INC-004499,2024-05-31T00:20:19,burglary,low,41.955266,-87.76563
INC-004500,2024-06-23T04:54:40,vandalism,medium,37.89799,-122.363628
INC-004501,2026-02-01T05:27:20,vehicle-theft,high,41.940665,-87.742384
INC-004502,2025-12-16T23:37:44,vandalism,high,42.011174,-87.637106
INC-004503,2024-11-26T09:29:33,burglary,medium,37.802897,-122.573908
INC-004504,2025-05-15T09:47:42,burglary,medium,30.118367,-97.704538
INC-004505,2026-02-09T20:28:28,burglary,low,47.643793,-122.300747
INC-004506,2025-05-29T08:42:39,vandalism,medium,30.276032,-97.681105
INC-004507,2024-07-04T16:52:02,theft-from-vehicle,low,25.697701,-80.081624
INC-004508,2025-11-12T05:24:12,fraud,low,25.776438,-80.091519
INC-004509,2025-03-22T04:55:51,robbery,low,41.930231,-87.818234
INC-004510,2026-01-30T03:51:22,vandalism,low,40.755368,-73.890588
INC-004511,2024-09-20T21:50:08,theft-from-vehicle,medium,37.829542,-122.334964
INC-004512,2024-11-28T19:53:06,theft-from-vehicle,low,25.593397,-80.252654
INC-004513,2025-10-17T17:41:20,drug-violation,low,40.784443,-73.890895
INC-004514,2025-07-03T16:44:07,vehicle-theft,high,42.028466,-87.708778
INC-004515,2024-06-15T00:01:23,drug-violation,low,41.904002,-87.419021
INC-004516,2024-11-14T01:43:22,other,low,40.644465,-74.027855
INC-004517,2025-06-10T16:58:05,theft-from-vehicle,medium,33.937196,-118.174102
INC-004518,2025-03-01T14:19:16,assault,low,41.909022,-87.545323
INC-004519,2024-12-11T01:48:37,burglary,low,37.904183,-122.549445
INC-004520,2024-12-29T14:16:55,assault,low,34.077592,-118.395394
INC-004521,2024-10-30T21:47:37,other,low,41.908154,-87.688159
INC-004522,2024-05-27T16:02:21,fraud,medium,41.849377,-87.557223
INC-004523,2024-07-10T20:28:46,burglary,medium,40.670767,-74.150695
INC-004524,2024-06-27T15:13:16,vehicle-theft,medium,47.547443,-122.30165
INC-004525,2026-03-22T02:01:02,theft-from-vehicle,high,30.352331,-97.737569
INC-004526,2025-11-13T12:29:02,theft-from-vehicle,low,37.789418,-122.218964
INC-004527,2025-03-25T12:41:01,other,low,47.612853,-122.156972
INC-004528,2024-11-07T16:52:04,theft-from-vehicle,low,47.589422,-122.519572
INC-004529,2025-05-31T23:45:01,vandalism,medium,37.865785,-122.35272
INC-004530,2025-03-21T10:51:25,theft-from-vehicle,low,34.197896,-118.248656
INC-004531,2025-01-06T19:19:59,drug-violation,medium,30.277007,-97.804716
INC-004532,2026-03-11T13:57:24,theft-from-vehicle,low,34.064339,-118.102586
INC-004533,2025-09-07T23:35:00,drug-violation,low,40.800489,-74.03935
INC-004534,2024-11-14T18:37:01,drug-violation,low,34.074138,-118.205286
INC-004535,2024-07-29T00:37:30,vehicle-theft,low,40.814949,-74.149338
INC-004536,2025-06-29T09:46:36,fraud,medium,34.173901,-118.131698
INC-004537,2024-06-10T23:09:01,assault,medium,25.846847,-80.323123
INC-004538,2025-12-24T08:49:21,vandalism,medium,39.786358,-105.058937
INC-004539,2026-01-27T10:17:05,drug-violation,low,33.955147,-118.267898
INC-004540,2026-03-01T09:07:15,assault,medium,37.689103,-122.60185
INC-004541,2025-09-09T04:46:56,burglary,low,37.606577,-122.45135
INC-004542,2025-08-12T19:19:35,theft-from-vehicle,medium,37.844704,-122.551492
INC-004543,2024-05-31T20:45:21,burglary,medium,25.763573,-80.024466
INC-004544,2025-02-17T20:12:09,other,low,39.649049,-104.814203
INC-004545,2025-07-11T02:18:06,other,low,47.568319,-122.262822
INC-004546,2025-08-08T23:45:42,drug-violation,low,40.872257,-74.039567
INC-004547,2024-12-22T22:35:58,fraud,low,25.671808,-80.183248
INC-004548,2024-06-06T03:28:56,robbery,low,33.925804,-118.287829
INC-004549,2024-08-10T12:35:31,vandalism,low,37.733239,-122.614715
INC-004550,2025-02-23T11:37:22,other,medium,25.80201,-80.228891
INC-004551,2024-11-20T23:03:00,drug-violation,low,47.524792,-122.117295
INC-004552,2024-07-05T05:06:35,theft-from-vehicle,low,47.525018,-122.452219
INC-004553,2024-11-30T03:56:18,robbery,low,34.095886,-118.44001
INC-004554,2024-10-29T19:38:47,burglary,medium,30.349457,-97.624575
INC-004555,2024-08-04T19:06:24,vandalism,low,37.65519,-122.30822
INC-004556,2024-10-09T11:24:52,vandalism,high,34.207461,-118.152675
INC-004557,2025-06-27T01:37:18,vehicle-theft,medium,39.823633,-104.963006
INC-004558,2025-03-12T16:18:00,burglary,low,41.768849,-87.620522
INC-004559,2025-12-13T09:39:53,drug-violation,low,40.632763,-73.935852
INC-004560,2024-12-25T04:39:35,other,low,40.588693,-73.992372
INC-004561,2025-09-27T13:29:02,burglary,high,30.341217,-97.861815
INC-004562,2026-01-18T12:13:29,drug-violation,medium,37.632974,-122.553627
INC-004563,2025-12-08T03:30:38,other,low,34.022894,-118.181405
INC-004564,2026-02-11T01:49:32,vandalism,medium,39.915726,-105.028971
INC-004565,2026-04-01T13:59:14,theft-from-vehicle,low,33.994428,-118.359038
INC-004566,2024-07-17T23:49:38,other,low,25.880984,-80.187452
INC-004567,2025-04-01T03:04:04,theft-from-vehicle,medium,30.214506,-97.652279
INC-004568,2026-04-16T10:25:47,other,medium,30.211041,-97.812227
INC-004569,2024-10-05T09:55:30,assault,low,33.950395,-118.214495
INC-004570,2025-11-07T17:51:26,burglary,medium,30.254827,-97.910687
INC-004571,2025-03-01T10:57:53,theft-from-vehicle,high,41.87792,-87.773984
INC-004572,2024-08-17T21:33:27,drug-violation,low,25.778996,-80.382355
INC-004573,2024-10-20T19:48:44,robbery,low,25.844673,-80.248094
INC-004574,2025-02-13T20:21:58,vandalism,medium,47.706135,-122.14912
INC-004575,2025-04-14T18:31:58,drug-violation,medium,33.955481,-118.221198
INC-004576,2024-12-18T06:10:54,drug-violation,low,30.149743,-97.677203
INC-004577,2024-12-22T10:19:24,assault,low,30.10156,-97.699263
INC-004578,2026-03-30T15:17:53,robbery,low,47.47981,-122.241909
INC-004579,2025-04-23T00:04:48,other,medium,42.02765,-87.596401
INC-004580,2026-01-03T05:40:05,drug-violation,medium,39.794268,-104.924798
INC-004581,2025-11-11T03:13:52,burglary,low,40.619484,-73.833038
INC-004582,2025-12-22T13:09:45,burglary,medium,37.850561,-122.62009
INC-004583,2024-11-24T02:12:34,drug-violation,low,25.912734,-80.157083
INC-004584,2026-02-25T07:48:04,fraud,low,25.723931,-80.095539
INC-004585,2025-04-05T11:29:42,vandalism,low,47.648257,-122.298776
INC-004586,2024-06-09T13:49:33,burglary,high,37.621619,-122.377928
INC-004587,2024-12-09T12:02:41,vandalism,low,41.78204,-87.748599
INC-004588,2025-02-03T20:37:40,vandalism,low,34.16132,-118.15464
INC-004589,2025-03-02T02:37:28,other,low,40.536391,-73.967078
INC-004590,2024-12-08T19:12:53,theft-from-vehicle,medium,37.80937,-122.386148
INC-004591,2024-11-20T03:02:46,theft-from-vehicle,medium,47.69811,-122.287428
INC-004592,2025-03-28T08:13:35,burglary,low,37.932911,-122.506624
INC-004593,2024-09-01T03:26:09,other,low,30.243834,-97.671232
INC-004594,2024-07-02T21:00:58,theft-from-vehicle,low,34.044619,-118.225202
INC-004595,2024-06-21T03:27:24,vandalism,low,25.62658,-80.253262
INC-004596,2026-02-20T19:24:44,burglary,high,33.932673,-118.133873
INC-004597,2025-03-06T15:51:55,burglary,medium,37.82126,-122.358939
INC-004598,2026-02-22T14:17:41,other,low,40.821247,-74.031261
INC-004599,2026-01-30T17:56:24,robbery,low,39.85434,-105.032139
INC-004600,2024-07-24T11:46:09,vandalism,low,34.184159,-118.309882
INC-004601,2024-09-15T07:24:15,robbery,low,33.977894,-118.423199
INC-004602,2026-01-12T06:33:47,burglary,low,25.921137,-80.157118
INC-004603,2024-10-01T20:25:31,assault,medium,39.686932,-104.969391
INC-004604,2024-06-01T22:40:23,vandalism,low,39.680713,-105.052732
INC-004605,2025-03-27T03:13:20,drug-violation,low,47.680653,-122.402228
INC-004606,2026-01-22T13:15:17,theft-from-vehicle,medium,37.795772,-122.451074
INC-004607,2025-10-24T11:30:43,theft-from-vehicle,medium,25.878935,-80.291965
INC-004608,2025-02-25T21:22:02,burglary,medium,39.888425,-104.94864
INC-004609,2025-09-11T06:23:36,burglary,medium,47.435121,-122.328994
INC-004610,2026-04-08T00:04:42,other,low,34.048471,-118.427503
INC-004611,2025-01-06T00:18:53,theft-from-vehicle,low,30.299246,-97.711346
INC-004612,2025-03-04T01:06:41,theft-from-vehicle,low,30.376259,-97.826183
INC-004613,2025-11-20T18:26:05,other,medium,34.006464,-118.448869
INC-004614,2025-08-13T08:27:05,theft-from-vehicle,low,39.886141,-104.961757
INC-004615,2024-10-23T03:16:14,theft-from-vehicle,low,40.86515,-74.003222
INC-004616,2025-09-01T10:35:09,burglary,high,25.664682,-80.026727
INC-004617,2026-04-06T13:34:15,drug-violation,high,47.762512,-122.225884
INC-004618,2025-07-06T04:52:09,robbery,medium,41.777807,-87.501126
INC-004619,2024-06-21T12:48:50,theft-from-vehicle,low,33.945304,-118.234354
INC-004620,2025-07-31T08:04:43,other,medium,40.754786,-74.156631
INC-004621,2025-05-04T02:31:29,robbery,medium,30.316813,-97.902471
INC-004622,2024-06-01T05:35:35,assault,medium,33.95242,-118.111663
INC-004623,2024-08-31T17:59:58,vandalism,low,40.724915,-74.119475
INC-004624,2026-03-02T23:27:35,other,low,33.981589,-118.370412
INC-004625,2024-11-28T14:39:24,burglary,low,34.188158,-118.229086
INC-004626,2025-02-25T03:16:53,theft-from-vehicle,medium,37.786519,-122.314834
INC-004627,2025-09-05T01:50:05,drug-violation,low,25.777919,-80.263998
INC-004628,2024-12-06T15:17:01,robbery,low,25.73367,-80.024937
INC-004629,2025-09-05T13:33:25,theft-from-vehicle,low,40.637405,-73.98325
INC-004630,2025-09-26T20:38:48,other,low,30.140523,-97.670035
INC-004631,2024-10-12T02:25:33,burglary,low,33.93039,-118.137416
INC-004632,2025-02-09T19:10:39,burglary,low,30.271686,-97.537298
INC-004633,2024-06-23T05:01:16,theft-from-vehicle,low,30.245055,-97.633074
INC-004634,2026-04-29T16:36:44,vehicle-theft,high,40.715932,-74.240095
INC-004635,2025-06-24T08:11:45,fraud,medium,37.782872,-122.562423
INC-004636,2024-05-26T16:18:28,vandalism,low,39.617669,-105.037421
INC-004637,2024-06-12T15:20:44,vandalism,low,39.770317,-105.166641
INC-004638,2025-05-02T06:22:30,assault,low,39.836986,-104.976997
INC-004639,2024-09-17T15:18:31,burglary,high,40.643843,-73.855834
INC-004640,2025-10-11T11:16:10,theft-from-vehicle,medium,40.701624,-74.207716
INC-004641,2025-05-28T17:05:30,theft-from-vehicle,low,40.705612,-74.221485
INC-004642,2025-02-10T11:12:59,theft-from-vehicle,low,30.234593,-97.944994
INC-004643,2024-11-28T22:07:46,theft-from-vehicle,low,30.225223,-97.679803
INC-004644,2025-04-19T09:20:39,other,medium,25.87434,-80.278879
INC-004645,2025-08-15T18:41:02,drug-violation,low,34.018333,-118.049334
INC-004646,2025-06-22T01:47:33,vandalism,low,40.636851,-74.21373
INC-004647,2024-08-08T14:54:03,burglary,low,47.543743,-122.149382
INC-004648,2025-08-08T12:14:11,burglary,low,25.883621,-80.196445
INC-004649,2024-06-11T21:41:09,theft-from-vehicle,low,33.997252,-118.051217
INC-004650,2026-03-16T13:10:09,other,low,41.766003,-87.700891
INC-004651,2024-05-03T19:11:09,vandalism,low,33.948384,-118.289405
INC-004652,2025-05-10T11:19:20,vandalism,medium,25.768395,-80.356309
INC-004653,2024-05-03T00:55:49,assault,low,34.02046,-118.439877
INC-004654,2025-09-11T07:28:16,drug-violation,low,47.759643,-122.301129
INC-004655,2024-11-07T07:25:20,assault,low,34.023464,-118.354223
INC-004656,2025-11-17T03:15:49,theft-from-vehicle,low,41.986062,-87.767864
INC-004657,2025-01-17T01:40:16,vandalism,low,41.859332,-87.706924
INC-004658,2025-12-07T16:54:59,vandalism,low,30.161245,-97.705306
INC-004659,2024-05-31T19:51:41,vehicle-theft,low,47.637876,-122.323583
INC-004660,2025-07-26T19:03:44,burglary,low,39.750227,-104.935946
INC-004661,2025-11-29T07:10:31,theft-from-vehicle,low,47.547406,-122.504934
INC-004662,2024-08-31T17:01:39,assault,low,47.601581,-122.423494
INC-004663,2024-12-13T16:01:36,vehicle-theft,low,40.534095,-74.013459
INC-004664,2025-10-18T01:36:44,drug-violation,medium,30.220782,-97.695757
INC-004665,2026-01-22T23:47:23,drug-violation,low,41.787678,-87.590015
INC-004666,2024-07-16T06:21:12,fraud,medium,33.938195,-118.24732
INC-004667,2025-12-11T05:52:06,theft-from-vehicle,low,30.3493,-97.72596
INC-004668,2024-10-12T07:15:10,other,medium,40.645437,-73.921614
INC-004669,2024-07-25T13:51:39,other,low,40.857217,-74.037753
INC-004670,2025-04-21T10:08:56,assault,low,40.731945,-74.027406
INC-004671,2026-04-05T19:32:42,other,low,34.142745,-118.220085
INC-004672,2025-10-20T04:17:54,burglary,high,34.1141,-118.301405
INC-004673,2024-05-31T01:27:58,theft-from-vehicle,low,40.705189,-74.188915
INC-004674,2026-04-26T01:53:57,fraud,medium,33.898194,-118.232566
INC-004675,2024-05-14T18:39:09,drug-violation,medium,37.862963,-122.405163
INC-004676,2024-08-14T02:27:27,theft-from-vehicle,low,39.606589,-104.997212
INC-004677,2025-05-31T01:57:26,burglary,medium,41.980183,-87.448719
INC-004678,2024-10-22T15:54:44,fraud,medium,30.330499,-97.77315
INC-004679,2025-04-01T18:27:17,vehicle-theft,low,47.596459,-122.26891
INC-004680,2025-09-10T12:46:21,vehicle-theft,low,37.93605,-122.398854
INC-004681,2024-07-29T08:06:01,other,low,25.835316,-80.168135
INC-004682,2025-04-18T16:49:40,theft-from-vehicle,medium,40.818888,-73.829488
INC-004683,2026-02-24T13:24:49,assault,low,40.802463,-74.205797
INC-004684,2025-01-16T00:58:02,assault,low,25.845721,-80.247238
INC-004685,2025-08-18T10:30:12,burglary,low,41.993499,-87.663028
INC-004686,2025-12-02T19:28:38,theft-from-vehicle,low,30.223042,-97.836392
INC-004687,2024-07-09T15:44:10,burglary,medium,37.811288,-122.519579
INC-004688,2024-12-13T14:55:49,robbery,low,34.036635,-118.261681
INC-004689,2025-02-17T14:45:25,burglary,low,34.100185,-118.070534
INC-004690,2024-09-13T00:13:14,burglary,high,37.809413,-122.231821
INC-004691,2024-12-11T05:32:56,burglary,medium,30.356773,-97.683276
INC-004692,2025-11-03T03:36:06,assault,low,39.809042,-105.100007
INC-004693,2025-05-15T17:47:43,burglary,medium,30.342389,-97.752723
INC-004694,2025-08-08T21:19:12,vehicle-theft,high,40.71764,-74.186964
INC-004695,2025-01-28T09:56:42,burglary,low,25.770225,-80.19735
INC-004696,2026-04-16T04:14:35,burglary,high,41.957039,-87.490118
INC-004697,2024-10-04T22:41:51,vandalism,low,34.0918,-118.135
INC-004698,2025-02-18T07:15:19,theft-from-vehicle,low,41.956363,-87.561711
INC-004699,2025-11-26T23:32:48,drug-violation,low,37.73087,-122.51026
INC-004700,2025-10-28T09:15:25,drug-violation,medium,33.947367,-118.278383
INC-004701,2025-09-21T18:53:19,burglary,low,41.848228,-87.45078
INC-004702,2026-02-10T02:24:58,burglary,low,25.653084,-80.158326
INC-004703,2024-10-21T20:15:42,vandalism,low,40.746962,-73.890177
INC-004704,2024-11-29T00:14:19,assault,medium,47.552141,-122.382501
INC-004705,2025-10-04T22:02:25,drug-violation,high,34.024489,-118.081813
INC-004706,2024-07-21T02:19:17,theft-from-vehicle,medium,37.901867,-122.332629
INC-004707,2025-11-15T23:49:12,theft-from-vehicle,low,25.769773,-80.133644
INC-004708,2025-07-29T02:55:01,other,high,41.939105,-87.425821
INC-004709,2025-07-17T03:32:53,assault,low,37.856022,-122.340293
INC-004710,2024-05-18T10:35:27,burglary,medium,34.057678,-118.163145
INC-004711,2025-10-18T23:25:03,theft-from-vehicle,low,25.891181,-80.222068
INC-004712,2025-08-29T12:45:16,fraud,low,39.764905,-105.05547
INC-004713,2025-09-03T09:41:35,theft-from-vehicle,medium,33.952939,-118.202469
INC-004714,2025-07-28T11:08:58,burglary,low,41.87593,-87.832383
INC-004715,2026-04-30T22:36:21,fraud,low,30.194394,-97.776703
INC-004716,2025-10-04T09:17:19,theft-from-vehicle,low,40.756768,-74.180775
INC-004717,2026-03-04T17:05:50,assault,medium,34.145267,-118.220712
INC-004718,2024-09-26T02:20:47,other,high,41.984934,-87.810177
INC-004719,2024-12-11T19:28:43,other,medium,39.773333,-105.115561
INC-004720,2025-07-04T12:04:37,theft-from-vehicle,medium,37.87673,-122.433597
INC-004721,2025-10-08T17:23:40,assault,medium,25.64816,-80.19505
INC-004722,2025-01-08T01:09:51,vehicle-theft,low,25.632094,-80.247432
INC-004723,2025-08-31T18:39:28,theft-from-vehicle,low,34.11141,-118.442066
INC-004724,2025-12-27T11:09:07,other,high,25.839207,-80.174985
INC-004725,2025-06-27T19:23:34,assault,low,34.158846,-118.353269
INC-004726,2025-12-01T14:20:07,other,low,40.795108,-73.89045
INC-004727,2024-05-21T18:07:40,fraud,low,37.90379,-122.271149
INC-004728,2024-10-16T07:55:10,burglary,high,25.741562,-80.009953
INC-004729,2025-08-15T11:19:38,assault,medium,41.738215,-87.54415
INC-004730,2025-03-26T18:11:36,burglary,low,39.734386,-104.885062
INC-004731,2024-10-04T02:11:07,vandalism,low,25.89198,-80.07779
INC-004732,2025-06-03T07:28:19,theft-from-vehicle,high,25.836592,-80.256375
INC-004733,2025-12-13T05:35:14,drug-violation,medium,47.643963,-122.418839
INC-004734,2025-12-28T14:43:10,drug-violation,low,47.659039,-122.565326
INC-004735,2025-04-02T02:22:48,vandalism,low,25.833402,-80.097351
INC-004736,2026-01-16T18:43:29,theft-from-vehicle,medium,41.873365,-87.57063
INC-004737,2024-10-06T07:28:42,drug-violation,low,40.630742,-74.055174
INC-004738,2026-04-28T23:22:04,other,medium,37.762345,-122.4717
INC-004739,2025-05-13T19:48:17,drug-violation,low,37.731745,-122.444742
INC-004740,2025-03-06T21:16:08,drug-violation,medium,34.051641,-118.127751
INC-004741,2025-11-17T22:08:33,vandalism,high,41.830896,-87.60485
INC-004742,2024-12-10T06:36:20,other,high,34.203599,-118.283715
INC-004743,2024-05-09T04:30:44,drug-violation,medium,41.896197,-87.671765
INC-004744,2024-07-31T15:22:45,other,high,40.793399,-73.917219
INC-004745,2025-11-24T23:08:54,burglary,medium,33.896664,-118.162215
INC-004746,2025-10-22T15:56:58,vandalism,low,30.178416,-97.827818
INC-004747,2025-09-18T00:55:52,drug-violation,high,37.61574,-122.520852
INC-004748,2025-09-05T17:10:23,vehicle-theft,medium,30.304209,-97.628452
INC-004749,2024-11-04T15:27:21,fraud,high,37.78716,-122.277753
INC-004750,2026-02-13T08:47:20,vandalism,medium,34.102972,-118.061966
INC-004751,2024-07-14T03:45:38,vehicle-theft,low,34.097897,-118.321571
INC-004752,2026-02-03T07:05:02,vandalism,low,34.214901,-118.19013
INC-004753,2025-06-21T22:01:56,theft-from-vehicle,high,34.091259,-118.091412
INC-004754,2025-12-18T13:19:09,burglary,medium,37.819641,-122.302555
INC-004755,2025-05-16T22:25:41,vehicle-theft,low,25.920429,-80.250677
INC-004756,2024-09-21T19:56:09,burglary,low,47.63747,-122.565134
INC-004757,2024-11-11T09:02:34,theft-from-vehicle,low,39.843499,-104.893812
INC-004758,2024-06-17T09:37:57,burglary,low,34.175059,-118.388264
INC-004759,2025-06-17T10:05:53,fraud,low,33.959854,-118.260018
INC-004760,2024-08-08T14:18:54,vandalism,low,30.432065,-97.761592
INC-004761,2024-07-02T17:15:16,burglary,low,25.837212,-80.295524
INC-004762,2025-11-24T20:03:37,other,low,25.711443,-80.281873
INC-004763,2025-02-05T18:17:59,assault,medium,37.766494,-122.410153
INC-004764,2025-12-13T12:16:13,theft-from-vehicle,medium,40.712039,-73.955513
INC-004765,2024-10-03T13:49:57,drug-violation,low,42.030578,-87.690706
INC-004766,2026-01-17T04:44:09,theft-from-vehicle,low,39.592274,-104.890766
INC-004767,2025-12-05T14:22:12,fraud,low,41.783052,-87.53849
INC-004768,2025-01-17T21:57:34,vandalism,medium,34.053012,-118.450953
INC-004769,2025-03-22T22:25:06,theft-from-vehicle,low,30.192605,-97.779368
INC-004770,2024-05-27T01:05:45,other,low,47.638862,-122.237844
INC-004771,2026-01-27T23:23:07,assault,low,37.784141,-122.250331
INC-004772,2024-11-30T12:45:42,theft-from-vehicle,high,40.837848,-74.138904
INC-004773,2024-09-13T07:29:09,burglary,low,37.777543,-122.213936
INC-004774,2026-03-20T14:57:16,fraud,low,37.619014,-122.496516
INC-004775,2025-04-22T21:52:35,burglary,low,30.200682,-97.831954
INC-004776,2024-10-13T18:26:26,other,low,37.805014,-122.480055
INC-004777,2026-02-26T23:53:16,fraud,medium,33.972815,-118.130771
INC-004778,2025-10-13T16:12:58,fraud,medium,30.374295,-97.801447
INC-004779,2025-09-06T12:24:44,vandalism,low,40.730269,-73.954614
INC-004780,2026-03-14T01:04:24,drug-violation,low,47.719457,-122.471026
INC-004781,2025-10-31T17:20:50,vehicle-theft,low,37.611976,-122.482804
INC-004782,2025-06-01T11:55:34,fraud,low,33.923646,-118.366085
INC-004783,2025-06-10T11:31:49,vandalism,medium,39.803728,-105.163331
INC-004784,2025-10-20T09:18:23,other,low,33.880917,-118.272681
INC-004785,2025-10-22T14:50:52,burglary,medium,47.700983,-122.191633
INC-004786,2025-12-03T23:02:53,robbery,low,37.68232,-122.35862
INC-004787,2024-06-20T14:28:48,robbery,medium,40.545185,-74.021253
INC-004788,2025-01-09T20:15:19,theft-from-vehicle,low,40.68538,-73.778268
INC-004789,2025-11-21T23:57:39,theft-from-vehicle,medium,37.8756,-122.53593
INC-004790,2026-02-01T01:04:45,vehicle-theft,low,37.931804,-122.516571
INC-004791,2024-12-06T22:32:10,fraud,low,25.813372,-80.285202
INC-004792,2026-02-20T00:46:47,drug-violation,medium,40.729551,-74.101799
INC-004793,2026-04-20T18:53:55,robbery,medium,39.745223,-104.986748
INC-004794,2025-03-16T11:48:14,theft-from-vehicle,low,41.713224,-87.662124
INC-004795,2025-02-15T16:33:15,burglary,medium,25.787337,-80.223641
INC-004796,2025-12-18T16:31:20,theft-from-vehicle,low,33.909527,-118.272873
INC-004797,2024-10-02T06:32:31,drug-violation,high,34.176705,-118.172411
INC-004798,2024-08-11T21:34:59,vandalism,low,33.94561,-118.226368
INC-004799,2025-03-23T09:56:09,burglary,low,33.993165,-118.173091
INC-004800,2025-02-10T09:09:09,burglary,low,40.748025,-73.788886
INC-004801,2025-07-09T09:41:36,other,medium,34.048379,-118.147305
INC-004802,2024-11-11T21:40:59,burglary,low,39.621753,-105.126204
INC-004803,2024-05-27T03:28:16,burglary,low,40.699983,-74.21683
INC-004804,2025-11-05T07:46:30,assault,low,33.922441,-118.26115
INC-004805,2025-05-13T06:07:50,drug-violation,high,41.727033,-87.666743
INC-004806,2025-04-09T14:01:08,assault,medium,30.318621,-97.748683
INC-004807,2025-05-22T10:54:25,burglary,low,47.590389,-122.121329
INC-004808,2025-09-27T21:01:26,vehicle-theft,medium,39.581497,-105.054633
INC-004809,2024-08-10T09:54:28,vehicle-theft,low,37.653873,-122.37651
INC-004810,2025-01-24T07:18:58,theft-from-vehicle,low,39.802674,-105.050343
INC-004811,2025-06-02T13:18:57,vandalism,low,37.725813,-122.300516
INC-004812,2025-04-14T20:46:25,burglary,low,37.738508,-122.428385
INC-004813,2025-02-11T10:48:33,burglary,medium,25.767393,-80.300545
INC-004814,2024-10-20T18:30:01,fraud,low,25.73153,-80.10987
INC-004815,2025-09-16T15:11:59,assault,medium,40.764387,-74.071424
INC-004816,2024-06-30T02:13:50,theft-from-vehicle,high,47.594271,-122.305339
INC-004817,2025-08-10T13:57:21,vandalism,medium,25.696076,-80.240857
INC-004818,2026-01-21T10:35:01,vehicle-theft,medium,34.144533,-118.163203
INC-004819,2024-08-20T09:52:24,theft-from-vehicle,low,34.04927,-118.15871
INC-004820,2025-01-02T05:22:55,theft-from-vehicle,low,47.511458,-122.199927
INC-004821,2024-11-23T22:32:57,fraud,medium,37.715246,-122.23063
INC-004822,2024-12-24T13:26:47,robbery,low,25.643697,-80.083881
INC-004823,2024-07-27T16:32:29,robbery,low,41.808489,-87.678198
INC-004824,2026-04-29T03:40:12,assault,medium,25.685223,-80.347053
INC-004825,2026-03-13T06:51:37,vandalism,high,34.11574,-118.194142
INC-004826,2025-12-01T15:02:35,vandalism,high,37.794011,-122.630793
INC-004827,2026-04-08T17:21:37,assault,medium,34.048141,-118.223574
INC-004828,2026-04-29T09:11:41,vandalism,low,41.834902,-87.546156
INC-004829,2025-05-10T09:01:27,vandalism,low,34.179861,-118.214681
INC-004830,2025-06-18T13:16:31,drug-violation,low,47.630207,-122.569341
INC-004831,2025-09-06T04:05:29,fraud,low,30.194988,-97.678181
INC-004832,2024-09-05T07:05:08,burglary,low,34.00497,-118.277393
INC-004833,2024-07-09T00:05:26,burglary,low,25.90201,-80.149782
INC-004834,2025-07-01T14:21:52,theft-from-vehicle,low,25.62423,-80.31224
INC-004835,2024-08-15T12:43:45,theft-from-vehicle,low,41.935409,-87.795644
INC-004836,2025-08-05T08:14:32,vandalism,low,37.753931,-122.195507
INC-004837,2025-04-28T23:31:20,robbery,high,30.355136,-97.801337
INC-004838,2025-10-21T19:15:03,other,low,30.141366,-97.854615
INC-004839,2025-09-05T03:51:42,fraud,low,40.776226,-73.962599
INC-004840,2024-11-07T14:37:41,robbery,medium,33.919723,-118.372098
INC-004841,2025-12-10T14:45:48,drug-violation,medium,41.867239,-87.548412
INC-004842,2025-02-02T20:35:45,theft-from-vehicle,medium,37.611733,-122.333559
INC-004843,2026-03-02T15:43:31,robbery,low,40.798551,-74.012303
INC-004844,2025-01-02T13:07:46,other,low,25.900766,-80.279195
INC-004845,2025-08-13T20:35:26,theft-from-vehicle,low,37.621678,-122.410342
INC-004846,2025-06-20T08:56:09,burglary,low,33.979529,-118.365038
INC-004847,2025-03-18T09:24:49,assault,medium,41.806998,-87.838189
INC-004848,2024-10-04T13:31:35,theft-from-vehicle,low,37.649104,-122.459143
INC-004849,2025-08-03T02:48:18,theft-from-vehicle,medium,41.714788,-87.549671
INC-004850,2025-03-04T00:19:54,vehicle-theft,low,34.128456,-118.191962
INC-004851,2025-05-10T03:42:06,drug-violation,medium,39.812698,-105.05228
INC-004852,2026-04-28T20:53:08,assault,low,37.723753,-122.410116
INC-004853,2025-01-12T10:01:15,vandalism,medium,37.751599,-122.260523
INC-004854,2025-06-27T19:20:26,burglary,medium,40.846885,-73.998645
INC-004855,2025-10-04T13:58:28,theft-from-vehicle,medium,41.762951,-87.671063
INC-004856,2025-05-16T09:21:49,vandalism,medium,47.519867,-122.193021
INC-004857,2026-02-14T16:06:19,theft-from-vehicle,low,34.016666,-118.366611
INC-004858,2025-03-17T23:49:51,vandalism,low,40.624043,-73.954028
INC-004859,2025-02-24T09:12:07,fraud,high,25.788102,-80.327018
INC-004860,2026-01-18T18:06:31,burglary,low,40.724389,-73.802299
INC-004861,2026-04-14T19:59:06,burglary,medium,37.836126,-122.407859
INC-004862,2026-03-07T18:08:57,assault,medium,40.559983,-74.032198
INC-004863,2024-12-17T07:37:16,theft-from-vehicle,medium,39.596603,-105.115591
INC-004864,2024-10-13T16:24:20,theft-from-vehicle,low,41.816923,-87.45025
INC-004865,2025-12-24T20:35:29,burglary,medium,34.206676,-118.249494
INC-004866,2025-01-10T20:32:44,other,low,30.20279,-97.566719
INC-004867,2024-12-05T13:11:55,burglary,low,33.981059,-118.372277
INC-004868,2025-06-26T14:29:33,fraud,medium,47.625825,-122.318515
INC-004869,2024-05-11T05:12:05,theft-from-vehicle,medium,30.113537,-97.734616
INC-004870,2024-08-02T14:05:22,other,low,25.89517,-80.299365
INC-004871,2025-12-01T10:38:25,drug-violation,low,42.001629,-87.57219
INC-004872,2024-11-04T17:26:10,robbery,medium,30.3679,-97.592138
INC-004873,2024-09-30T00:52:34,theft-from-vehicle,medium,40.718888,-73.780832
INC-004874,2025-11-12T07:44:16,vehicle-theft,low,34.206397,-118.300054
INC-004875,2024-12-23T22:36:00,theft-from-vehicle,low,41.869755,-87.798792
INC-004876,2026-03-02T19:21:03,other,low,40.742729,-73.967665
INC-004877,2025-07-17T19:50:20,burglary,high,30.444758,-97.760359
INC-004878,2026-04-13T23:24:21,assault,low,30.374623,-97.712684
INC-004879,2024-06-18T12:55:40,theft-from-vehicle,low,39.665477,-105.013605
INC-004880,2025-05-22T09:35:44,theft-from-vehicle,medium,41.778692,-87.641835
INC-004881,2026-02-28T01:08:24,vehicle-theft,high,39.872114,-104.919998
INC-004882,2024-10-26T18:05:18,theft-from-vehicle,medium,37.666461,-122.303348
INC-004883,2025-03-18T21:23:09,drug-violation,low,37.832963,-122.456333
INC-004884,2025-05-02T00:54:47,theft-from-vehicle,low,33.935007,-118.205503
INC-004885,2024-07-19T21:09:14,assault,low,33.98322,-118.350405
INC-004886,2026-01-15T15:04:39,theft-from-vehicle,low,40.66381,-73.983992
INC-004887,2024-07-14T10:33:45,vehicle-theft,low,33.967012,-118.433967
INC-004888,2026-04-02T14:52:11,burglary,medium,25.65401,-80.176433
INC-004889,2024-11-29T01:50:34,drug-violation,low,37.829401,-122.311524
INC-004890,2024-08-23T23:50:06,fraud,low,30.099217,-97.798375
INC-004891,2026-03-27T14:09:55,drug-violation,medium,30.155529,-97.64937
INC-004892,2025-08-27T12:44:48,fraud,medium,34.121639,-118.254193
INC-004893,2026-02-28T23:20:26,vehicle-theft,low,37.791043,-122.229536
INC-004894,2026-01-20T09:42:26,burglary,low,40.830236,-74.030415
INC-004895,2024-11-18T16:15:56,vehicle-theft,high,37.624687,-122.475845
INC-004896,2025-05-09T05:04:33,burglary,medium,37.701785,-122.324916
INC-004897,2026-04-10T02:43:36,other,medium,34.001206,-118.360558
INC-004898,2026-01-06T00:38:10,fraud,low,30.136851,-97.771165
INC-004899,2024-05-31T15:21:36,drug-violation,high,37.668348,-122.587731
INC-004900,2024-09-24T21:54:13,theft-from-vehicle,low,47.74541,-122.331471
INC-004901,2026-04-01T07:09:05,drug-violation,low,34.018896,-118.130626
INC-004902,2025-08-19T14:39:55,robbery,low,37.740691,-122.375067
INC-004903,2024-09-04T17:59:15,burglary,low,25.650574,-80.292042
INC-004904,2024-05-27T07:39:42,other,low,30.171255,-97.664629
INC-004905,2025-05-13T02:35:52,vandalism,medium,47.650318,-122.092398
INC-004906,2026-02-13T22:18:15,vandalism,low,34.18971,-118.230474
INC-004907,2025-07-04T06:00:54,assault,low,37.677492,-122.336137
INC-004908,2025-02-04T01:26:02,theft-from-vehicle,low,41.850919,-87.640091
INC-004909,2025-04-12T05:17:12,fraud,low,47.755172,-122.318707
INC-004910,2025-09-15T12:57:16,burglary,low,41.909751,-87.453637
INC-004911,2025-11-22T00:33:32,assault,low,41.799875,-87.824276
INC-004912,2024-11-29T12:57:30,assault,medium,37.642545,-122.390314
INC-004913,2024-07-26T07:49:53,drug-violation,low,39.81271,-104.799158
INC-004914,2024-12-10T09:27:36,drug-violation,low,34.155446,-118.186717
INC-004915,2024-12-11T08:09:44,vehicle-theft,high,34.081415,-118.451061
INC-004916,2025-07-01T08:51:06,vandalism,low,39.750012,-105.160628
INC-004917,2025-06-22T11:06:15,burglary,low,33.992476,-118.31785
INC-004918,2026-02-09T08:37:29,drug-violation,medium,34.075955,-118.15609
INC-004919,2025-12-27T19:09:44,assault,low,37.876991,-122.248125
INC-004920,2025-02-19T18:20:15,vehicle-theft,low,33.923819,-118.263462
INC-004921,2025-07-22T22:31:17,theft-from-vehicle,medium,41.811305,-87.607817
INC-004922,2024-08-12T11:29:51,other,medium,33.972342,-118.12279
INC-004923,2025-09-16T00:05:33,other,low,37.86817,-122.327325
INC-004924,2024-11-01T08:25:34,vandalism,medium,47.735334,-122.448304
INC-004925,2025-07-09T22:58:23,theft-from-vehicle,medium,39.71771,-104.867739
INC-004926,2026-01-15T12:10:00,vandalism,medium,30.413063,-97.774156
INC-004927,2026-02-02T22:07:07,drug-violation,low,40.622405,-74.112335
INC-004928,2025-09-10T15:10:10,burglary,low,33.907911,-118.36843
INC-004929,2025-10-22T18:50:47,burglary,low,34.19933,-118.317423
INC-004930,2024-11-16T15:56:25,theft-from-vehicle,medium,40.841445,-74.170243
INC-004931,2025-11-02T01:32:00,theft-from-vehicle,high,39.68492,-105.104151
INC-004932,2026-01-09T15:20:42,robbery,medium,34.192416,-118.37018
INC-004933,2024-09-18T14:36:14,burglary,low,37.656527,-122.583295
INC-004934,2025-11-19T21:36:28,theft-from-vehicle,high,37.798789,-122.359697
INC-004935,2026-04-17T01:50:57,theft-from-vehicle,low,34.068198,-118.401861
INC-004936,2025-03-29T15:05:55,burglary,medium,47.62504,-122.412867
INC-004937,2025-07-14T06:54:26,assault,low,25.722537,-80.058183
INC-004938,2024-10-03T02:19:56,theft-from-vehicle,medium,34.063639,-118.343216
INC-004939,2024-08-06T14:15:22,vehicle-theft,low,37.823754,-122.533666
INC-004940,2026-03-06T06:58:37,theft-from-vehicle,medium,39.747636,-104.781346
INC-004941,2025-05-07T17:48:50,vandalism,low,34.001968,-118.098152
INC-004942,2025-02-22T02:44:16,drug-violation,low,41.958234,-87.716154
INC-004943,2025-04-11T13:59:44,vandalism,low,40.62731,-74.137759
INC-004944,2024-12-23T22:27:57,robbery,medium,47.478953,-122.360139
INC-004945,2025-06-19T10:45:48,other,medium,33.98455,-118.289636
INC-004946,2024-06-04T11:17:29,other,low,30.395248,-97.872953
INC-004947,2025-06-25T03:14:56,vandalism,high,47.677418,-122.352201
INC-004948,2025-01-14T23:08:33,burglary,low,41.988202,-87.570159
INC-004949,2025-05-23T05:47:52,drug-violation,medium,37.864907,-122.300114
INC-004950,2025-04-24T04:45:56,fraud,high,37.72451,-122.600845
INC-004951,2025-01-22T01:28:38,theft-from-vehicle,low,37.731041,-122.212841
INC-004952,2024-08-05T11:39:54,vandalism,low,30.200714,-97.635207
INC-004953,2025-03-18T23:59:27,other,low,30.386265,-97.775974
INC-004954,2024-09-24T11:05:01,fraud,high,37.870527,-122.321716
INC-004955,2026-04-18T18:34:02,burglary,high,30.146214,-97.623181
INC-004956,2025-08-12T15:28:36,theft-from-vehicle,medium,30.18476,-97.887636
INC-004957,2024-07-24T10:34:04,burglary,medium,25.643781,-80.300853
INC-004958,2025-10-08T23:22:32,theft-from-vehicle,high,47.719457,-122.434033
INC-004959,2025-09-18T23:37:23,robbery,medium,41.937625,-87.50121
INC-004960,2025-09-26T15:30:09,theft-from-vehicle,medium,37.741849,-122.485731
INC-004961,2025-11-17T19:12:01,assault,high,30.303171,-97.864947
INC-004962,2026-04-18T19:22:08,burglary,medium,34.098755,-118.436738
INC-004963,2025-04-07T20:52:33,theft-from-vehicle,high,34.065487,-118.165705
INC-004964,2024-10-26T01:22:25,theft-from-vehicle,low,33.930531,-118.229236
INC-004965,2025-05-13T16:16:27,fraud,low,41.7365,-87.746166
INC-004966,2025-12-25T16:18:16,burglary,high,37.843191,-122.221604
INC-004967,2024-08-13T22:29:51,other,medium,30.265791,-97.584345
INC-004968,2024-11-29T22:56:38,vehicle-theft,medium,47.485859,-122.174621
INC-004969,2024-10-12T22:45:38,theft-from-vehicle,medium,47.623261,-122.33487
INC-004970,2025-04-19T03:29:15,vehicle-theft,low,40.707867,-73.797095
INC-004971,2025-10-27T19:12:05,vehicle-theft,low,34.095753,-118.184337
INC-004972,2025-10-26T21:45:52,theft-from-vehicle,medium,33.90628,-118.275869
INC-004973,2025-11-08T20:25:55,vandalism,low,30.300062,-97.755777
INC-004974,2025-10-30T14:15:05,theft-from-vehicle,low,41.933111,-87.586315
INC-004975,2024-09-19T20:01:19,vandalism,high,30.392812,-97.861627
INC-004976,2025-07-27T08:41:25,theft-from-vehicle,low,40.726666,-73.817008
INC-004977,2024-09-23T16:06:58,robbery,medium,39.597641,-104.956427
INC-004978,2026-04-11T19:42:42,vandalism,medium,37.714662,-122.453219
INC-004979,2025-09-25T17:35:54,vehicle-theft,medium,40.660979,-73.970958
INC-004980,2026-01-10T17:48:35,fraud,low,47.487317,-122.39848
INC-004981,2024-12-31T01:56:00,assault,low,37.755816,-122.441806
INC-004982,2024-08-28T01:35:19,theft-from-vehicle,low,37.735043,-122.35598
INC-004983,2025-09-18T06:15:47,robbery,medium,40.829929,-74.103041
INC-004984,2025-02-10T21:14:19,fraud,low,47.512645,-122.44554
INC-004985,2024-05-22T11:14:17,drug-violation,medium,30.406632,-97.770909
INC-004986,2025-04-20T22:30:34,burglary,low,39.72574,-105.083266
INC-004987,2026-04-25T19:53:54,fraud,low,39.744543,-104.902102
INC-004988,2025-10-03T04:51:07,drug-violation,medium,39.733145,-104.813529
INC-004989,2025-12-26T15:38:21,vandalism,high,47.470563,-122.23342
INC-004990,2025-10-05T00:01:45,robbery,medium,34.040295,-118.261648
INC-004991,2025-02-22T19:44:33,vehicle-theft,low,37.770271,-122.360832
INC-004992,2026-01-15T10:16:17,drug-violation,medium,25.89598,-80.085077
INC-004993,2024-07-17T07:23:12,fraud,low,34.14669,-118.297456
INC-004994,2024-09-29T08:00:06,burglary,low,37.725245,-122.214641
INC-004995,2024-06-17T17:59:11,burglary,low,41.989953,-87.536081
INC-004996,2024-05-24T13:09:47,burglary,low,40.697083,-73.813995
INC-004997,2024-08-02T04:47:38,other,low,33.970331,-118.239812
INC-004998,2025-10-29T10:26:18,theft-from-vehicle,low,47.504778,-122.217404
INC-004999,2025-09-17T03:29:43,theft-from-vehicle,low,30.315866,-97.684664
INC-005000,2026-01-08T17:43:35,drug-violation,medium,33.910823,-118.340831
INC-005001,2026-01-05T05:48:55,vandalism,medium,40.654826,-73.837861
INC-005002,2025-04-11T00:06:18,assault,low,37.803485,-122.598058
INC-005003,2024-10-27T15:33:48,vandalism,low,34.069795,-118.119177
INC-005004,2024-06-13T15:36:21,vandalism,low,47.474548,-122.513489
INC-005005,2026-04-10T02:01:38,fraud,low,40.791679,-74.09551
INC-005006,2024-05-23T18:43:51,burglary,low,47.64145,-122.07131
INC-005007,2025-08-17T06:32:17,vehicle-theft,low,40.80457,-73.95983
INC-005008,2025-12-12T11:15:23,fraud,medium,37.842666,-122.547087
INC-005009,2025-04-29T15:32:52,vehicle-theft,medium,37.650739,-122.506844
INC-005010,2024-12-05T09:57:36,vandalism,low,37.725462,-122.233029
INC-005011,2025-10-26T05:23:30,vandalism,medium,34.040486,-118.352565
INC-005012,2025-06-18T20:50:09,vandalism,medium,34.189139,-118.330154
INC-005013,2025-05-22T05:57:18,fraud,medium,33.887516,-118.30079
INC-005014,2025-03-28T05:04:16,vehicle-theft,high,47.646833,-122.529536
INC-005015,2025-12-01T05:43:46,burglary,low,40.694728,-73.965448
INC-005016,2026-04-04T02:16:47,robbery,low,34.077099,-118.111047
INC-005017,2026-03-20T06:04:30,assault,medium,41.952407,-87.743975
INC-005018,2024-08-03T10:04:17,drug-violation,low,39.862886,-105.03075
INC-005019,2024-11-22T15:55:23,drug-violation,low,47.537736,-122.413842
INC-005020,2025-06-09T10:17:43,assault,medium,40.779374,-73.879469
INC-005021,2025-10-10T19:21:43,theft-from-vehicle,low,47.552077,-122.408578
INC-005022,2025-02-21T21:12:13,assault,low,39.616031,-105.050577
INC-005023,2024-06-07T22:47:02,fraud,low,34.10163,-118.218627
INC-005024,2025-11-04T05:04:24,burglary,medium,33.988176,-118.141132
INC-005025,2025-04-04T15:36:03,theft-from-vehicle,medium,30.364556,-97.843501
INC-005026,2024-09-03T21:11:18,vandalism,medium,40.850684,-74.067017
INC-005027,2026-03-23T22:43:24,theft-from-vehicle,medium,37.77312,-122.27472
INC-005028,2025-04-25T15:15:15,other,low,37.78317,-122.534803
INC-005029,2024-08-20T03:57:56,drug-violation,low,30.316653,-97.728168
INC-005030,2025-08-13T20:23:03,theft-from-vehicle,medium,39.584528,-105.036048
INC-005031,2025-08-17T01:38:00,theft-from-vehicle,low,25.748241,-80.184878
INC-005032,2025-09-24T21:59:18,vehicle-theft,medium,34.151017,-118.349356
INC-005033,2025-09-29T03:50:40,theft-from-vehicle,high,40.883095,-73.931726
INC-005034,2025-05-26T10:54:16,theft-from-vehicle,medium,37.916603,-122.478759
INC-005035,2025-01-14T05:42:01,assault,medium,30.165623,-97.627607
INC-005036,2026-02-15T08:09:46,theft-from-vehicle,low,40.694185,-74.067539
INC-005037,2025-07-03T03:08:00,vehicle-theft,low,30.205522,-97.581746
INC-005038,2024-08-26T21:42:29,robbery,low,25.695811,-80.314921
INC-005039,2026-02-21T11:54:00,theft-from-vehicle,medium,34.14942,-118.072108
INC-005040,2024-08-11T03:59:27,drug-violation,low,33.962705,-118.419342
INC-005041,2026-01-14T06:29:26,assault,medium,41.98727,-87.465177
INC-005042,2025-05-31T01:34:53,burglary,low,39.685691,-104.99823
INC-005043,2026-03-04T10:19:06,drug-violation,medium,37.671762,-122.570675
INC-005044,2025-10-26T13:49:39,drug-violation,low,25.781253,-80.087543
INC-005045,2025-03-05T20:53:38,fraud,low,33.980174,-118.138439
INC-005046,2025-08-23T01:30:20,fraud,low,39.710783,-105.066966
INC-005047,2025-01-18T12:31:11,theft-from-vehicle,low,25.912957,-80.296223
INC-005048,2025-12-16T01:47:43,vehicle-theft,medium,30.254952,-97.673699
INC-005049,2025-03-25T10:12:56,burglary,medium,37.703178,-122.279847
INC-005050,2026-03-16T06:03:59,theft-from-vehicle,medium,30.408314,-97.635833
INC-005051,2026-03-12T07:30:39,drug-violation,high,34.012824,-118.434725
INC-005052,2024-07-06T03:34:56,burglary,medium,37.691694,-122.421235
INC-005053,2026-03-21T00:44:33,robbery,low,34.109823,-118.295486
INC-005054,2025-08-15T04:48:31,vehicle-theft,low,37.617837,-122.513206
INC-005055,2024-12-21T22:41:27,drug-violation,low,37.68863,-122.250839
INC-005056,2025-03-26T06:42:50,burglary,high,41.772663,-87.784628
INC-005057,2025-03-31T10:46:56,burglary,low,40.630697,-73.936398
INC-005058,2026-03-20T20:57:03,fraud,medium,40.588529,-73.845695
INC-005059,2025-07-17T06:30:50,fraud,low,40.679724,-74.062998
INC-005060,2026-01-29T06:57:02,other,medium,41.933085,-87.570211
INC-005061,2026-02-13T04:29:59,theft-from-vehicle,low,33.986496,-118.408847
INC-005062,2026-01-18T23:59:03,drug-violation,low,25.912905,-80.088275
INC-005063,2024-08-06T01:34:20,theft-from-vehicle,medium,39.634127,-105.123656
INC-005064,2024-06-30T04:35:21,burglary,low,37.868242,-122.417503
INC-005065,2024-09-23T09:22:09,theft-from-vehicle,high,34.018108,-118.424127
INC-005066,2026-04-29T08:58:00,drug-violation,low,34.126514,-118.392797
INC-005067,2024-10-05T03:42:31,other,high,34.089196,-118.350821
INC-005068,2026-02-12T03:43:53,robbery,low,37.897946,-122.351734
INC-005069,2025-06-29T04:18:06,vehicle-theft,medium,37.877662,-122.508787
INC-005070,2025-02-15T19:08:44,vehicle-theft,low,34.08032,-118.048446
INC-005071,2025-06-07T02:02:19,vehicle-theft,low,30.27762,-97.803466
INC-005072,2025-04-03T09:56:03,theft-from-vehicle,low,30.267537,-97.830479
INC-005073,2025-11-19T19:48:19,other,low,34.074763,-118.173666
INC-005074,2025-12-18T08:44:44,other,low,37.754485,-122.485353
INC-005075,2026-01-30T13:49:56,drug-violation,high,37.66953,-122.466819
INC-005076,2025-07-16T13:38:15,vandalism,medium,37.878541,-122.466388
INC-005077,2025-12-15T03:58:59,assault,medium,34.17469,-118.255456
INC-005078,2024-06-22T23:53:46,vandalism,low,47.771017,-122.32587
INC-005079,2025-07-24T07:26:37,burglary,low,34.075518,-118.034145
INC-005080,2024-07-29T16:16:43,theft-from-vehicle,medium,37.922195,-122.300579
INC-005081,2024-06-06T15:18:06,burglary,low,47.636735,-122.4356
INC-005082,2025-09-10T21:39:42,other,low,39.860753,-104.980853
INC-005083,2025-08-02T13:00:56,drug-violation,low,34.035284,-118.233507
INC-005084,2025-10-13T22:21:36,burglary,low,37.890787,-122.551175
INC-005085,2025-01-14T10:04:23,vandalism,low,40.687853,-73.779013
INC-005086,2025-09-28T23:29:01,vandalism,low,37.838375,-122.292438
INC-005087,2025-07-17T03:44:13,vandalism,medium,25.635083,-80.196107
INC-005088,2026-04-07T17:32:14,assault,medium,37.627943,-122.505385
INC-005089,2026-04-12T05:58:20,theft-from-vehicle,medium,37.786094,-122.345113
INC-005090,2026-01-17T22:14:14,vandalism,low,25.749861,-80.14907
INC-005091,2026-04-11T11:01:45,theft-from-vehicle,medium,47.664429,-122.385464
INC-005092,2025-05-12T21:11:24,drug-violation,medium,30.359065,-97.69405
INC-005093,2025-06-22T00:53:16,burglary,medium,25.764954,-80.15086
INC-005094,2025-06-20T05:10:03,vandalism,low,37.87306,-122.32819
INC-005095,2025-02-25T11:33:17,vandalism,medium,25.721055,-80.016764
INC-005096,2025-06-21T17:53:09,robbery,medium,47.545498,-122.520452
INC-005097,2025-06-07T05:35:09,theft-from-vehicle,medium,25.914445,-80.117232
INC-005098,2025-09-12T17:12:18,burglary,low,37.839266,-122.339366
INC-005099,2025-10-13T00:54:44,fraud,low,34.051372,-118.400851
INC-005100,2026-02-17T03:32:00,burglary,medium,37.855937,-122.544423
INC-005101,2025-02-03T02:44:17,vandalism,low,37.673517,-122.324891
INC-005102,2025-11-07T12:16:49,burglary,low,47.617905,-122.420363
INC-005103,2024-09-27T10:20:00,drug-violation,medium,41.957592,-87.57266
INC-005104,2024-05-10T00:57:33,fraud,medium,37.722223,-122.524308
INC-005105,2025-09-25T05:16:09,theft-from-vehicle,medium,47.513145,-122.107558
INC-005106,2025-02-07T01:21:51,drug-violation,low,30.290129,-97.775481
INC-005107,2026-02-13T00:48:18,vandalism,medium,33.971275,-118.060579
INC-005108,2025-08-27T22:03:39,theft-from-vehicle,medium,41.863089,-87.781215
INC-005109,2026-02-26T19:35:51,vehicle-theft,low,34.066532,-118.403733
INC-005110,2025-11-02T11:46:43,theft-from-vehicle,low,37.906894,-122.345234
INC-005111,2024-07-31T19:04:56,burglary,low,40.79494,-73.960113
INC-005112,2024-05-27T16:11:00,fraud,low,40.764741,-74.052642
INC-005113,2024-11-30T13:05:29,vandalism,medium,40.772449,-73.978143
INC-005114,2025-09-19T20:19:08,theft-from-vehicle,medium,33.949552,-118.385159
INC-005115,2024-07-25T08:50:15,fraud,medium,41.91844,-87.698922
INC-005116,2025-02-03T02:05:19,burglary,low,40.614899,-73.906452
INC-005117,2024-06-05T21:07:28,vehicle-theft,medium,40.610833,-73.834735
INC-005118,2025-08-02T20:10:32,theft-from-vehicle,medium,30.350297,-97.631121
INC-005119,2025-04-27T04:50:05,drug-violation,high,33.919203,-118.13473
INC-005120,2025-01-31T11:43:58,drug-violation,medium,41.805354,-87.847392
INC-005121,2025-05-06T15:13:07,fraud,low,37.608159,-122.410794
INC-005122,2024-05-11T22:24:12,other,medium,34.15201,-118.391744
INC-005123,2024-10-25T16:29:51,vandalism,low,25.806983,-80.03904
INC-005124,2025-12-26T00:18:37,robbery,low,30.098124,-97.771584
INC-005125,2025-12-20T00:23:52,theft-from-vehicle,medium,39.836166,-105.08988
INC-005126,2025-10-26T23:52:02,burglary,low,33.893531,-118.270221
INC-005127,2025-11-24T13:16:19,theft-from-vehicle,low,34.023661,-118.324453
INC-005128,2024-06-25T14:52:48,burglary,high,47.706811,-122.198772
INC-005129,2026-02-05T00:29:29,theft-from-vehicle,low,37.781501,-122.377888
INC-005130,2024-07-28T08:56:40,vehicle-theft,low,25.835278,-80.259234
INC-005131,2025-02-08T08:10:39,vehicle-theft,low,47.582576,-122.323912
INC-005132,2024-05-01T03:14:21,assault,low,34.208337,-118.138661
INC-005133,2025-12-21T18:25:36,burglary,medium,40.828437,-74.105403
INC-005134,2024-08-06T11:48:09,other,medium,37.636786,-122.420472
INC-005135,2025-11-13T06:16:01,drug-violation,high,40.771997,-73.886088
INC-005136,2024-08-18T16:41:21,vandalism,high,39.7154,-105.063188
INC-005137,2025-07-07T14:16:13,theft-from-vehicle,medium,40.797038,-74.168042
INC-005138,2026-04-21T10:42:55,burglary,medium,33.965921,-118.182092
INC-005139,2025-05-07T03:46:31,theft-from-vehicle,low,30.141994,-97.7477
INC-005140,2024-07-28T16:02:43,other,medium,34.231139,-118.247879
INC-005141,2024-07-16T20:28:12,other,high,30.327679,-97.718131
INC-005142,2024-11-17T13:57:56,vandalism,medium,47.632857,-122.345889
INC-005143,2025-07-23T18:18:49,theft-from-vehicle,medium,47.492158,-122.528428
INC-005144,2026-03-04T09:14:33,vandalism,medium,34.094138,-118.253998
INC-005145,2024-07-03T01:52:36,drug-violation,low,34.105473,-118.071106
INC-005146,2025-07-21T06:20:23,drug-violation,low,37.844154,-122.628616
INC-005147,2024-11-13T18:30:36,burglary,low,34.044708,-118.280283
INC-005148,2025-11-29T10:33:35,assault,high,41.843329,-87.673359
INC-005149,2024-05-11T01:59:38,drug-violation,high,47.739554,-122.427151
INC-005150,2024-06-14T00:47:31,other,medium,30.185571,-97.629402
INC-005151,2025-02-25T21:54:37,other,high,40.626827,-74.19753
INC-005152,2024-07-03T10:00:21,burglary,medium,47.552254,-122.346678
INC-005153,2024-11-20T20:12:57,burglary,low,47.667978,-122.566799
INC-005154,2024-12-18T04:45:05,theft-from-vehicle,low,34.10328,-118.167429
INC-005155,2025-01-07T00:05:53,drug-violation,low,41.933502,-87.843624
INC-005156,2025-03-27T23:42:24,robbery,medium,47.66958,-122.239058
INC-005157,2026-02-24T00:32:50,vandalism,low,37.775937,-122.340187
INC-005158,2024-05-19T00:10:56,fraud,low,37.754158,-122.237808
INC-005159,2025-11-15T10:09:17,other,low,25.757661,-80.302291
INC-005160,2025-12-27T15:40:47,vehicle-theft,medium,25.61769,-80.132019
INC-005161,2026-03-08T14:36:47,vehicle-theft,low,25.665111,-80.026081
INC-005162,2025-04-17T04:44:40,theft-from-vehicle,low,47.719375,-122.261388
INC-005163,2024-08-23T01:07:55,other,low,25.592821,-80.191401
INC-005164,2025-07-02T18:04:40,burglary,low,41.962649,-87.54713
INC-005165,2025-09-17T02:30:48,vehicle-theft,medium,34.159956,-118.166004
INC-005166,2025-11-11T19:33:31,fraud,low,34.046978,-118.159628
INC-005167,2024-11-30T03:33:09,burglary,medium,47.582818,-122.392509
INC-005168,2024-08-18T00:18:23,vandalism,low,41.852837,-87.502092
INC-005169,2024-05-29T18:53:43,vandalism,high,34.123926,-118.308501
INC-005170,2025-08-16T13:46:45,assault,low,40.8034,-74.139792
INC-005171,2026-03-12T12:39:05,vehicle-theft,low,30.268607,-97.646393
INC-005172,2024-08-11T22:46:56,theft-from-vehicle,low,41.766186,-87.589466
INC-005173,2026-03-29T10:24:54,theft-from-vehicle,medium,25.885261,-80.149404
INC-005174,2025-02-18T00:32:26,vandalism,low,37.848222,-122.283408
INC-005175,2024-07-22T01:30:58,vehicle-theft,medium,25.692399,-80.219869
INC-005176,2024-10-31T06:26:52,drug-violation,low,40.786728,-74.044863
INC-005177,2026-04-27T00:28:38,theft-from-vehicle,medium,47.564931,-122.528565
INC-005178,2025-02-06T08:12:10,drug-violation,high,42.016669,-87.586009
INC-005179,2024-12-05T09:39:58,burglary,medium,47.511869,-122.475387
INC-005180,2024-08-08T12:00:05,vandalism,high,34.183634,-118.105684
INC-005181,2026-02-16T14:01:32,assault,low,30.344886,-97.777039
INC-005182,2025-04-01T03:20:25,other,low,25.839745,-80.098623
INC-005183,2024-09-21T18:50:16,theft-from-vehicle,low,37.923912,-122.301349
INC-005184,2024-07-19T00:52:20,burglary,low,25.851561,-80.343249
INC-005185,2024-05-02T14:07:56,fraud,low,47.61009,-122.389337
INC-005186,2025-07-09T17:19:04,assault,low,47.486298,-122.401222
INC-005187,2025-02-13T00:40:33,vehicle-theft,low,40.662869,-74.11705
INC-005188,2024-12-24T15:45:52,other,low,34.131532,-118.329218
INC-005189,2025-04-07T23:57:22,burglary,low,47.654596,-122.386665
INC-005190,2026-01-08T18:11:28,vandalism,low,34.014373,-118.427886
INC-005191,2024-05-12T06:20:24,drug-violation,low,40.708172,-73.820871
INC-005192,2024-08-13T22:21:31,other,medium,41.883232,-87.751107
INC-005193,2024-11-08T11:55:31,burglary,medium,33.911806,-118.171098
INC-005194,2024-12-13T03:52:34,burglary,low,37.764068,-122.355706
INC-005195,2025-06-28T05:32:36,theft-from-vehicle,low,34.004597,-118.128952
INC-005196,2024-06-15T22:22:47,robbery,low,34.178898,-118.106606
INC-005197,2025-03-07T18:50:03,vandalism,medium,33.938881,-118.278262
INC-005198,2025-07-07T21:49:40,theft-from-vehicle,high,39.685987,-105.163529
INC-005199,2025-02-19T09:26:03,vandalism,medium,47.47117,-122.501085
INC-005200,2024-08-07T20:02:01,burglary,low,40.67261,-73.864506
INC-005201,2024-05-13T00:40:56,fraud,medium,40.565181,-74.128987
INC-005202,2024-12-15T07:58:03,fraud,medium,39.575169,-104.932841
INC-005203,2024-08-01T15:04:16,other,medium,39.570299,-104.954026
INC-005204,2024-12-11T02:20:10,theft-from-vehicle,low,40.756678,-74.142358
INC-005205,2024-06-08T12:39:12,robbery,medium,30.384461,-97.898659
INC-005206,2024-12-21T11:20:57,robbery,low,34.09295,-118.21032
INC-005207,2025-01-16T17:42:51,assault,high,30.229444,-97.847455
INC-005208,2025-06-13T04:23:19,robbery,low,41.872181,-87.587165
INC-005209,2024-07-27T02:31:31,burglary,low,25.759425,-80.197074
INC-005210,2025-11-26T10:13:54,theft-from-vehicle,low,47.723961,-122.391258
INC-005211,2024-07-09T13:53:20,burglary,low,30.311008,-97.922562
INC-005212,2025-07-08T07:00:16,vandalism,high,40.602201,-74.022636
INC-005213,2025-07-11T19:54:21,burglary,medium,40.597353,-74.110735
INC-005214,2025-04-22T04:20:42,fraud,medium,47.504195,-122.243945
INC-005215,2024-09-10T15:56:43,burglary,high,34.02189,-118.066143
INC-005216,2024-05-21T11:12:44,vehicle-theft,low,41.823318,-87.76461
INC-005217,2025-06-18T11:15:51,burglary,low,33.996823,-118.063659
INC-005218,2025-12-03T07:45:52,assault,low,33.977962,-118.359584
INC-005219,2025-10-08T20:15:14,theft-from-vehicle,low,40.856381,-73.886281
INC-005220,2024-05-30T21:05:39,vandalism,low,40.6467,-74.137387
INC-005221,2025-05-29T00:17:01,fraud,medium,25.828259,-80.059827
INC-005222,2025-07-03T19:42:43,other,low,34.181254,-118.306437
INC-005223,2024-09-09T16:03:00,theft-from-vehicle,low,33.992726,-118.442739
INC-005224,2024-05-20T00:55:52,vandalism,low,37.817106,-122.345268
INC-005225,2025-10-04T01:23:45,drug-violation,low,25.890802,-80.153732
INC-005226,2024-05-30T05:35:25,theft-from-vehicle,low,37.809386,-122.294005
INC-005227,2025-12-15T09:40:58,other,low,33.946533,-118.214436
INC-005228,2025-01-04T19:07:54,burglary,low,34.088626,-118.315042
INC-005229,2024-11-20T01:48:49,vehicle-theft,low,47.649429,-122.260511
INC-005230,2024-09-04T14:24:55,theft-from-vehicle,low,25.887514,-80.146352
INC-005231,2026-02-19T06:00:41,vehicle-theft,medium,33.891585,-118.310994
INC-005232,2024-07-23T12:30:33,assault,high,34.120759,-118.380783
INC-005233,2024-09-03T07:34:47,burglary,low,34.09889,-118.267483
INC-005234,2026-02-17T08:45:25,assault,low,30.226587,-97.9399
INC-005235,2025-04-27T20:02:05,theft-from-vehicle,low,37.645266,-122.302776
INC-005236,2024-08-08T01:34:07,burglary,medium,41.86706,-87.609721
INC-005237,2025-03-11T01:30:33,vehicle-theft,low,37.646683,-122.412491
INC-005238,2024-12-15T15:25:48,theft-from-vehicle,medium,30.415964,-97.68774
INC-005239,2026-01-30T00:23:00,burglary,medium,40.868077,-74.063793
INC-005240,2025-11-06T08:24:04,theft-from-vehicle,low,25.685571,-80.198341
INC-005241,2024-08-30T21:08:31,other,high,37.722545,-122.419532
INC-005242,2025-11-07T22:35:23,assault,high,41.81666,-87.693738
INC-005243,2026-02-25T13:21:57,drug-violation,medium,40.83006,-74.145177
INC-005244,2024-12-23T21:29:13,assault,medium,47.631827,-122.19836
INC-005245,2025-12-13T06:55:10,vandalism,low,40.787101,-73.837032
INC-005246,2025-12-16T10:11:16,theft-from-vehicle,high,30.404826,-97.769623
INC-005247,2025-06-21T00:07:23,vehicle-theft,high,47.569923,-122.452207
INC-005248,2024-05-10T09:20:01,burglary,high,39.73748,-104.844755
INC-005249,2024-12-28T05:51:08,robbery,low,39.909918,-105.040864
INC-005250,2025-01-09T23:35:13,theft-from-vehicle,low,25.758544,-80.166294
INC-005251,2025-07-28T16:53:33,vehicle-theft,low,37.765397,-122.316801
INC-005252,2025-02-08T16:08:55,vehicle-theft,low,37.691549,-122.493117
INC-005253,2026-04-04T17:58:41,burglary,medium,39.742949,-104.87895
INC-005254,2024-10-01T05:53:11,drug-violation,low,40.605652,-74.155364
INC-005255,2026-04-12T23:31:21,burglary,low,37.749227,-122.219304
INC-005256,2024-05-14T04:32:42,robbery,low,41.885759,-87.46061
INC-005257,2025-02-14T14:58:15,vandalism,medium,47.647007,-122.342281
INC-005258,2024-10-17T14:42:55,other,low,41.954677,-87.789441
INC-005259,2024-06-11T18:04:24,burglary,medium,40.643019,-74.16363
INC-005260,2025-01-08T23:27:47,vandalism,low,37.699699,-122.227795
INC-005261,2025-06-12T00:01:39,burglary,medium,39.842916,-105.010514
INC-005262,2025-02-11T00:33:18,other,high,39.660245,-105.143196
INC-005263,2026-02-02T21:37:37,burglary,low,40.749328,-73.982666
INC-005264,2025-12-31T12:58:19,burglary,low,40.593323,-74.139108
INC-005265,2025-10-04T11:01:25,drug-violation,low,34.070428,-118.2372
INC-005266,2026-02-15T05:31:46,fraud,medium,42.012559,-87.751074
INC-005267,2026-04-28T04:17:55,burglary,medium,25.869915,-80.048827
INC-005268,2024-08-26T15:50:49,fraud,low,41.826809,-87.814576
INC-005269,2025-04-27T23:26:59,other,low,34.130512,-118.068393
INC-005270,2025-08-30T16:38:00,vandalism,low,37.73362,-122.418757
INC-005271,2024-08-01T02:47:20,vandalism,low,40.70338,-73.849467
INC-005272,2025-06-27T22:46:42,vandalism,medium,39.732979,-104.955917
INC-005273,2025-09-24T06:22:05,theft-from-vehicle,low,34.117068,-118.271041
INC-005274,2025-07-05T13:15:24,robbery,low,30.211857,-97.666512
INC-005275,2026-02-01T07:02:00,drug-violation,high,41.863706,-87.44566
INC-005276,2025-05-09T23:10:05,vandalism,low,41.738445,-87.573166
INC-005277,2026-03-21T01:39:48,vandalism,low,40.805091,-74.101879
INC-005278,2025-07-01T22:45:37,burglary,medium,37.847556,-122.614501
INC-005279,2025-01-04T15:58:05,theft-from-vehicle,low,40.696431,-74.051434
INC-005280,2026-04-16T13:21:03,vehicle-theft,low,41.912035,-87.817233
INC-005281,2024-12-27T01:11:08,fraud,medium,39.743771,-105.218006
INC-005282,2026-04-22T18:03:37,burglary,low,34.141925,-118.408844
INC-005283,2025-06-21T03:16:55,vandalism,low,25.729657,-80.25101
INC-005284,2025-07-08T08:43:01,vehicle-theft,low,47.595838,-122.433425
INC-005285,2025-02-24T07:51:55,theft-from-vehicle,medium,30.157917,-97.628851
INC-005286,2025-10-22T10:07:18,assault,low,33.943032,-118.132774
INC-005287,2024-11-05T00:25:11,other,high,47.712775,-122.244516
INC-005288,2025-09-20T21:55:36,assault,low,47.685383,-122.284047
INC-005289,2024-08-29T17:00:59,drug-violation,medium,47.650584,-122.493807
INC-005290,2024-06-19T22:22:42,other,low,33.902383,-118.124448
INC-005291,2025-08-27T22:22:02,burglary,low,37.693471,-122.367871
INC-005292,2024-10-09T21:41:30,burglary,low,41.929807,-87.746856
INC-005293,2025-01-04T12:17:52,burglary,low,40.804149,-74.146391
INC-005294,2024-05-09T12:09:35,burglary,low,33.931245,-118.172258
INC-005295,2025-07-21T00:21:10,burglary,low,25.731519,-80.388646
INC-005296,2025-05-08T22:12:47,theft-from-vehicle,low,37.746793,-122.520118
INC-005297,2025-08-05T03:06:31,assault,low,37.767216,-122.37621
INC-005298,2025-05-28T03:50:03,other,low,40.580884,-74.080927
INC-005299,2025-06-03T19:41:19,theft-from-vehicle,low,37.730746,-122.289923
INC-005300,2025-06-29T14:02:20,vehicle-theft,medium,37.768222,-122.395097
INC-005301,2025-12-22T06:56:24,theft-from-vehicle,high,40.689634,-73.857179
INC-005302,2024-08-17T17:46:57,burglary,medium,40.835625,-73.909236
INC-005303,2024-09-11T21:29:31,other,medium,39.834146,-105.05239
INC-005304,2026-01-23T06:27:06,drug-violation,low,47.755391,-122.427591
INC-005305,2025-03-22T23:30:05,other,medium,41.964141,-87.467348
INC-005306,2025-08-12T10:03:10,burglary,low,37.706059,-122.465505
INC-005307,2024-12-28T01:27:24,theft-from-vehicle,low,37.7028,-122.603513
INC-005308,2024-11-03T13:09:39,theft-from-vehicle,high,41.97928,-87.518237
INC-005309,2025-04-02T22:02:12,drug-violation,medium,39.827968,-105.116777
INC-005310,2026-03-20T13:12:25,theft-from-vehicle,low,41.821891,-87.545345
INC-005311,2024-07-05T23:33:50,burglary,low,33.922929,-118.253585
INC-005312,2025-12-25T23:38:46,vehicle-theft,medium,34.214514,-118.286706
INC-005313,2024-08-12T19:46:20,vandalism,low,39.81972,-105.052749
INC-005314,2025-08-19T22:39:55,drug-violation,low,37.837072,-122.437156
INC-005315,2026-03-18T22:22:14,vandalism,low,34.166676,-118.208012
INC-005316,2024-11-29T12:53:09,theft-from-vehicle,medium,25.906769,-80.107371
INC-005317,2024-10-13T21:35:53,theft-from-vehicle,low,30.273083,-97.838081
INC-005318,2025-09-19T07:24:17,robbery,low,34.166187,-118.143473
INC-005319,2025-03-08T18:43:32,burglary,medium,25.74549,-80.055626
INC-005320,2025-03-10T15:18:32,robbery,high,39.781624,-105.180932
INC-005321,2024-07-24T10:06:08,other,low,33.962895,-118.056925
INC-005322,2024-05-19T03:46:46,robbery,low,37.666702,-122.482557
INC-005323,2024-06-12T12:12:22,vandalism,high,40.820664,-74.037819
INC-005324,2024-12-30T23:14:54,burglary,low,41.802337,-87.745173
INC-005325,2024-07-01T23:24:58,other,low,37.643324,-122.352212
INC-005326,2025-08-21T20:10:16,assault,low,25.914399,-80.251582
INC-005327,2025-05-17T23:55:54,robbery,medium,37.849438,-122.49982
INC-005328,2025-11-29T15:19:25,vehicle-theft,low,30.138276,-97.719972
INC-005329,2025-01-14T11:21:08,vehicle-theft,medium,40.859356,-74.047526
INC-005330,2025-11-06T09:19:28,vandalism,medium,37.795804,-122.257453
INC-005331,2024-10-13T00:45:42,vehicle-theft,low,34.133459,-118.291586
INC-005332,2025-05-20T07:33:55,burglary,low,40.76539,-73.842221
INC-005333,2026-01-01T04:36:21,vandalism,high,33.937906,-118.125063
INC-005334,2024-05-20T20:33:03,vehicle-theft,low,30.33097,-97.622564
INC-005335,2025-09-12T09:34:03,burglary,medium,33.968083,-118.064067
INC-005336,2024-05-08T22:21:31,burglary,medium,34.076803,-118.233853
INC-005337,2026-04-18T11:38:42,assault,low,34.16825,-118.206923
INC-005338,2026-04-15T06:22:02,vandalism,medium,30.282981,-97.935054
INC-005339,2026-03-15T13:13:43,vehicle-theft,low,40.71766,-74.179754
INC-005340,2024-09-06T05:21:17,fraud,low,37.721413,-122.471626
INC-005341,2024-10-09T11:37:56,drug-violation,low,37.668219,-122.556364
INC-005342,2025-05-11T18:10:36,theft-from-vehicle,low,39.595715,-104.920365
INC-005343,2026-01-29T10:49:26,theft-from-vehicle,medium,41.889804,-87.571014
INC-005344,2025-12-27T19:52:54,theft-from-vehicle,medium,40.610503,-73.948765
INC-005345,2024-05-31T03:20:25,vehicle-theft,medium,34.073657,-118.332779
INC-005346,2026-01-01T09:23:19,theft-from-vehicle,low,40.738458,-74.085048
INC-005347,2024-11-22T23:43:20,fraud,low,37.609515,-122.396329
INC-005348,2025-07-24T01:13:00,assault,low,34.079118,-118.261927
INC-005349,2024-12-06T04:10:59,theft-from-vehicle,medium,25.922594,-80.158291
INC-005350,2026-04-06T02:40:12,burglary,low,34.129861,-118.070824
INC-005351,2024-08-08T03:19:02,drug-violation,medium,39.770874,-105.026431
INC-005352,2025-06-14T15:19:16,other,low,40.608514,-73.933609
INC-005353,2025-10-23T03:07:17,burglary,low,34.015791,-118.219387
INC-005354,2025-12-15T03:28:47,vandalism,low,25.81228,-80.380461
INC-005355,2025-06-16T05:58:39,burglary,medium,37.812725,-122.337193
INC-005356,2024-05-17T17:48:26,fraud,low,37.640239,-122.512198
INC-005357,2025-10-11T09:38:05,theft-from-vehicle,low,41.720782,-87.673711
INC-005358,2024-09-07T22:12:54,vandalism,low,47.575991,-122.402728
INC-005359,2024-09-07T18:26:42,burglary,low,37.688853,-122.416158
INC-005360,2024-07-13T05:24:02,burglary,low,40.772541,-74.104893
INC-005361,2024-05-22T03:55:06,theft-from-vehicle,medium,41.819362,-87.539161
INC-005362,2025-02-17T01:30:42,vehicle-theft,medium,40.785421,-73.885382
INC-005363,2025-02-19T00:47:24,theft-from-vehicle,low,37.67384,-122.503671
INC-005364,2025-07-22T03:07:03,theft-from-vehicle,low,40.719523,-74.176549
INC-005365,2025-02-01T18:07:37,theft-from-vehicle,medium,37.864946,-122.532847
INC-005366,2025-08-02T01:57:41,assault,medium,34.103897,-118.074995
INC-005367,2024-12-13T07:02:39,other,high,40.76258,-73.798343
INC-005368,2024-09-03T10:35:18,vandalism,low,37.771317,-122.498476
INC-005369,2024-07-24T20:28:50,theft-from-vehicle,high,34.219851,-118.174638
INC-005370,2024-07-10T05:40:41,theft-from-vehicle,low,33.99438,-118.11184
INC-005371,2024-07-23T20:41:04,burglary,low,41.836831,-87.501716
INC-005372,2024-08-08T09:02:28,burglary,medium,37.889968,-122.408302
INC-005373,2025-09-11T07:37:47,burglary,medium,25.855058,-80.234302
INC-005374,2024-09-28T00:26:45,fraud,low,34.166661,-118.364997
INC-005375,2024-05-13T22:30:47,robbery,low,34.12542,-118.151918
INC-005376,2026-01-04T04:43:20,burglary,low,37.825247,-122.379726
INC-005377,2024-09-14T22:02:17,other,medium,39.800459,-105.14142
INC-005378,2024-11-04T22:08:49,theft-from-vehicle,low,30.196815,-97.829949
INC-005379,2025-03-03T06:49:31,other,medium,30.299921,-97.701914
INC-005380,2026-03-03T19:19:45,drug-violation,low,33.910381,-118.25198
INC-005381,2026-04-15T20:12:56,burglary,high,47.597615,-122.261969
INC-005382,2025-05-29T05:45:49,theft-from-vehicle,low,47.746891,-122.409987
INC-005383,2026-04-27T11:37:31,vandalism,low,30.173525,-97.854077
INC-005384,2025-07-08T21:09:41,vehicle-theft,low,41.89984,-87.802925
INC-005385,2025-10-25T07:48:50,drug-violation,low,40.69409,-74.22657
INC-005386,2025-06-05T08:41:41,vehicle-theft,low,37.922546,-122.384602
INC-005387,2026-01-01T20:50:31,burglary,low,30.140952,-97.623432
INC-005388,2025-07-21T21:59:16,burglary,low,37.801921,-122.281894
INC-005389,2025-01-17T13:36:56,robbery,low,37.85123,-122.533278
INC-005390,2025-06-22T05:09:22,burglary,low,37.718707,-122.218528
INC-005391,2025-09-24T23:53:57,theft-from-vehicle,medium,40.666561,-74.127952
INC-005392,2026-03-13T02:00:28,vandalism,high,40.648608,-73.78683
INC-005393,2025-09-30T11:51:58,burglary,low,30.169728,-97.764318
INC-005394,2025-09-17T15:26:03,drug-violation,medium,37.912889,-122.390393
INC-005395,2026-02-10T20:29:35,burglary,medium,37.815036,-122.59077
INC-005396,2025-02-21T05:42:10,assault,low,34.149532,-118.376881
INC-005397,2025-10-26T17:52:08,vehicle-theft,low,47.549101,-122.209775
INC-005398,2025-07-07T00:43:40,fraud,high,40.716789,-74.027745
INC-005399,2025-02-26T16:28:23,robbery,low,39.687643,-105.201608
INC-005400,2024-10-04T10:30:22,vandalism,medium,40.658442,-73.790601
INC-005401,2025-12-22T23:48:36,burglary,low,40.58321,-74.133578
INC-005402,2024-10-20T04:51:19,robbery,low,34.141302,-118.280521
INC-005403,2025-03-12T04:24:49,other,low,39.754079,-105.187367
INC-005404,2024-12-23T07:46:39,burglary,medium,30.282291,-97.605815
INC-005405,2025-03-20T20:30:44,theft-from-vehicle,low,47.484844,-122.265805
INC-005406,2024-07-15T03:52:12,vehicle-theft,medium,33.934865,-118.089114
INC-005407,2025-10-21T22:03:45,theft-from-vehicle,medium,39.845212,-104.889245
INC-005408,2024-08-29T04:53:07,burglary,low,33.895453,-118.319276
INC-005409,2026-01-01T15:46:47,theft-from-vehicle,medium,33.995565,-118.429431
INC-005410,2024-10-23T18:46:41,vehicle-theft,medium,25.594163,-80.139754
INC-005411,2026-01-15T02:57:05,burglary,low,33.911286,-118.139496
INC-005412,2026-03-24T09:53:05,drug-violation,low,33.986439,-118.351467
INC-005413,2024-11-18T17:28:42,other,low,37.734913,-122.449123
INC-005414,2024-11-08T22:21:30,vandalism,low,47.478328,-122.301736
INC-005415,2025-01-30T20:10:04,theft-from-vehicle,medium,30.363684,-97.60612
INC-005416,2024-06-04T16:07:37,drug-violation,low,40.582695,-74.155215
INC-005417,2026-04-30T06:25:18,theft-from-vehicle,medium,37.65166,-122.575762
INC-005418,2024-07-18T09:37:54,assault,medium,30.314063,-97.597935
INC-005419,2025-10-05T06:16:42,theft-from-vehicle,low,41.759841,-87.506384
INC-005420,2025-06-20T00:44:38,assault,medium,41.848802,-87.667697
INC-005421,2024-05-09T22:51:58,vehicle-theft,low,37.691581,-122.345203
INC-005422,2026-04-28T12:09:06,vandalism,medium,37.822512,-122.202807
INC-005423,2026-03-20T05:21:30,assault,medium,30.31971,-97.628198
INC-005424,2024-06-05T04:12:48,theft-from-vehicle,low,34.095963,-118.395363
INC-005425,2025-04-11T02:27:10,burglary,medium,33.908243,-118.159517
INC-005426,2025-01-25T06:21:43,vehicle-theft,medium,47.616695,-122.125446
INC-005427,2026-04-07T08:18:12,drug-violation,medium,37.836393,-122.209178
INC-005428,2024-08-28T12:46:33,other,medium,25.881733,-80.148749
INC-005429,2025-06-20T13:15:20,vandalism,low,25.6935,-80.224227
INC-005430,2025-11-07T08:00:17,burglary,medium,25.798234,-80.142037
INC-005431,2026-01-28T07:01:31,burglary,low,30.329578,-97.660204
INC-005432,2024-06-04T10:06:04,burglary,low,37.755154,-122.307617
INC-005433,2026-03-18T04:29:01,theft-from-vehicle,low,25.782828,-80.008907
INC-005434,2025-10-19T19:35:49,theft-from-vehicle,low,37.809983,-122.631701
INC-005435,2026-04-18T03:12:49,vandalism,high,47.650133,-122.578997
INC-005436,2025-10-03T16:59:59,vehicle-theft,high,34.094474,-118.395542
INC-005437,2025-01-26T03:21:32,theft-from-vehicle,medium,25.699428,-80.374131
INC-005438,2024-08-29T05:45:46,theft-from-vehicle,low,37.873954,-122.426209
INC-005439,2026-02-28T19:40:32,vandalism,medium,47.688264,-122.463707
INC-005440,2025-11-22T05:03:37,assault,medium,37.802119,-122.360939
INC-005441,2024-11-10T17:03:07,robbery,medium,33.991282,-118.257825
INC-005442,2024-10-14T08:29:58,assault,medium,47.530245,-122.296302
INC-005443,2024-09-30T15:43:29,vandalism,medium,39.827576,-105.075193
INC-005444,2024-11-30T02:08:40,theft-from-vehicle,low,40.731207,-73.974075
INC-005445,2024-06-25T12:23:52,other,low,25.67911,-80.06348
INC-005446,2026-01-21T14:24:21,theft-from-vehicle,high,34.061928,-118.319058
INC-005447,2024-06-06T00:32:20,burglary,low,41.823987,-87.728617
INC-005448,2025-11-26T04:16:54,theft-from-vehicle,medium,40.751653,-74.068794
INC-005449,2024-11-12T19:50:21,other,low,37.671456,-122.584253
INC-005450,2026-02-12T09:43:29,vandalism,high,47.736179,-122.37362
INC-005451,2024-05-17T23:10:06,vandalism,low,34.192381,-118.257853
INC-005452,2024-07-29T12:54:29,vehicle-theft,high,33.915796,-118.275883
INC-005453,2026-04-19T07:27:36,fraud,low,37.696828,-122.322229
INC-005454,2024-11-21T01:34:50,theft-from-vehicle,low,33.918146,-118.152386
INC-005455,2025-01-29T16:50:45,burglary,high,25.681216,-80.184747
INC-005456,2025-04-18T23:22:45,burglary,low,30.146842,-97.648011
INC-005457,2025-01-15T07:45:24,vandalism,low,30.25487,-97.565203
INC-005458,2024-07-04T11:59:30,vandalism,low,34.174105,-118.398763
INC-005459,2025-11-19T22:46:11,theft-from-vehicle,medium,25.866567,-80.240287
INC-005460,2025-07-15T03:50:25,fraud,medium,47.635986,-122.163366
INC-005461,2025-11-27T09:35:24,assault,low,40.688862,-74.036214
INC-005462,2024-07-08T10:43:50,fraud,high,25.734499,-80.131107
INC-005463,2026-02-05T00:36:17,vandalism,medium,33.932433,-118.356206
INC-005464,2025-08-01T23:02:03,theft-from-vehicle,high,40.837938,-73.967936
INC-005465,2024-05-10T14:39:59,vehicle-theft,low,41.999778,-87.564273
INC-005466,2024-06-21T23:38:09,theft-from-vehicle,low,37.90797,-122.432071
INC-005467,2025-08-09T10:34:03,robbery,low,25.756699,-80.285283
INC-005468,2025-06-22T10:15:21,vandalism,medium,40.611496,-74.07553
INC-005469,2024-07-05T12:44:49,vandalism,medium,34.201326,-118.199577
INC-005470,2025-05-17T13:42:58,assault,low,41.859982,-87.815951
INC-005471,2025-11-01T06:29:44,vandalism,low,37.8134,-122.612271
INC-005472,2024-09-27T04:57:59,vehicle-theft,low,47.558181,-122.097856
INC-005473,2025-03-30T03:24:08,vandalism,low,34.129456,-118.299746
INC-005474,2024-05-27T08:25:15,assault,low,25.886416,-80.156632
INC-005475,2026-01-18T01:40:58,theft-from-vehicle,medium,37.740731,-122.269184
INC-005476,2024-09-21T21:28:13,other,low,41.84911,-87.683443
INC-005477,2025-03-16T21:04:39,drug-violation,medium,30.337562,-97.75461
INC-005478,2024-08-08T00:44:10,theft-from-vehicle,medium,37.740825,-122.642333
INC-005479,2026-01-29T01:47:21,burglary,medium,37.662721,-122.2595
INC-005480,2024-10-15T04:51:08,theft-from-vehicle,high,37.919405,-122.365173
INC-005481,2025-08-29T20:05:58,drug-violation,low,30.289568,-97.906545
INC-005482,2025-05-02T18:05:04,drug-violation,medium,42.032015,-87.723871
INC-005483,2026-01-21T21:14:29,assault,low,47.702345,-122.148573
INC-005484,2025-08-18T17:32:26,assault,medium,39.898079,-104.892034
INC-005485,2025-11-14T01:16:22,burglary,low,33.887959,-118.329873
INC-005486,2025-08-17T14:11:31,other,medium,30.277065,-97.75212
INC-005487,2024-08-02T23:28:41,robbery,high,34.14309,-118.101531
INC-005488,2024-05-27T09:32:35,other,low,25.722409,-80.10734
INC-005489,2024-12-18T06:28:30,vandalism,medium,47.655544,-122.502307
INC-005490,2025-09-07T12:44:11,other,low,41.916422,-87.573515
INC-005491,2024-12-03T13:01:29,theft-from-vehicle,low,41.890189,-87.713229
INC-005492,2026-03-13T17:46:37,fraud,low,30.306715,-97.710405
INC-005493,2024-06-25T00:37:10,assault,low,39.654861,-105.118042
INC-005494,2024-10-02T08:49:39,drug-violation,low,40.739128,-73.920469
INC-005495,2024-08-14T18:55:04,vandalism,low,33.8828,-118.305876
INC-005496,2025-03-18T00:53:13,vehicle-theft,medium,37.836054,-122.429246
INC-005497,2026-03-24T20:52:13,assault,low,30.255788,-97.600186
INC-005498,2025-09-14T17:45:12,assault,medium,40.589354,-74.073058
INC-005499,2024-07-24T10:24:45,fraud,medium,39.741722,-104.92897
INC-005500,2025-12-10T00:44:38,drug-violation,low,41.868834,-87.851817
INC-005501,2025-07-28T09:05:41,assault,low,39.741166,-104.827594
INC-005502,2024-06-12T21:33:21,assault,medium,41.836928,-87.819843
INC-005503,2026-01-27T06:06:40,other,low,37.725562,-122.23823
INC-005504,2025-03-30T05:44:05,vehicle-theft,low,37.827691,-122.614663
INC-005505,2025-02-22T02:15:17,robbery,low,41.990633,-87.467475
INC-005506,2024-05-25T04:31:08,burglary,low,47.577885,-122.11736
INC-005507,2024-09-28T02:01:28,theft-from-vehicle,low,40.740266,-74.102566
INC-005508,2024-11-10T09:22:43,assault,low,30.190207,-97.830313
INC-005509,2026-04-21T18:18:57,theft-from-vehicle,low,25.621337,-80.146911
INC-005510,2026-04-11T09:39:33,drug-violation,medium,25.599392,-80.1061
INC-005511,2024-05-04T12:14:49,vandalism,low,30.23558,-97.653374
INC-005512,2024-11-11T10:43:54,robbery,low,30.267841,-97.617051
INC-005513,2025-01-20T23:47:16,other,low,34.12604,-118.416542
INC-005514,2025-04-30T21:01:53,fraud,low,37.894079,-122.539607
INC-005515,2024-10-28T15:32:49,theft-from-vehicle,medium,41.93382,-87.662814
INC-005516,2025-10-04T17:17:09,vandalism,low,37.751088,-122.354639
INC-005517,2025-02-05T22:44:16,drug-violation,low,37.808419,-122.390148
INC-005518,2025-11-05T14:32:52,theft-from-vehicle,low,41.902327,-87.710662
INC-005519,2024-10-10T10:07:11,assault,medium,40.656998,-74.021307
INC-005520,2025-04-11T16:21:58,vehicle-theft,high,40.641884,-74.120649
INC-005521,2025-09-13T08:11:40,robbery,medium,34.007595,-118.252813
INC-005522,2025-12-22T12:41:13,burglary,low,42.034411,-87.747784
INC-005523,2024-10-02T17:53:44,other,low,25.745146,-80.020024
INC-005524,2025-05-06T06:42:02,fraud,high,25.651572,-80.098489
INC-005525,2026-01-03T21:06:50,vandalism,low,33.95686,-118.128238
INC-005526,2024-07-30T02:38:14,theft-from-vehicle,low,47.771545,-122.27721
INC-005527,2024-12-26T22:58:56,robbery,medium,37.857695,-122.233678
INC-005528,2024-06-06T15:28:29,assault,low,40.865488,-73.915636
INC-005529,2024-06-17T03:25:27,theft-from-vehicle,medium,34.020646,-118.183532
INC-005530,2025-01-20T07:43:30,drug-violation,medium,37.836782,-122.417149
INC-005531,2025-07-06T08:58:38,robbery,medium,40.601621,-74.022229
INC-005532,2024-10-14T10:29:34,burglary,high,37.95353,-122.418126
INC-005533,2026-03-27T17:30:53,vehicle-theft,low,30.420004,-97.676665
INC-005534,2025-04-28T03:10:41,assault,medium,30.199706,-97.628378
INC-005535,2025-01-31T10:26:55,assault,medium,30.166452,-97.58683
INC-005536,2024-08-24T05:52:44,vandalism,medium,34.073911,-118.250746
INC-005537,2025-04-11T09:51:25,fraud,low,30.35851,-97.585161
INC-005538,2024-05-02T16:25:22,burglary,low,33.98752,-118.067837
INC-005539,2024-07-16T13:48:23,fraud,medium,39.621239,-104.918666
INC-005540,2025-12-24T18:47:06,robbery,low,25.795376,-80.027164
INC-005541,2025-03-04T17:19:26,assault,low,40.682546,-73.953869
INC-005542,2026-04-11T04:58:25,vandalism,low,25.784063,-80.24581
INC-005543,2025-05-02T12:57:00,drug-violation,low,30.393127,-97.819289
INC-005544,2024-11-20T21:13:50,drug-violation,low,40.759151,-73.875867
INC-005545,2025-09-29T22:10:52,other,medium,37.659887,-122.428387
INC-005546,2025-05-21T10:32:36,theft-from-vehicle,medium,40.774418,-73.834816
INC-005547,2024-07-13T17:33:08,robbery,medium,25.875835,-80.054874
INC-005548,2024-10-03T14:07:07,assault,low,25.814539,-80.306771
INC-005549,2026-04-30T15:16:09,vandalism,low,41.834239,-87.666069
INC-005550,2024-05-26T17:24:22,vandalism,low,40.601719,-73.91688
INC-005551,2024-08-06T14:54:54,vehicle-theft,high,33.93686,-118.40718
INC-005552,2025-01-06T14:56:26,theft-from-vehicle,low,40.633445,-73.969099
INC-005553,2025-08-19T13:22:59,vandalism,low,39.80911,-104.874957
INC-005554,2026-03-24T21:23:33,assault,low,41.831078,-87.841564
INC-005555,2025-05-12T19:05:11,burglary,high,41.847117,-87.502884
INC-005556,2024-08-17T14:44:23,burglary,low,40.748533,-74.165676
INC-005557,2025-12-01T23:18:53,theft-from-vehicle,low,41.746886,-87.649391
INC-005558,2025-07-02T03:41:42,theft-from-vehicle,low,34.163831,-118.126214
INC-005559,2025-03-31T15:27:55,other,medium,37.806528,-122.342966
INC-005560,2025-02-16T09:57:26,theft-from-vehicle,low,25.793886,-80.135971
INC-005561,2025-10-03T15:52:01,theft-from-vehicle,low,41.979494,-87.542893
INC-005562,2025-08-17T02:24:25,theft-from-vehicle,high,25.750782,-80.070896
INC-005563,2024-07-14T01:54:24,theft-from-vehicle,low,47.629646,-122.510589
INC-005564,2024-10-26T09:59:56,robbery,low,47.687017,-122.266125
INC-005565,2025-11-02T11:31:19,burglary,low,25.720279,-80.078814
INC-005566,2026-03-16T13:17:32,theft-from-vehicle,low,25.757412,-80.319688
INC-005567,2024-05-01T20:46:59,assault,low,25.881515,-80.272122
INC-005568,2024-09-09T23:17:20,burglary,low,30.163938,-97.588931
INC-005569,2024-12-05T02:31:21,other,medium,25.747012,-80.27518
INC-005570,2026-02-21T04:15:28,theft-from-vehicle,low,37.689225,-122.470392
INC-005571,2025-07-03T22:51:35,drug-violation,medium,34.104858,-118.354251
INC-005572,2025-12-28T08:31:06,theft-from-vehicle,low,40.583162,-74.061546
INC-005573,2026-03-21T16:19:13,robbery,low,25.58258,-80.197593
INC-005574,2025-04-25T01:59:21,theft-from-vehicle,high,39.841114,-104.906153
INC-005575,2024-07-30T14:03:59,vandalism,low,30.180469,-97.805393
INC-005576,2024-09-25T07:13:41,vandalism,low,25.921737,-80.252618
INC-005577,2026-04-02T22:50:39,theft-from-vehicle,low,40.69438,-73.906154
INC-005578,2024-10-20T02:56:26,assault,medium,33.946307,-118.367613
INC-005579,2025-03-24T19:41:22,theft-from-vehicle,low,47.751471,-122.178784
INC-005580,2025-02-21T16:14:18,robbery,low,34.151556,-118.118028
INC-005581,2024-12-01T14:52:50,fraud,medium,25.68335,-80.065586
INC-005582,2025-08-26T06:18:34,burglary,low,34.115019,-118.435333
INC-005583,2026-03-25T03:53:45,vehicle-theft,medium,37.923335,-122.428182
INC-005584,2024-11-13T21:50:38,drug-violation,medium,37.754894,-122.290073
INC-005585,2026-01-06T02:04:32,theft-from-vehicle,low,37.79434,-122.280977
INC-005586,2025-02-15T21:28:39,burglary,medium,39.807542,-105.043017
INC-005587,2024-10-25T19:42:11,theft-from-vehicle,medium,30.272604,-97.870621
INC-005588,2025-10-30T21:04:58,vehicle-theft,low,25.628127,-80.099522
INC-005589,2024-12-23T02:46:01,other,low,34.158011,-118.262895
INC-005590,2024-08-29T09:27:59,burglary,medium,39.808481,-105.163714
INC-005591,2025-02-08T21:59:59,other,low,47.648452,-122.105441
INC-005592,2024-06-14T08:03:21,burglary,medium,39.701069,-104.869433
INC-005593,2025-05-24T08:37:59,theft-from-vehicle,medium,25.749453,-80.100093
INC-005594,2025-08-19T08:27:02,burglary,medium,37.631071,-122.325342
INC-005595,2026-02-26T06:32:45,theft-from-vehicle,low,30.389019,-97.634433
INC-005596,2025-05-31T15:19:00,burglary,low,25.87051,-80.128494
INC-005597,2024-10-27T13:33:36,drug-violation,low,30.345796,-97.66815
INC-005598,2024-07-12T07:38:26,vandalism,high,37.812478,-122.211567
INC-005599,2024-09-14T21:16:11,vandalism,medium,37.814418,-122.547277
INC-005600,2025-07-15T22:01:05,assault,low,33.999137,-118.106508
INC-005601,2024-07-15T13:54:38,vandalism,low,41.925789,-87.726639
INC-005602,2024-08-07T00:33:34,assault,low,41.773913,-87.624378
INC-005603,2024-08-02T19:26:44,theft-from-vehicle,low,25.761789,-80.152281
INC-005604,2025-07-13T18:10:54,theft-from-vehicle,low,37.891952,-122.495047
INC-005605,2025-02-14T18:02:35,assault,low,40.651856,-74.081464
INC-005606,2025-04-05T00:48:25,robbery,medium,47.635185,-122.468736
INC-005607,2024-11-15T08:36:35,other,low,30.233618,-97.723161
INC-005608,2026-03-09T11:40:33,other,medium,33.969589,-118.284435
INC-005609,2024-10-17T10:53:25,burglary,low,41.834326,-87.619048
INC-005610,2024-11-07T02:59:44,vandalism,medium,25.675933,-80.082564
INC-005611,2025-07-14T16:37:12,vehicle-theft,high,34.140316,-118.255658
INC-005612,2024-05-15T12:10:30,burglary,low,40.725419,-74.104658
INC-005613,2024-11-26T14:37:54,theft-from-vehicle,low,41.82713,-87.455883
INC-005614,2026-01-01T22:50:18,burglary,medium,30.343301,-97.580758
INC-005615,2026-03-22T08:55:27,assault,low,34.005195,-118.269586
INC-005616,2026-04-21T15:18:07,theft-from-vehicle,low,25.738903,-80.218078
INC-005617,2025-05-09T05:18:25,burglary,medium,33.949925,-118.363039
INC-005618,2026-04-10T08:26:08,theft-from-vehicle,medium,47.734525,-122.283118
INC-005619,2025-03-21T15:24:26,burglary,low,41.955568,-87.644439
INC-005620,2024-08-02T19:41:43,burglary,low,37.777868,-122.386371
INC-005621,2025-12-01T00:34:49,vehicle-theft,high,30.127508,-97.676508
INC-005622,2026-03-24T12:19:10,theft-from-vehicle,high,30.182056,-97.847256
INC-005623,2024-09-10T14:44:55,theft-from-vehicle,high,41.822145,-87.756304
INC-005624,2025-04-17T14:46:20,theft-from-vehicle,low,30.173171,-97.898243
INC-005625,2024-10-14T16:23:55,robbery,low,37.854016,-122.279212
INC-005626,2024-12-26T07:39:42,burglary,low,37.662556,-122.337536
INC-005627,2024-06-21T18:51:57,fraud,low,40.697361,-74.158322
INC-005628,2024-06-05T03:08:43,burglary,medium,40.732927,-74.20903
INC-005629,2024-08-25T12:17:26,drug-violation,low,34.010281,-118.118089
INC-005630,2026-04-20T15:21:27,vehicle-theft,low,34.083469,-118.330483
INC-005631,2025-09-13T08:31:36,other,low,41.81922,-87.506433
INC-005632,2024-09-02T12:46:01,fraud,low,37.803278,-122.405194
INC-005633,2025-04-16T06:56:19,theft-from-vehicle,high,40.708313,-74.195333
INC-005634,2025-03-12T10:51:52,vandalism,low,30.389103,-97.603656
INC-005635,2025-02-11T17:25:50,theft-from-vehicle,low,39.662167,-105.114913
INC-005636,2025-09-18T16:34:11,theft-from-vehicle,high,41.706483,-87.596165
INC-005637,2024-06-26T21:39:49,theft-from-vehicle,medium,33.920918,-118.339317
INC-005638,2026-01-17T19:25:39,other,low,34.19383,-118.222063
INC-005639,2024-09-28T17:16:01,vandalism,medium,47.687893,-122.39806
INC-005640,2024-10-09T16:15:20,fraud,medium,34.128637,-118.374043
INC-005641,2025-03-04T10:40:41,assault,low,41.911213,-87.716819
INC-005642,2025-05-05T02:30:03,burglary,medium,47.510631,-122.489741
INC-005643,2024-12-14T03:03:02,fraud,medium,47.511903,-122.483324
INC-005644,2025-07-07T02:41:36,theft-from-vehicle,medium,40.846579,-74.143608
INC-005645,2025-04-02T14:17:18,theft-from-vehicle,low,47.739554,-122.253518
INC-005646,2025-01-25T07:18:02,burglary,medium,37.679362,-122.257561
INC-005647,2026-04-03T05:58:13,vandalism,low,30.43203,-97.680084
INC-005648,2025-11-04T10:43:40,assault,low,39.640777,-104.951774
INC-005649,2026-01-25T02:17:59,vandalism,low,41.80165,-87.785448
INC-005650,2024-10-27T11:23:50,robbery,low,25.680163,-80.36079
INC-005651,2025-03-06T12:33:57,theft-from-vehicle,low,30.233901,-97.653831
INC-005652,2025-02-08T06:34:59,theft-from-vehicle,low,41.948964,-87.627799
INC-005653,2024-05-28T16:41:01,vehicle-theft,high,39.67552,-105.176823
INC-005654,2025-09-14T21:05:30,vandalism,low,40.848129,-73.993892
INC-005655,2025-03-20T04:51:36,assault,low,25.632597,-80.16251
INC-005656,2024-10-26T16:02:29,vandalism,low,30.220259,-97.785234
INC-005657,2025-11-17T11:46:03,theft-from-vehicle,low,25.738228,-80.374242
INC-005658,2026-03-06T08:03:02,burglary,medium,33.893941,-118.220763
INC-005659,2025-02-06T22:09:06,theft-from-vehicle,low,37.803526,-122.33641
INC-005660,2025-12-06T15:49:56,vandalism,medium,34.187225,-118.357628
INC-005661,2024-09-02T19:46:42,theft-from-vehicle,high,40.783208,-74.039757
INC-005662,2025-05-21T22:51:11,theft-from-vehicle,medium,34.033294,-118.254145
INC-005663,2025-04-14T03:27:49,vandalism,medium,47.441291,-122.384612
INC-005664,2024-07-15T15:56:37,assault,low,25.885254,-80.127552
INC-005665,2026-04-25T02:20:45,theft-from-vehicle,medium,33.976308,-118.375844
INC-005666,2025-01-15T08:03:35,burglary,medium,37.635991,-122.389342
INC-005667,2025-04-07T06:11:17,theft-from-vehicle,medium,37.877445,-122.581801
INC-005668,2024-10-01T12:01:05,vehicle-theft,low,37.717369,-122.241448
INC-005669,2025-09-30T11:06:57,fraud,low,34.042975,-118.068703
INC-005670,2024-10-21T00:00:42,theft-from-vehicle,high,37.925587,-122.323118
INC-005671,2026-02-07T03:58:15,robbery,medium,39.758549,-104.917376
INC-005672,2026-04-04T11:58:29,burglary,low,34.080392,-118.260873
INC-005673,2024-06-01T17:58:36,fraud,low,39.67066,-104.871759
INC-005674,2024-08-11T09:18:45,theft-from-vehicle,high,25.768265,-80.369486
INC-005675,2025-03-06T11:13:00,vandalism,low,37.924588,-122.320912
INC-005676,2024-11-18T08:35:21,vandalism,low,40.726388,-73.829357
INC-005677,2024-05-28T00:29:01,robbery,medium,39.806597,-104.912954
INC-005678,2026-01-31T05:43:09,assault,medium,40.839943,-73.865539
INC-005679,2024-09-16T17:05:09,vehicle-theft,medium,34.060393,-118.414988
INC-005680,2026-03-21T00:36:55,assault,medium,39.802653,-105.097184
INC-005681,2024-09-06T07:24:52,theft-from-vehicle,low,40.576139,-74.00366
INC-005682,2024-06-09T13:22:42,theft-from-vehicle,low,25.883936,-80.169199
INC-005683,2024-07-14T12:16:56,theft-from-vehicle,medium,25.654208,-80.211713
INC-005684,2024-06-21T23:04:27,burglary,low,41.995754,-87.624452
INC-005685,2025-11-02T13:07:23,robbery,medium,37.917592,-122.459987
INC-005686,2025-09-25T17:42:08,vandalism,low,37.81177,-122.411186
INC-005687,2026-02-10T11:28:02,burglary,low,34.082201,-118.05134
INC-005688,2025-01-26T10:25:04,fraud,low,40.601108,-74.146414
INC-005689,2025-01-25T10:29:11,vandalism,low,37.874151,-122.350747
INC-005690,2026-01-28T18:26:28,robbery,low,37.709112,-122.354331
INC-005691,2025-11-23T04:09:09,theft-from-vehicle,low,41.75475,-87.751609
INC-005692,2024-09-21T19:49:55,theft-from-vehicle,medium,47.455729,-122.27237
INC-005693,2025-07-14T21:37:13,burglary,low,47.492621,-122.134677
INC-005694,2025-12-09T01:41:29,theft-from-vehicle,medium,40.821189,-73.972901
INC-005695,2024-08-09T08:47:31,fraud,low,47.772931,-122.394421
INC-005696,2025-10-02T05:39:20,vandalism,low,25.637392,-80.10892
INC-005697,2025-05-21T21:57:41,assault,medium,37.709216,-122.46173
INC-005698,2025-01-21T22:59:05,theft-from-vehicle,low,37.669313,-122.567815
INC-005699,2024-07-30T01:15:48,theft-from-vehicle,low,40.569929,-73.900066
INC-005700,2024-05-26T07:38:07,theft-from-vehicle,low,30.185559,-97.823355
INC-005701,2025-08-25T09:59:24,vehicle-theft,high,34.157514,-118.258326
INC-005702,2025-06-23T11:39:09,burglary,low,37.852407,-122.512347
INC-005703,2025-08-17T22:57:03,theft-from-vehicle,medium,41.931535,-87.498155
INC-005704,2024-09-20T12:24:22,theft-from-vehicle,medium,33.970894,-118.169214
INC-005705,2025-01-15T17:23:25,drug-violation,low,25.709066,-80.267294
INC-005706,2025-03-13T16:29:18,robbery,low,34.231461,-118.251925
INC-005707,2025-01-22T11:06:58,theft-from-vehicle,low,34.163734,-118.077543
INC-005708,2025-05-27T22:29:46,theft-from-vehicle,medium,37.91308,-122.388188
INC-005709,2025-03-02T19:12:37,burglary,low,30.306857,-97.817318
INC-005710,2025-05-09T15:58:00,theft-from-vehicle,low,37.762002,-122.432596
INC-005711,2024-08-14T06:18:19,vandalism,high,37.778308,-122.541947
INC-005712,2026-01-06T08:18:52,theft-from-vehicle,medium,41.959294,-87.75363
INC-005713,2024-05-08T13:10:51,assault,low,37.668847,-122.372694
INC-005714,2025-01-20T22:25:48,assault,low,40.823975,-73.957852
INC-005715,2026-03-08T20:20:39,vehicle-theft,medium,30.377656,-97.673404
INC-005716,2025-06-24T04:42:53,theft-from-vehicle,low,40.723321,-74.062624
INC-005717,2025-07-08T13:22:26,burglary,low,40.580386,-73.88442
INC-005718,2024-12-16T21:52:15,assault,low,37.631547,-122.395526
INC-005719,2025-09-19T13:31:53,theft-from-vehicle,low,37.879318,-122.552551
INC-005720,2024-06-02T23:46:12,robbery,medium,41.969257,-87.533812
INC-005721,2025-04-02T13:27:42,robbery,low,33.953005,-118.170121
INC-005722,2025-07-21T03:17:11,assault,low,34.06355,-118.394618
INC-005723,2025-10-22T00:18:43,drug-violation,medium,37.684985,-122.558343
INC-005724,2024-11-17T07:08:06,theft-from-vehicle,low,25.591119,-80.148707
INC-005725,2025-12-23T12:04:11,fraud,medium,30.200121,-97.690763
INC-005726,2025-11-21T02:36:10,theft-from-vehicle,medium,37.73058,-122.200547
INC-005727,2025-11-30T17:09:22,robbery,high,30.25949,-97.851263
INC-005728,2024-05-30T05:14:21,theft-from-vehicle,low,40.809044,-74.177864
INC-005729,2025-06-04T18:19:28,vehicle-theft,medium,39.729688,-104.98508
INC-005730,2025-05-09T17:15:38,theft-from-vehicle,medium,37.785724,-122.582468
INC-005731,2024-09-28T11:39:42,theft-from-vehicle,low,47.58205,-122.073624
INC-005732,2026-02-26T04:11:58,assault,low,34.071604,-118.339902
INC-005733,2024-10-06T19:53:17,drug-violation,low,25.89298,-80.306747
INC-005734,2024-09-06T02:49:56,theft-from-vehicle,low,40.589984,-74.1717
INC-005735,2025-08-13T20:47:37,burglary,medium,30.36187,-97.830745
INC-005736,2025-05-10T22:24:42,vandalism,low,33.959866,-118.416974
INC-005737,2026-02-09T03:41:11,drug-violation,low,40.698519,-73.93824
INC-005738,2024-11-25T17:07:43,fraud,low,37.768228,-122.356028
INC-005739,2025-04-24T10:35:54,burglary,medium,47.654627,-122.437222
INC-005740,2026-03-19T14:03:24,burglary,low,37.69702,-122.463132
INC-005741,2025-04-09T07:56:54,burglary,medium,25.701036,-80.312338
INC-005742,2025-03-05T19:37:27,vandalism,low,37.730682,-122.258713
INC-005743,2025-11-01T15:39:45,burglary,high,34.056179,-118.384959
INC-005744,2025-07-19T05:53:53,assault,low,33.941234,-118.08876
INC-005745,2025-03-01T01:18:22,theft-from-vehicle,low,25.784443,-80.024931
INC-005746,2026-02-20T01:46:49,burglary,high,30.277694,-97.546317
INC-005747,2026-01-19T16:20:21,vandalism,low,41.731973,-87.668378
INC-005748,2025-08-18T18:10:48,theft-from-vehicle,medium,39.639949,-104.958224
INC-005749,2026-01-05T15:10:55,other,low,34.023414,-118.059471
INC-005750,2025-01-01T17:28:36,vandalism,high,37.778497,-122.340832
INC-005751,2025-07-04T13:44:23,theft-from-vehicle,medium,37.675176,-122.528061
INC-005752,2026-04-21T01:28:02,theft-from-vehicle,medium,41.901205,-87.632041
INC-005753,2025-11-01T08:02:53,theft-from-vehicle,medium,25.773818,-80.128535
INC-005754,2024-10-18T07:57:30,theft-from-vehicle,low,30.162549,-97.850887
INC-005755,2025-07-23T02:40:02,burglary,low,34.055522,-118.060497
INC-005756,2024-08-09T22:41:44,burglary,high,41.727805,-87.51074
INC-005757,2026-02-14T23:20:24,fraud,medium,37.646813,-122.548098
INC-005758,2025-10-21T22:47:37,theft-from-vehicle,medium,33.984082,-118.165695
INC-005759,2025-12-16T21:31:41,vandalism,high,34.17197,-118.222981
INC-005760,2025-11-01T07:05:04,other,low,30.251027,-97.657605
INC-005761,2024-11-30T16:54:07,vandalism,low,39.588354,-104.920512
INC-005762,2024-06-28T04:41:10,fraud,low,40.756783,-74.164477
INC-005763,2024-07-27T06:40:16,theft-from-vehicle,medium,40.751882,-73.880084
INC-005764,2024-10-06T17:03:42,burglary,high,47.663248,-122.290551
INC-005765,2024-05-28T10:47:00,theft-from-vehicle,low,37.665774,-122.419443
INC-005766,2024-07-09T03:24:26,theft-from-vehicle,low,25.877465,-80.128317
INC-005767,2025-09-20T15:57:39,other,medium,25.803925,-80.147305
INC-005768,2025-03-17T10:11:14,theft-from-vehicle,low,25.642216,-80.21078
INC-005769,2025-01-18T11:29:50,assault,low,47.5575,-122.244621
INC-005770,2026-04-06T01:52:18,robbery,medium,33.9832,-118.349281
INC-005771,2024-06-08T17:51:38,theft-from-vehicle,low,47.536227,-122.162669
INC-005772,2024-12-26T17:39:38,burglary,medium,37.824985,-122.63252
INC-005773,2024-07-14T05:05:40,vandalism,medium,39.731598,-104.920609
INC-005774,2025-02-20T05:46:40,assault,medium,30.217454,-97.672665
INC-005775,2025-04-29T22:42:55,burglary,low,30.28811,-97.874081
INC-005776,2026-02-20T02:31:16,assault,low,40.594488,-74.12339
INC-005777,2024-07-12T03:35:07,burglary,low,47.534812,-122.125598
INC-005778,2025-02-27T09:53:46,burglary,low,40.822294,-73.907517
INC-005779,2025-11-15T06:06:54,other,high,30.385505,-97.658568
INC-005780,2026-01-13T07:25:59,robbery,medium,37.704676,-122.443189
INC-005781,2025-08-20T14:13:14,vehicle-theft,medium,40.729959,-74.215051
INC-005782,2025-12-02T05:26:59,theft-from-vehicle,low,47.627359,-122.562661
INC-005783,2025-07-22T02:09:13,vandalism,medium,39.887727,-105.025169
INC-005784,2026-01-16T06:26:10,theft-from-vehicle,low,40.589752,-74.058052
INC-005785,2024-10-18T05:24:48,theft-from-vehicle,low,37.899171,-122.269734
INC-005786,2026-03-26T03:02:05,theft-from-vehicle,medium,39.617824,-105.064179
INC-005787,2024-07-08T20:57:45,theft-from-vehicle,low,37.908761,-122.505541
INC-005788,2024-09-14T05:19:23,assault,medium,41.784615,-87.614757
INC-005789,2024-06-14T15:39:52,theft-from-vehicle,medium,30.170791,-97.847963
INC-005790,2024-11-05T18:59:15,fraud,low,34.086324,-118.257908
INC-005791,2025-11-20T13:55:43,assault,low,47.604494,-122.233566
INC-005792,2025-01-18T07:07:02,fraud,high,41.978514,-87.503237
INC-005793,2024-08-20T15:28:02,drug-violation,low,47.630903,-122.563734
INC-005794,2025-05-23T03:17:31,vehicle-theft,low,33.920456,-118.191337
INC-005795,2026-04-01T03:31:51,theft-from-vehicle,medium,47.517246,-122.16867
INC-005796,2024-11-02T19:52:55,assault,low,34.224229,-118.196658
INC-005797,2024-07-25T16:08:09,assault,low,39.576764,-105.048991
INC-005798,2025-03-04T15:49:55,vandalism,low,37.778924,-122.644605
INC-005799,2026-01-15T06:59:54,assault,high,25.773924,-80.139987
INC-005800,2025-01-11T20:15:34,burglary,low,33.946688,-118.209374
INC-005801,2025-10-23T23:26:34,theft-from-vehicle,low,25.834131,-80.326305
INC-005802,2025-08-25T09:31:51,theft-from-vehicle,high,47.618509,-122.539403
INC-005803,2025-02-01T01:45:11,assault,low,37.674523,-122.568183
INC-005804,2025-05-22T04:22:36,assault,low,37.67543,-122.235654
INC-005805,2024-12-25T21:24:48,theft-from-vehicle,low,25.66991,-80.078095
INC-005806,2024-08-22T18:49:41,assault,low,40.699414,-74.202927
INC-005807,2025-08-24T00:52:21,theft-from-vehicle,medium,34.052524,-118.03839
INC-005808,2024-10-12T00:15:19,assault,low,41.820729,-87.429553
INC-005809,2025-04-02T23:37:49,burglary,low,34.17697,-118.280573
INC-005810,2026-02-01T08:53:56,assault,low,37.889307,-122.372462
INC-005811,2026-02-12T20:40:10,burglary,high,25.908488,-80.114896
INC-005812,2026-03-26T19:24:44,drug-violation,low,25.746328,-80.311597
INC-005813,2025-01-04T18:28:53,burglary,low,41.902039,-87.867284
INC-005814,2024-09-19T06:33:48,theft-from-vehicle,low,47.767321,-122.324156
INC-005815,2025-05-30T11:44:17,other,low,25.792477,-80.227244
INC-005816,2025-02-05T02:15:12,burglary,low,37.700609,-122.417299
INC-005817,2025-10-04T17:40:11,drug-violation,medium,37.739838,-122.615007
INC-005818,2025-03-15T13:55:26,drug-violation,low,34.09019,-118.213848
INC-005819,2024-11-24T06:45:33,drug-violation,medium,34.154034,-118.398892
INC-005820,2025-01-25T17:27:09,drug-violation,medium,34.158979,-118.189741
INC-005821,2025-07-13T03:02:54,assault,medium,41.741021,-87.785702
INC-005822,2026-01-05T23:52:00,vehicle-theft,low,41.946035,-87.437677
INC-005823,2025-08-22T12:31:16,vandalism,low,42.023466,-87.597936
INC-005824,2024-10-17T00:16:55,vandalism,medium,37.669344,-122.317135
INC-005825,2026-04-01T14:39:06,vandalism,low,25.867816,-80.241186
INC-005826,2024-08-15T10:43:14,drug-violation,low,47.693192,-122.30913
INC-005827,2025-07-18T15:01:11,vandalism,low,40.711069,-74.206915
INC-005828,2024-12-22T02:36:30,theft-from-vehicle,medium,37.65466,-122.547876
INC-005829,2024-08-05T14:10:40,vandalism,low,39.835371,-104.901201
INC-005830,2024-09-02T06:19:16,vehicle-theft,low,37.901791,-122.465325
INC-005831,2025-09-16T17:02:25,vandalism,medium,37.883972,-122.330231
INC-005832,2024-12-06T23:52:06,vandalism,low,47.488825,-122.495838
INC-005833,2025-02-28T10:27:24,burglary,medium,47.552324,-122.363736
INC-005834,2024-09-16T11:03:56,vehicle-theft,medium,40.622118,-74.031668
INC-005835,2026-02-23T06:42:44,drug-violation,medium,40.546166,-74.067662
INC-005836,2025-09-15T20:41:00,other,medium,34.17514,-118.373697
INC-005837,2025-10-28T05:15:23,vehicle-theft,low,47.65671,-122.450571
INC-005838,2024-10-17T12:15:50,drug-violation,low,25.668691,-80.219373
INC-005839,2025-04-08T22:40:22,vehicle-theft,low,40.8036,-74.057397
INC-005840,2025-02-26T00:18:07,burglary,medium,34.047722,-118.192888
INC-005841,2025-05-21T21:02:34,vandalism,low,34.063635,-118.295298
INC-005842,2025-02-04T12:41:43,other,high,39.56662,-105.006533
INC-005843,2026-03-05T13:20:06,assault,medium,40.802989,-74.122832
INC-005844,2024-05-29T02:16:45,theft-from-vehicle,medium,47.751192,-122.255106
INC-005845,2025-02-18T16:40:55,vandalism,low,34.027385,-118.298076
INC-005846,2025-01-24T12:07:54,burglary,low,39.712058,-104.783395
INC-005847,2026-03-04T05:55:58,burglary,high,37.878169,-122.305494
INC-005848,2025-06-27T04:08:51,vehicle-theft,medium,30.339995,-97.675358
INC-005849,2025-03-09T12:10:19,burglary,low,34.12946,-118.423599
INC-005850,2024-08-03T02:11:45,burglary,medium,37.756663,-122.357907
INC-005851,2025-05-01T12:20:07,theft-from-vehicle,low,30.216577,-97.752065
INC-005852,2025-04-07T11:51:51,vehicle-theft,low,30.271069,-97.827253
INC-005853,2024-06-23T15:47:40,assault,low,47.717042,-122.230072
INC-005854,2025-04-12T19:19:31,vandalism,low,34.122708,-118.401818
INC-005855,2024-05-23T19:11:47,burglary,low,34.065097,-118.353403
INC-005856,2026-04-14T15:13:31,burglary,high,37.655001,-122.395956
INC-005857,2025-11-21T02:40:53,drug-violation,medium,40.734527,-74.103799
INC-005858,2025-03-17T06:31:31,burglary,low,30.282673,-97.657981
INC-005859,2024-10-13T07:08:40,burglary,high,30.386494,-97.612189
INC-005860,2025-08-05T21:56:58,burglary,low,30.278005,-97.600852
INC-005861,2026-02-06T14:36:43,assault,high,47.768459,-122.244183
INC-005862,2024-09-19T21:43:50,other,medium,34.03102,-118.080205
INC-005863,2026-04-13T21:12:58,vandalism,medium,40.576895,-73.887411
INC-005864,2026-01-01T07:48:06,vandalism,low,40.798679,-74.17303
INC-005865,2025-07-26T10:14:53,vandalism,low,47.753308,-122.326166
INC-005866,2025-02-13T22:30:35,burglary,low,33.957255,-118.252378
INC-005867,2024-10-14T12:44:01,other,medium,34.191513,-118.118185
INC-005868,2025-08-29T20:26:42,burglary,medium,25.760989,-79.994189
INC-005869,2026-04-19T05:37:09,fraud,low,40.759214,-73.789798
INC-005870,2025-02-21T03:54:56,assault,low,39.776049,-105.144926
INC-005871,2026-02-09T08:08:35,burglary,medium,37.694556,-122.289489
INC-005872,2025-04-05T07:33:00,vehicle-theft,medium,30.321803,-97.724663
INC-005873,2025-04-24T23:49:34,drug-violation,low,30.203419,-97.904857
INC-005874,2024-12-17T02:28:32,fraud,low,40.791067,-74.114935
INC-005875,2024-06-23T08:42:21,vehicle-theft,low,37.924351,-122.520789
INC-005876,2024-09-09T23:52:14,theft-from-vehicle,low,25.850771,-80.05792
INC-005877,2024-05-06T08:41:56,burglary,low,25.87168,-80.056711
INC-005878,2025-06-19T17:57:04,burglary,low,47.648942,-122.546138
INC-005879,2025-03-06T16:50:40,theft-from-vehicle,low,41.880746,-87.557564
INC-005880,2025-10-14T15:38:20,vandalism,medium,37.669727,-122.503898
INC-005881,2025-03-23T13:39:56,assault,medium,39.815554,-104.794211
INC-005882,2024-06-20T11:24:23,burglary,low,33.969196,-118.100847
INC-005883,2024-06-30T00:46:39,burglary,medium,41.867187,-87.702479
INC-005884,2025-06-12T05:59:56,vandalism,medium,37.679029,-122.550198
INC-005885,2024-09-26T14:04:42,theft-from-vehicle,medium,41.869421,-87.53884
INC-005886,2026-02-02T00:45:50,burglary,medium,34.200261,-118.24095
INC-005887,2024-09-02T01:03:42,vandalism,low,34.038371,-118.286106
INC-005888,2025-06-01T12:47:05,burglary,low,25.707726,-80.359159
INC-005889,2025-11-30T15:13:04,theft-from-vehicle,medium,40.648188,-74.206485
INC-005890,2024-05-03T10:56:46,other,medium,34.006316,-118.450322
INC-005891,2024-08-25T14:23:32,vandalism,low,34.122729,-118.178634
INC-005892,2025-08-31T02:50:19,fraud,medium,33.901352,-118.248033
INC-005893,2024-12-30T00:54:32,theft-from-vehicle,low,41.933105,-87.772689
INC-005894,2025-06-28T06:46:45,vehicle-theft,medium,41.830538,-87.555127
INC-005895,2025-09-14T05:07:22,theft-from-vehicle,medium,47.52092,-122.408307
INC-005896,2026-02-28T06:08:08,theft-from-vehicle,low,34.219762,-118.232668
INC-005897,2026-04-02T16:18:35,assault,medium,34.042312,-118.311954
INC-005898,2026-02-21T03:41:20,assault,low,41.847818,-87.526496
INC-005899,2025-09-09T00:56:08,vandalism,high,34.153429,-118.179705
INC-005900,2025-09-28T05:42:49,theft-from-vehicle,medium,37.730545,-122.509044
INC-005901,2025-08-18T23:34:28,theft-from-vehicle,medium,37.870888,-122.388321
INC-005902,2024-11-30T20:07:54,vandalism,low,39.845172,-105.003681
INC-005903,2024-09-27T10:30:17,robbery,low,30.19383,-97.610936
INC-005904,2025-04-28T11:59:32,fraud,medium,40.623187,-74.087422
INC-005905,2024-10-29T04:30:03,other,low,37.936026,-122.33676
INC-005906,2026-01-23T07:49:12,burglary,low,30.11861,-97.806817
INC-005907,2025-01-05T09:50:52,vehicle-theft,medium,25.671925,-80.267655
INC-005908,2025-11-28T17:40:43,burglary,high,47.768096,-122.359081
INC-005909,2025-11-09T03:38:30,drug-violation,low,40.762486,-74.217433
INC-005910,2026-02-03T18:49:34,theft-from-vehicle,high,30.240065,-97.580311
INC-005911,2025-03-16T21:18:28,vandalism,medium,30.113599,-97.662389
INC-005912,2025-05-27T06:07:28,burglary,low,40.659473,-73.942358
INC-005913,2026-04-25T19:04:12,burglary,medium,40.543323,-74.064887
INC-005914,2025-03-05T13:21:32,theft-from-vehicle,low,39.633281,-105.046802
INC-005915,2025-02-17T04:57:30,burglary,medium,37.678716,-122.437174
INC-005916,2026-04-26T12:32:19,theft-from-vehicle,medium,39.641025,-105.140408
INC-005917,2024-09-08T11:32:27,vehicle-theft,low,39.720541,-105.218714
INC-005918,2025-08-23T02:56:08,drug-violation,high,34.085847,-118.398768
INC-005919,2025-08-28T12:55:04,vandalism,high,30.392653,-97.845671
INC-005920,2024-12-21T22:09:21,assault,low,47.678614,-122.561777
INC-005921,2025-07-30T10:25:35,theft-from-vehicle,low,40.762615,-73.880336
INC-005922,2025-09-08T20:35:55,assault,low,40.61024,-74.029001
INC-005923,2024-11-17T07:02:58,burglary,low,37.94276,-122.474956
INC-005924,2024-07-28T08:08:32,theft-from-vehicle,low,39.776066,-104.840219
INC-005925,2024-06-23T19:44:34,burglary,low,47.636583,-122.56217
INC-005926,2025-11-28T11:04:37,fraud,medium,47.597842,-122.321672
INC-005927,2024-11-16T05:03:30,theft-from-vehicle,low,40.721294,-73.956736
INC-005928,2025-07-24T08:59:14,robbery,low,37.836675,-122.435563
INC-005929,2024-10-21T11:31:35,vandalism,medium,33.988891,-118.352474
INC-005930,2024-12-05T06:49:31,vehicle-theft,low,34.18604,-118.311043
INC-005931,2024-06-05T11:49:26,other,medium,37.858467,-122.316935
INC-005932,2024-10-05T23:00:06,theft-from-vehicle,low,41.872261,-87.867085
INC-005933,2025-10-12T16:38:23,theft-from-vehicle,medium,30.170529,-97.699386
INC-005934,2025-08-11T17:25:26,theft-from-vehicle,low,47.589837,-122.103124
INC-005935,2025-02-21T02:57:40,burglary,high,40.625203,-74.110919
INC-005936,2024-07-10T02:50:45,burglary,medium,47.463083,-122.485144
INC-005937,2024-05-21T16:58:24,other,low,40.742204,-74.003439
INC-005938,2024-06-15T23:34:08,drug-violation,medium,25.593519,-80.191469
INC-005939,2025-03-07T12:57:51,burglary,low,41.895613,-87.460507
INC-005940,2025-09-02T09:01:12,theft-from-vehicle,medium,42.05629,-87.657187
INC-005941,2025-12-20T07:58:17,assault,medium,33.899257,-118.254185
INC-005942,2024-09-01T17:09:05,drug-violation,low,34.067619,-118.085091
INC-005943,2024-11-20T11:07:29,theft-from-vehicle,medium,37.732751,-122.514513
INC-005944,2026-04-12T21:06:36,burglary,low,37.781499,-122.279283
INC-005945,2026-02-24T07:04:52,burglary,low,40.626049,-74.081527
INC-005946,2024-12-04T11:46:47,burglary,medium,34.04092,-118.06911
INC-005947,2026-04-10T02:07:32,theft-from-vehicle,medium,42.025903,-87.509094
INC-005948,2025-10-15T16:01:02,robbery,medium,34.054345,-118.121096
INC-005949,2025-09-16T15:28:22,burglary,medium,40.660526,-73.866414
INC-005950,2024-06-08T06:59:16,vehicle-theft,low,39.721697,-104.828501
INC-005951,2025-01-23T10:31:43,assault,low,30.290151,-97.805439
INC-005952,2025-11-27T22:07:01,vehicle-theft,low,41.756501,-87.643551
INC-005953,2025-03-23T09:51:19,theft-from-vehicle,low,25.732734,-80.00214
INC-005954,2025-12-12T07:55:45,vandalism,medium,39.909472,-104.998964
INC-005955,2025-08-04T22:34:17,robbery,medium,37.919246,-122.482999
INC-005956,2025-07-19T07:43:53,assault,low,41.742663,-87.531564
INC-005957,2025-02-23T15:39:48,robbery,low,34.055844,-118.204726
INC-005958,2026-02-19T15:15:11,burglary,low,30.291381,-97.941616
INC-005959,2024-06-29T00:10:01,other,low,25.680605,-80.201237
INC-005960,2025-05-03T06:59:12,burglary,low,39.793674,-105.195344
INC-005961,2024-12-11T09:20:48,other,low,37.722093,-122.256512
INC-005962,2025-01-29T19:11:00,other,low,40.587033,-74.079715
INC-005963,2025-11-09T00:01:55,vehicle-theft,low,40.775889,-74.205108
INC-005964,2025-09-13T16:59:23,burglary,low,40.641952,-74.007121
INC-005965,2024-07-28T10:17:30,assault,high,41.955523,-87.487642
INC-005966,2024-07-30T11:33:26,assault,high,30.36465,-97.595319
INC-005967,2025-01-15T10:28:52,burglary,low,34.116766,-118.383498
INC-005968,2025-06-23T04:27:29,burglary,low,33.912164,-118.151031
INC-005969,2026-03-16T18:51:02,drug-violation,low,41.833688,-87.517672
INC-005970,2024-06-21T15:43:24,theft-from-vehicle,low,39.651276,-104.800826
INC-005971,2026-04-14T22:41:52,vandalism,high,40.840196,-74.128701
INC-005972,2024-08-02T03:44:42,vehicle-theft,low,34.148753,-118.257138
INC-005973,2024-07-19T14:17:37,assault,low,40.553015,-73.967059
INC-005974,2024-08-17T17:10:40,burglary,low,25.748071,-80.220582
INC-005975,2025-02-22T18:15:35,theft-from-vehicle,low,37.921277,-122.373649
INC-005976,2025-05-02T10:30:02,burglary,low,41.780948,-87.558543
INC-005977,2025-11-10T19:25:44,burglary,medium,34.081314,-118.423159
INC-005978,2025-06-03T13:52:34,vandalism,medium,33.885977,-118.320357
INC-005979,2025-01-29T11:55:45,burglary,low,33.993284,-118.391829
INC-005980,2025-08-04T01:17:40,theft-from-vehicle,high,30.22971,-97.643395
INC-005981,2024-10-07T13:58:20,drug-violation,medium,33.991158,-118.07778
INC-005982,2025-02-25T00:12:46,drug-violation,medium,33.954866,-118.175722
INC-005983,2025-06-11T00:37:46,burglary,high,34.168258,-118.227917
INC-005984,2024-10-09T04:34:16,theft-from-vehicle,low,33.977788,-118.051595
INC-005985,2026-01-13T20:15:25,assault,low,30.243763,-97.707742
INC-005986,2026-02-24T22:27:07,vandalism,medium,47.435347,-122.322172
INC-005987,2024-06-25T22:50:54,other,low,37.808305,-122.350856
INC-005988,2024-12-15T04:53:52,burglary,medium,40.82471,-74.086271
INC-005989,2024-12-09T01:04:54,burglary,low,41.819475,-87.421643
INC-005990,2025-12-24T04:22:32,theft-from-vehicle,low,40.826346,-74.120773
INC-005991,2025-03-10T10:40:09,burglary,high,41.908552,-87.732532
INC-005992,2024-11-28T20:29:41,theft-from-vehicle,medium,30.096727,-97.691012
INC-005993,2024-11-06T23:08:31,drug-violation,medium,40.701988,-73.882937
INC-005994,2025-10-31T11:27:32,fraud,low,25.730409,-80.113587
INC-005995,2026-01-07T18:21:21,burglary,medium,47.516763,-122.10831
INC-005996,2025-07-04T22:35:28,assault,medium,34.128083,-118.22158
INC-005997,2025-07-21T12:12:15,vandalism,medium,41.816128,-87.447215
INC-005998,2026-04-19T20:08:04,fraud,low,41.787843,-87.619893
INC-005999,2025-10-25T14:46:10,theft-from-vehicle,medium,37.712789,-122.60106
INC-006000,2025-03-18T10:51:39,drug-violation,medium,30.416743,-97.824014
